TransactionID,Date,ProductName,Category,Region,SalesChannel,Quantity,UnitPrice,TotalAmount,PaymentMode,CustomerID
TXN005137,10/1/2024,Power Bank 10000mAh,Electronics,North,Online,1,711.59,711.59,UPI,CUST0622
TXN004280,10/1/2024,LED TV 32in,Electronics,East,Online,4,9611.53,38446.12,Net Banking,CUST0811
TXN005424,10/1/2024,Shampoo 400ml,Beauty & Personal Care,South,Online,4,184.98,739.92,UPI,CUST0326
TXN001375,10/1/2024,Toor Dal 1kg,Grocery,South,Online,2,118.03,236.06,Cash,CUST0845
TXN002492,10/1/2024,Wheat Flour 5kg,Grocery,North,Online,2,306.64,613.28,Net Banking,CUST0800
TXN001006,10/1/2024,Shampoo 400ml,Beauty & Personal Care,South,Online,4,324.56,1298.24,Cash,CUST0193
TXN001349,10/1/2024,Basmati Rice 5kg,Grocery,East,Offline,1,515.84,515.84,Credit Card,CUST0523
TXN002482,10/1/2024,Formal Shirt,Clothing,West,Online,1,1077.16,1077.16,Cash,CUST0397
TXN000563,10/1/2024,Hair Oil,Beauty & Personal Care,South,Online,4,234.82,939.28,UPI,CUST0105
TXN001503,10/1/2024,Smartwatch,Electronics,South,Online,1,2492.24,2492.24,UPI,CUST0384
TXN000421,10/1/2024,Non-Stick Pan,Home & Kitchen,East,Online,1,486.43,486.43,Credit Card,CUST0236
TXN001713,10/1/2024,Basmati Rice 5kg,Grocery,South,Online,2,383.42,766.84,UPI,CUST0234
TXN004441,10/1/2024,Perfume 100ml,Beauty & Personal Care,East,Online,2,906.52,1813.04,Credit Card,CUST0721
TXN005098,10/1/2024,Non-Stick Pan,Home & Kitchen,North,Offline,1,809,809,Net Banking,CUST0679
TXN005683,10/1/2024,Men's T-Shirt,Clothing,South,Offline,3,389.9,1169.7,UPI,CUST0654
TXN004951,10/1/2024,Perfume 100ml,Beauty & Personal Care,East,Offline,3,887.37,2662.11,Cash,CUST0155
TXN004806,10/1/2024,Face Wash,Beauty & Personal Care,East,Offline,1,161.41,161.41,UPI,CUST0248
TXN000114,10/2/2024,Wireless Earbuds,Electronics,South,Offline,3,1728.24,5184.72,Credit Card,CUST0039
TXN005478,10/2/2024,Basmati Rice 5kg,Grocery,West,Online,1,394.51,394.51,Credit Card,CUST0737
TXN002077,10/2/2024,LED Bulb Pack,Home & Kitchen,North,Offline,5,376.98,1884.9,UPI,CUST0749
TXN003030,10/2/2024,Pressure Cooker,Home & Kitchen,East,Offline,4,1766.52,7066.08,Cash,CUST0117
TXN003858,10/2/2024,LED TV 32in,Electronics,East,Online,3,12702.63,38107.89,Credit Card,CUST0689
TXN004093,10/2/2024,Perfume 100ml,Beauty & Personal Care,South,Offline,2,831.37,1662.74,UPI,CUST0311
TXN003700,10/2/2024,Sunscreen SPF50,Beauty & Personal Care,North,Online,1,504.3,504.3,Credit Card,CUST0249
TXN001128,10/2/2024,Toor Dal 1kg,Grocery,West,Offline,4,166.44,665.76,Net Banking,CUST0877
TXN005882,10/2/2024,Men's T-Shirt,Clothing,East,Offline,3,809.19,2427.57,Credit Card,CUST0442
TXN005857,10/2/2024,Wheat Flour 5kg,Grocery,South,Online,3,296.05,888.15,Credit Card,CUST0746
TXN002817,10/2/2024,Body Lotion,Beauty & Personal Care,East,Offline,2,320.54,641.08,UPI,CUST0309
TXN004238,10/2/2024,Smartwatch,Electronics,West,Online,3,3489.31,10467.93,Net Banking,CUST0075
TXN003395,10/2/2024,Basmati Rice 5kg,Grocery,East,Online,2,405.89,811.78,Credit Card,CUST0367
TXN002513,10/2/2024,Sunscreen SPF50,Beauty & Personal Care,North,Online,2,627.81,1255.62,UPI,CUST0024
TXN001985,10/2/2024,Perfume 100ml,Beauty & Personal Care,West,Offline,1,1515.24,1515.24,Credit Card,CUST0068
TXN001977,10/2/2024,Sugar 1kg,Grocery,North,Offline,1,42.43,42.43,Credit Card,CUST0449
TXN005013,10/2/2024,LED TV 32in,Electronics,North,Online,1,14003.01,14003.01,Credit Card,CUST0619
TXN002834,10/3/2024,Kids Hoodie,Clothing,East,Offline,3,660,1980,Credit Card,CUST0454
TXN003222,10/3/2024,Formal Shirt,Clothing,East,Online,2,1590.52,3181.04,UPI,CUST0474
TXN002405,10/3/2024,Wireless Earbuds,Electronics,South,Online,2,2415.38,4830.76,Credit Card,CUST0211
TXN001324,10/3/2024,Perfume 100ml,Beauty & Personal Care,East,Online,3,1736.37,5209.11,Credit Card,CUST0230
TXN000827,10/3/2024,Bluetooth Speaker,Electronics,West,Online,2,1936.5,3873,Credit Card,CUST0465
TXN003975,10/3/2024,Wheat Flour 5kg,Grocery,West,Offline,5,235.34,1176.7,UPI,CUST0271
TXN004438,10/3/2024,Sunflower Oil 1L,Grocery,East,Online,4,199.1,796.4,UPI,CUST0504
TXN001496,10/3/2024,Formal Shirt,Clothing,North,Online,1,1070.49,1070.49,Credit Card,CUST0314
TXN001024,10/3/2024,Face Wash,Beauty & Personal Care,South,Online,1,284.66,284.66,Credit Card,CUST0325
TXN000858,10/3/2024,Face Wash,Beauty & Personal Care,North,Offline,1,376.21,376.21,Net Banking,CUST0446
TXN005422,10/3/2024,Winter Jacket,Clothing,East,Offline,2,1301.86,2603.72,Cash,CUST0465
TXN002855,10/3/2024,Women's Kurti,Clothing,West,Online,2,882.32,1764.64,Credit Card,CUST0250
TXN001195,10/3/2024,Basmati Rice 5kg,Grocery,South,Offline,1,611.48,611.48,Cash,CUST0262
TXN004980,10/3/2024,Denim Jeans,Clothing,South,Online,4,1675.21,6700.84,UPI,CUST0446
TXN000929,10/3/2024,Women's Kurti,Clothing,South,Offline,2,712.4,1424.8,UPI,CUST0714
TXN003359,10/3/2024,Sugar 1kg,Grocery,South,Online,1,53.94,53.94,Credit Card,CUST0325
TXN005504,10/3/2024,Non-Stick Pan,Home & Kitchen,East,Online,1,847.01,847.01,Credit Card,CUST0779
TXN002840,10/4/2024,Toor Dal 1kg,Grocery,South,Online,3,151.35,454.05,Net Banking,CUST0509
TXN005276,10/4/2024,Wheat Flour 5kg,Grocery,North,Online,3,228.81,686.43,Cash,CUST0475
TXN000967,10/4/2024,Kids Hoodie,Clothing,West,Offline,1,1178.75,1178.75,Credit Card,CUST0044
TXN004459,10/4/2024,Sunflower Oil 1L,Grocery,North,Offline,1,131.02,131.02,Credit Card,CUST0759
TXN005678,10/4/2024,Men's T-Shirt,Clothing,North,Online,3,873.55,2620.65,Credit Card,CUST0249
TXN001986,10/4/2024,Body Lotion,Beauty & Personal Care,East,Offline,1,499.89,499.89,Cash,CUST0837
TXN004677,10/4/2024,Perfume 100ml,Beauty & Personal Care,North,Online,3,2361.89,7085.67,Credit Card,CUST0552
TXN003882,10/4/2024,Men's T-Shirt,Clothing,South,Online,2,525.58,1051.16,UPI,CUST0183
TXN001783,10/4/2024,Winter Jacket,Clothing,West,Offline,1,1625.33,1625.33,Net Banking,CUST0012
TXN004081,10/4/2024,Water Bottle,Home & Kitchen,North,Online,2,208.99,417.98,Cash,CUST0870
TXN004385,10/4/2024,Winter Jacket,Clothing,North,Online,2,1922.4,3844.8,Credit Card,CUST0419
TXN003034,10/4/2024,Tea Powder 500g,Grocery,West,Offline,2,204.92,409.84,Credit Card,CUST0213
TXN004613,10/4/2024,Wireless Earbuds,Electronics,East,Offline,3,2080.04,6240.12,Credit Card,CUST0773
TXN001193,10/4/2024,Bed Sheet Set,Home & Kitchen,East,Online,1,1695.73,1695.73,Net Banking,CUST0194
TXN002403,10/4/2024,LED TV 32in,Electronics,East,Offline,1,14263.54,14263.54,UPI,CUST0499
TXN002222,10/4/2024,Wireless Earbuds,Electronics,West,Offline,4,2858.38,11433.52,Credit Card,CUST0236
TXN002158,10/4/2024,Basmati Rice 5kg,Grocery,North,Offline,1,441.6,441.6,UPI,CUST0071
TXN002177,10/4/2024,Bed Sheet Set,Home & Kitchen,South,Offline,1,1095.94,1095.94,UPI,CUST0843
TXN002498,10/5/2024,Formal Shirt,Clothing,North,Online,2,1193.56,2387.12,Credit Card,CUST0752
TXN004431,10/5/2024,Women's Kurti,Clothing,North,Online,2,835.65,1671.3,UPI,CUST0243
TXN000596,10/5/2024,Formal Shirt,Clothing,West,Online,5,749.55,3747.75,Credit Card,CUST0572
TXN005776,10/5/2024,Sunflower Oil 1L,Grocery,West,Online,2,202.2,404.4,Credit Card,CUST0766
TXN003423,10/5/2024,Sugar 1kg,Grocery,North,Online,1,58.81,58.81,UPI,CUST0575
TXN001492,10/5/2024,Mixer Grinder,Home & Kitchen,North,Online,4,2929,11716,Credit Card,CUST0158
TXN005017,10/5/2024,Sunscreen SPF50,Beauty & Personal Care,North,Online,1,680.87,680.87,Cash,CUST0882
TXN002382,10/5/2024,Sunscreen SPF50,Beauty & Personal Care,West,Online,3,279.59,838.77,Credit Card,CUST0179
TXN004070,10/5/2024,Wheat Flour 5kg,Grocery,South,Offline,1,263.6,263.6,Cash,CUST0394
TXN002674,10/5/2024,Women's Kurti,Clothing,West,Offline,3,594.29,1782.87,Cash,CUST0891
TXN003571,10/5/2024,LED Bulb Pack,Home & Kitchen,South,Offline,2,209.4,418.8,Cash,CUST0807
TXN001037,10/5/2024,Hair Oil,Beauty & Personal Care,South,Online,1,192.21,192.21,Credit Card,CUST0249
TXN001012,10/5/2024,Basmati Rice 5kg,Grocery,South,Online,2,351.5,703,Net Banking,CUST0782
TXN003355,10/5/2024,Wireless Earbuds,Electronics,South,Online,1,2336.79,2336.79,Credit Card,CUST0155
TXN002074,10/5/2024,Non-Stick Pan,Home & Kitchen,West,Online,2,1091.21,2182.42,Cash,CUST0649
TXN002760,10/5/2024,Sunscreen SPF50,Beauty & Personal Care,West,Offline,2,640.3,1280.6,Cash,CUST0808
TXN002868,10/6/2024,LED Bulb Pack,Home & Kitchen,South,Online,1,292.57,292.57,Cash,CUST0399
TXN003540,10/6/2024,Shampoo 400ml,Beauty & Personal Care,North,Online,3,418.64,1255.92,UPI,CUST0229
TXN005781,10/6/2024,Wheat Flour 5kg,Grocery,West,Online,1,210.69,210.69,Credit Card,CUST0555
TXN001252,10/6/2024,Basmati Rice 5kg,Grocery,East,Offline,3,526.15,1578.45,Credit Card,CUST0166
TXN003695,10/6/2024,Perfume 100ml,Beauty & Personal Care,East,Online,1,1972.99,1972.99,UPI,CUST0395
TXN001509,10/6/2024,Mixer Grinder,Home & Kitchen,North,Offline,1,2810.36,2810.36,Net Banking,CUST0887
TXN004009,10/6/2024,Denim Jeans,Clothing,North,Online,4,1412.78,5651.12,UPI,CUST0658
TXN002808,10/6/2024,Men's T-Shirt,Clothing,West,Online,1,505.46,505.46,Net Banking,CUST0256
TXN002775,10/6/2024,Shampoo 400ml,Beauty & Personal Care,North,Online,2,250.53,501.06,Net Banking,CUST0530
TXN003155,10/6/2024,LED TV 32in,Electronics,East,Offline,2,15294.95,30589.9,Net Banking,CUST0692
TXN004854,10/6/2024,LED Bulb Pack,Home & Kitchen,East,Online,2,251.34,502.68,Credit Card,CUST0694
TXN002836,10/6/2024,Smartwatch,Electronics,East,Online,1,3193.83,3193.83,Cash,CUST0429
TXN004504,10/6/2024,Women's Kurti,Clothing,South,Online,2,1414.76,2829.52,UPI,CUST0236
TXN004122,10/6/2024,Body Lotion,Beauty & Personal Care,East,Online,1,497.23,497.23,Net Banking,CUST0400
TXN005686,10/6/2024,LED Bulb Pack,Home & Kitchen,East,Offline,4,154.86,619.44,UPI,CUST0384
TXN001222,10/6/2024,Body Lotion,Beauty & Personal Care,North,Online,1,222.91,222.91,UPI,CUST0458
TXN001521,10/6/2024,Kids Hoodie,Clothing,East,Online,1,618.54,618.54,UPI,CUST0154
TXN005112,10/6/2024,Wheat Flour 5kg,Grocery,North,Offline,2,248.03,496.06,Net Banking,CUST0726
TXN005956,10/7/2024,Toor Dal 1kg,Grocery,West,Online,1,167.26,167.26,UPI,CUST0297
TXN003299,10/7/2024,Women's Kurti,Clothing,South,Online,1,1123.77,1123.77,UPI,CUST0406
TXN001251,10/7/2024,Sunscreen SPF50,Beauty & Personal Care,South,Online,1,540.18,540.18,UPI,CUST0306
TXN002850,10/7/2024,Women's Kurti,Clothing,East,Online,2,1094.02,2188.04,Credit Card,CUST0790
TXN003274,10/7/2024,Winter Jacket,Clothing,West,Online,1,2636.27,2636.27,UPI,CUST0476
TXN001678,10/7/2024,Wheat Flour 5kg,Grocery,North,Online,1,253.5,253.5,UPI,CUST0524
TXN001838,10/7/2024,Water Bottle,Home & Kitchen,West,Online,2,211.26,422.52,Cash,CUST0486
TXN002546,10/7/2024,Non-Stick Pan,Home & Kitchen,West,Offline,2,1137.96,2275.92,Cash,CUST0551
TXN000092,10/7/2024,Laptop Bag,Electronics,West,Offline,3,723.11,2169.33,UPI,CUST0596
TXN004468,10/7/2024,Shampoo 400ml,Beauty & Personal Care,South,Online,1,408.88,408.88,Credit Card,CUST0344
TXN000693,10/7/2024,Toor Dal 1kg,Grocery,East,Offline,1,163.58,163.58,Net Banking,CUST0122
TXN003717,10/7/2024,LED Bulb Pack,Home & Kitchen,South,Online,1,292.89,292.89,Net Banking,CUST0720
TXN001490,10/7/2024,Sunscreen SPF50,Beauty & Personal Care,South,Online,2,419.06,838.12,Credit Card,CUST0585
TXN003313,10/7/2024,Water Bottle,Home & Kitchen,South,Online,3,220.27,660.81,UPI,CUST0486
TXN005474,10/7/2024,Shampoo 400ml,Beauty & Personal Care,West,Offline,1,251.58,251.58,Cash,CUST0809
TXN000759,10/7/2024,Shampoo 400ml,Beauty & Personal Care,West,Offline,1,458.49,458.49,Cash,CUST0367
TXN004188,10/7/2024,Laptop Bag,Electronics,East,Offline,4,1667.95,6671.8,UPI,CUST0056
TXN004915,10/7/2024,Tea Powder 500g,Grocery,East,Online,4,197.65,790.6,UPI,CUST0068
TXN002756,10/7/2024,Hair Oil,Beauty & Personal Care,North,Offline,1,169.01,169.01,Credit Card,CUST0195
TXN000622,10/7/2024,Non-Stick Pan,Home & Kitchen,North,Online,1,705.26,705.26,Net Banking,CUST0827
TXN000763,10/7/2024,Toor Dal 1kg,Grocery,North,Online,2,168.22,336.44,UPI,CUST0814
TXN002688,10/7/2024,Body Lotion,Beauty & Personal Care,East,Online,1,519.18,519.18,Credit Card,CUST0679
TXN004198,10/8/2024,Non-Stick Pan,Home & Kitchen,West,Online,4,656.14,2624.56,UPI,CUST0246
TXN000290,10/8/2024,Formal Shirt,Clothing,North,Online,4,932.96,3731.84,Cash,CUST0616
TXN001443,10/8/2024,Shampoo 400ml,Beauty & Personal Care,North,Offline,4,460.45,1841.8,UPI,CUST0075
TXN005922,10/8/2024,Wheat Flour 5kg,Grocery,East,Offline,2,217.8,435.6,UPI,CUST0472
TXN004719,10/8/2024,Power Bank 10000mAh,Electronics,South,Online,4,1467.24,5868.96,Credit Card,CUST0489
TXN005045,10/8/2024,Smartwatch,Electronics,South,Online,4,2848.9,11395.6,Cash,CUST0859
TXN005229,10/8/2024,Non-Stick Pan,Home & Kitchen,South,Offline,1,760.15,760.15,Credit Card,CUST0141
TXN001360,10/8/2024,Body Lotion,Beauty & Personal Care,North,Offline,1,519.91,519.91,Credit Card,CUST0399
TXN003447,10/8/2024,LED TV 32in,Electronics,North,Online,1,11159.79,11159.79,UPI,CUST0716
TXN002246,10/8/2024,Sunscreen SPF50,Beauty & Personal Care,North,Online,1,524.75,524.75,UPI,CUST0339
TXN004591,10/8/2024,LED Bulb Pack,Home & Kitchen,East,Online,1,191.84,191.84,UPI,CUST0151
TXN003741,10/9/2024,Mixer Grinder,Home & Kitchen,East,Online,5,2905.86,14529.3,UPI,CUST0842
TXN004887,10/9/2024,Laptop Bag,Electronics,North,Online,5,1131.45,5657.25,Cash,CUST0249
TXN005722,10/9/2024,Pressure Cooker,Home & Kitchen,East,Offline,4,1096.83,4387.32,Credit Card,CUST0379
TXN001552,10/9/2024,Toor Dal 1kg,Grocery,West,Offline,1,134.98,134.98,UPI,CUST0860
TXN002214,10/9/2024,Basmati Rice 5kg,Grocery,North,Online,2,481.45,962.9,Credit Card,CUST0088
TXN004194,10/9/2024,LED Bulb Pack,Home & Kitchen,East,Offline,1,304.67,304.67,Credit Card,CUST0116
TXN005669,10/9/2024,Smartwatch,Electronics,North,Online,2,3680.63,7361.26,Credit Card,CUST0360
TXN003310,10/9/2024,Men's T-Shirt,Clothing,North,Offline,2,526.19,1052.38,Credit Card,CUST0054
TXN001663,10/9/2024,Winter Jacket,Clothing,South,Offline,1,2765.32,2765.32,UPI,CUST0051
TXN003794,10/9/2024,Basmati Rice 5kg,Grocery,East,Offline,1,641.71,641.71,Net Banking,CUST0472
TXN005903,10/9/2024,LED TV 32in,Electronics,East,Offline,2,15806.09,31612.18,UPI,CUST0208
TXN005334,10/9/2024,Wireless Earbuds,Electronics,South,Offline,3,2283.37,6850.11,Credit Card,CUST0166
TXN002524,10/9/2024,Women's Kurti,Clothing,East,Online,3,509.32,1527.96,Credit Card,CUST0039
TXN002103,10/9/2024,Body Lotion,Beauty & Personal Care,North,Offline,2,424.46,848.92,UPI,CUST0241
TXN003171,10/9/2024,Non-Stick Pan,Home & Kitchen,East,Online,2,647.55,1295.1,UPI,CUST0293
TXN002216,10/9/2024,Smartwatch,Electronics,North,Online,3,4250.53,12751.59,Credit Card,CUST0784
TXN002530,10/9/2024,Men's T-Shirt,Clothing,East,Online,5,648.92,3244.6,Credit Card,CUST0513
TXN003511,10/9/2024,Men's T-Shirt,Clothing,North,Online,1,471.46,471.46,Credit Card,CUST0071
TXN004059,10/9/2024,Mixer Grinder,Home & Kitchen,West,Online,1,2449.41,2449.41,UPI,CUST0181
TXN001425,10/9/2024,Bluetooth Speaker,Electronics,West,Offline,3,2220.76,6662.28,UPI,CUST0734
TXN004907,10/9/2024,Body Lotion,Beauty & Personal Care,South,Offline,3,532.58,1597.74,Net Banking,CUST0314
TXN003727,10/10/2024,Sugar 1kg,Grocery,East,Online,2,48,96,Net Banking,CUST0304
TXN002807,10/10/2024,Bluetooth Speaker,Electronics,West,Online,2,3240.24,6480.48,Credit Card,CUST0654
TXN000618,10/10/2024,Basmati Rice 5kg,Grocery,North,Offline,2,415.73,831.46,Credit Card,CUST0800
TXN005688,10/10/2024,Pressure Cooker,Home & Kitchen,East,Online,1,2228.59,2228.59,Cash,CUST0051
TXN005609,10/10/2024,Bluetooth Speaker,Electronics,South,Online,2,1352.11,2704.22,UPI,CUST0760
TXN003768,10/10/2024,Laptop Bag,Electronics,East,Online,1,1724.21,1724.21,Credit Card,CUST0749
TXN004475,10/10/2024,Bluetooth Speaker,Electronics,East,Online,3,3165.29,9495.87,Credit Card,CUST0442
TXN003941,10/10/2024,Sunscreen SPF50,Beauty & Personal Care,West,Offline,1,627.3,627.3,UPI,CUST0848
TXN005201,10/10/2024,Face Wash,Beauty & Personal Care,South,Offline,4,180.79,723.16,Net Banking,CUST0322
TXN003124,10/10/2024,Formal Shirt,Clothing,West,Online,4,1509.95,6039.8,UPI,CUST0736
TXN004641,10/11/2024,Men's T-Shirt,Clothing,South,Online,4,457.71,1830.84,Credit Card,CUST0105
TXN005574,10/11/2024,Water Bottle,Home & Kitchen,East,Online,1,189.4,189.4,Cash,CUST0863
TXN000935,10/11/2024,Perfume 100ml,Beauty & Personal Care,East,Online,3,1418.05,4254.15,Credit Card,CUST0721
TXN005544,10/11/2024,Women's Kurti,Clothing,East,Offline,4,1228.53,4914.12,Cash,CUST0035
TXN005791,10/11/2024,Laptop Bag,Electronics,West,Online,1,946.95,946.95,UPI,CUST0706
TXN003873,10/11/2024,Non-Stick Pan,Home & Kitchen,East,Offline,2,1175.5,2351,Credit Card,CUST0227
TXN005299,10/11/2024,Hair Oil,Beauty & Personal Care,North,Online,2,142.29,284.58,Credit Card,CUST0199
TXN005984,10/11/2024,Power Bank 10000mAh,Electronics,South,Offline,1,1792.11,1792.11,Credit Card,CUST0422
TXN000075,10/11/2024,Kids Hoodie,Clothing,East,Offline,1,673.1,673.1,Credit Card,CUST0034
TXN004506,10/11/2024,Denim Jeans,Clothing,West,Online,1,862.98,862.98,Cash,CUST0798
TXN004971,10/11/2024,Sugar 1kg,Grocery,West,Online,2,50.31,100.62,Credit Card,CUST0199
TXN003413,10/12/2024,Tea Powder 500g,Grocery,West,Online,2,330.48,660.96,UPI,CUST0119
TXN003496,10/12/2024,Winter Jacket,Clothing,West,Online,1,3205.87,3205.87,Cash,CUST0750
TXN002591,10/12/2024,Pressure Cooker,Home & Kitchen,South,Online,2,1534.17,3068.34,UPI,CUST0081
TXN001568,10/12/2024,Smartwatch,Electronics,North,Online,1,5982.47,5982.47,Cash,CUST0039
TXN003001,10/12/2024,Kids Hoodie,Clothing,North,Online,1,980.21,980.21,Credit Card,CUST0397
TXN004528,10/12/2024,LED Bulb Pack,Home & Kitchen,North,Online,4,173.69,694.76,Credit Card,CUST0230
TXN003306,10/12/2024,Perfume 100ml,Beauty & Personal Care,South,Online,3,2162.16,6486.48,Credit Card,CUST0439
TXN001898,10/12/2024,Formal Shirt,Clothing,North,Offline,1,836.36,836.36,Net Banking,CUST0533
TXN003552,10/12/2024,Water Bottle,Home & Kitchen,South,Online,4,445.17,1780.68,Credit Card,CUST0509
TXN004797,10/12/2024,Mixer Grinder,Home & Kitchen,North,Online,1,2080.21,2080.21,UPI,CUST0409
TXN001557,10/12/2024,Pressure Cooker,Home & Kitchen,South,Online,3,1576.05,4728.15,Net Banking,CUST0406
TXN002761,10/12/2024,Bluetooth Speaker,Electronics,East,Online,2,2824.19,5648.38,Credit Card,CUST0465
TXN002131,10/12/2024,Formal Shirt,Clothing,North,Online,1,1350.27,1350.27,Credit Card,CUST0192
TXN000278,10/12/2024,Smartwatch,Electronics,South,Online,5,5306.25,26531.25,Credit Card,CUST0105
TXN001278,10/12/2024,Non-Stick Pan,Home & Kitchen,South,Online,2,443.26,886.52,Cash,CUST0544
TXN005537,10/12/2024,LED TV 32in,Electronics,East,Offline,2,11503.2,23006.4,Credit Card,CUST0490
TXN003842,10/12/2024,Winter Jacket,Clothing,East,Online,5,2109.12,10545.6,Net Banking,CUST0108
TXN003800,10/13/2024,Body Lotion,Beauty & Personal Care,West,Online,1,523.25,523.25,Net Banking,CUST0878
TXN003920,10/13/2024,LED TV 32in,Electronics,East,Offline,2,15412.06,30824.12,Credit Card,CUST0192
TXN004570,10/13/2024,Winter Jacket,Clothing,North,Online,1,2770.38,2770.38,Credit Card,CUST0327
TXN005764,10/13/2024,LED TV 32in,Electronics,South,Offline,2,15782.03,31564.06,Credit Card,CUST0662
TXN004593,10/13/2024,LED Bulb Pack,Home & Kitchen,East,Offline,1,205.26,205.26,UPI,CUST0502
TXN000330,10/13/2024,Winter Jacket,Clothing,West,Online,2,1546.71,3093.42,UPI,CUST0383
TXN003091,10/13/2024,Laptop Bag,Electronics,West,Offline,2,1556.52,3113.04,UPI,CUST0077
TXN001907,10/13/2024,LED Bulb Pack,Home & Kitchen,East,Online,2,267.43,534.86,Credit Card,CUST0676
TXN003318,10/13/2024,Bed Sheet Set,Home & Kitchen,West,Online,1,1699.43,1699.43,Cash,CUST0451
TXN001924,10/13/2024,Body Lotion,Beauty & Personal Care,South,Online,1,319.81,319.81,Net Banking,CUST0212
TXN001234,10/13/2024,Laptop Bag,Electronics,West,Online,1,1694.6,1694.6,UPI,CUST0475
TXN003326,10/13/2024,Shampoo 400ml,Beauty & Personal Care,West,Online,4,393.37,1573.48,UPI,CUST0646
TXN003105,10/14/2024,Face Wash,Beauty & Personal Care,West,Offline,1,232.3,232.3,Credit Card,CUST0141
TXN000221,10/14/2024,Denim Jeans,Clothing,West,Online,1,1906.52,1906.52,Credit Card,CUST0794
TXN004051,10/14/2024,Non-Stick Pan,Home & Kitchen,East,Online,2,407.12,814.24,UPI,CUST0367
TXN001636,10/14/2024,Denim Jeans,Clothing,East,Offline,1,2127.22,2127.22,Net Banking,CUST0744
TXN005166,10/14/2024,LED TV 32in,Electronics,North,Offline,2,15811.12,31622.24,Credit Card,CUST0710
TXN003791,10/14/2024,LED Bulb Pack,Home & Kitchen,North,Online,1,331.41,331.41,Credit Card,CUST0340
TXN003928,10/14/2024,Shampoo 400ml,Beauty & Personal Care,East,Online,2,445.79,891.58,Credit Card,CUST0158
TXN003796,10/14/2024,Wireless Earbuds,Electronics,West,Offline,2,1012.24,2024.48,Credit Card,CUST0786
TXN003412,10/14/2024,Perfume 100ml,Beauty & Personal Care,South,Offline,4,1171.48,4685.92,Credit Card,CUST0837
TXN002112,10/14/2024,Shampoo 400ml,Beauty & Personal Care,East,Offline,1,490.24,490.24,UPI,CUST0262
TXN004018,10/14/2024,Wheat Flour 5kg,Grocery,South,Online,2,346.44,692.88,Credit Card,CUST0345
TXN001033,10/14/2024,Bed Sheet Set,Home & Kitchen,South,Offline,1,1725.1,1725.1,UPI,CUST0499
TXN004532,10/15/2024,Women's Kurti,Clothing,West,Offline,2,724.13,1448.26,UPI,CUST0085
TXN000977,10/15/2024,Sunflower Oil 1L,Grocery,East,Online,3,136,408,UPI,CUST0518
TXN004823,10/15/2024,Denim Jeans,Clothing,North,Offline,2,1240.86,2481.72,Credit Card,CUST0711
TXN001026,10/15/2024,Non-Stick Pan,Home & Kitchen,South,Online,1,900.24,900.24,Credit Card,CUST0089
TXN005494,10/15/2024,LED Bulb Pack,Home & Kitchen,West,Online,1,253.33,253.33,Cash,CUST0595
TXN003767,10/15/2024,Smartwatch,Electronics,South,Offline,1,4619.25,4619.25,Credit Card,CUST0104
TXN001684,10/15/2024,Smartwatch,Electronics,North,Online,1,5666.81,5666.81,Net Banking,CUST0412
TXN002763,10/15/2024,Pressure Cooker,Home & Kitchen,South,Offline,4,1069.25,4277,Cash,CUST0051
TXN001810,10/15/2024,Bed Sheet Set,Home & Kitchen,North,Offline,1,955.32,955.32,Credit Card,CUST0265
TXN004255,10/15/2024,Formal Shirt,Clothing,North,Offline,1,963.32,963.32,Cash,CUST0576
TXN005929,10/15/2024,Tea Powder 500g,Grocery,North,Offline,2,281.4,562.8,Credit Card,CUST0576
TXN003280,10/15/2024,Shampoo 400ml,Beauty & Personal Care,North,Online,4,410.21,1640.84,Credit Card,CUST0274
TXN003401,10/15/2024,LED TV 32in,Electronics,South,Online,1,11556.29,11556.29,Cash,CUST0075
TXN005277,10/15/2024,Power Bank 10000mAh,Electronics,South,Online,4,798.27,3193.08,Cash,CUST0499
TXN003495,10/15/2024,Sunflower Oil 1L,Grocery,North,Offline,2,145.37,290.74,Cash,CUST0842
TXN003215,10/15/2024,Face Wash,Beauty & Personal Care,West,Online,3,325.49,976.47,Cash,CUST0523
TXN001704,10/15/2024,Power Bank 10000mAh,Electronics,West,Offline,1,1686.18,1686.18,Credit Card,CUST0281
TXN003863,10/16/2024,Basmati Rice 5kg,Grocery,South,Online,1,512.51,512.51,Cash,CUST0672
TXN003054,10/16/2024,Laptop Bag,Electronics,West,Online,1,1669.8,1669.8,UPI,CUST0128
TXN005753,10/16/2024,Winter Jacket,Clothing,South,Offline,1,1978.56,1978.56,UPI,CUST0288
TXN005775,10/16/2024,Mixer Grinder,Home & Kitchen,South,Offline,3,3171.41,9514.23,Credit Card,CUST0127
TXN002148,10/16/2024,LED TV 32in,Electronics,North,Offline,1,13868.51,13868.51,UPI,CUST0315
TXN000675,10/16/2024,Basmati Rice 5kg,Grocery,North,Offline,1,657.87,657.87,Credit Card,CUST0204
TXN004168,10/16/2024,Body Lotion,Beauty & Personal Care,South,Online,1,596.61,596.61,UPI,CUST0306
TXN001044,10/16/2024,Smartwatch,Electronics,West,Online,3,1984.4,5953.2,UPI,CUST0616
TXN002447,10/16/2024,Mixer Grinder,Home & Kitchen,North,Online,4,4239.9,16959.6,Credit Card,CUST0249
TXN005811,10/16/2024,Tea Powder 500g,Grocery,South,Online,5,338.13,1690.65,UPI,CUST0094
TXN005031,10/16/2024,Perfume 100ml,Beauty & Personal Care,West,Online,1,1267.55,1267.55,Cash,CUST0074
TXN003542,10/16/2024,Mixer Grinder,Home & Kitchen,South,Online,3,2226.33,6678.99,Cash,CUST0740
TXN004865,10/16/2024,Bluetooth Speaker,Electronics,North,Online,2,3028.89,6057.78,UPI,CUST0781
TXN004321,10/16/2024,Sugar 1kg,Grocery,North,Offline,3,46.51,139.53,Credit Card,CUST0271
TXN002721,10/16/2024,Toor Dal 1kg,Grocery,East,Online,1,138.9,138.9,Credit Card,CUST0575
TXN003539,10/16/2024,Mixer Grinder,Home & Kitchen,North,Online,3,4377.43,13132.29,UPI,CUST0892
TXN002612,10/16/2024,Face Wash,Beauty & Personal Care,West,Online,2,281.87,563.74,UPI,CUST0064
TXN001065,10/16/2024,Sunflower Oil 1L,Grocery,West,Offline,1,205.29,205.29,Cash,CUST0505
TXN000740,10/16/2024,Face Wash,Beauty & Personal Care,East,Online,1,234.66,234.66,Net Banking,CUST0820
TXN004959,10/16/2024,Body Lotion,Beauty & Personal Care,East,Online,5,455.48,2277.4,UPI,CUST0019
TXN000347,10/17/2024,Pressure Cooker,Home & Kitchen,East,Online,2,1296.05,2592.1,UPI,CUST0126
TXN003213,10/17/2024,Women's Kurti,Clothing,South,Offline,1,504.77,504.77,Credit Card,CUST0068
TXN004895,10/17/2024,Bed Sheet Set,Home & Kitchen,East,Online,2,658.44,1316.88,Cash,CUST0454
TXN003498,10/17/2024,Tea Powder 500g,Grocery,South,Offline,2,161.64,323.28,Credit Card,CUST0072
TXN002395,10/17/2024,Women's Kurti,Clothing,South,Online,1,1237.23,1237.23,Net Banking,CUST0861
TXN002209,10/17/2024,Bluetooth Speaker,Electronics,West,Online,1,2620.27,2620.27,Net Banking,CUST0517
TXN003441,10/17/2024,Wheat Flour 5kg,Grocery,South,Online,2,337.2,674.4,Cash,CUST0405
TXN003764,10/17/2024,Wheat Flour 5kg,Grocery,West,Online,1,288.48,288.48,Credit Card,CUST0738
TXN004525,10/17/2024,Kids Hoodie,Clothing,North,Offline,3,1033.6,3100.8,Net Banking,CUST0406
TXN004312,10/17/2024,Pressure Cooker,Home & Kitchen,East,Offline,4,2150.82,8603.28,Credit Card,CUST0208
TXN002044,10/17/2024,Power Bank 10000mAh,Electronics,South,Online,5,1071.45,5357.25,UPI,CUST0624
TXN002820,10/17/2024,Men's T-Shirt,Clothing,South,Offline,4,442.92,1771.68,Net Banking,CUST0246
TXN000636,10/17/2024,Basmati Rice 5kg,Grocery,East,Offline,4,412.52,1650.08,Credit Card,CUST0117
TXN005427,10/17/2024,Wireless Earbuds,Electronics,South,Online,3,995.91,2987.73,UPI,CUST0846
TXN004435,10/17/2024,Denim Jeans,Clothing,East,Offline,2,1492.94,2985.88,Credit Card,CUST0861
TXN000872,10/17/2024,Bed Sheet Set,Home & Kitchen,West,Online,2,621.2,1242.4,UPI,CUST0701
TXN004724,10/17/2024,Power Bank 10000mAh,Electronics,North,Online,1,1764.1,1764.1,Credit Card,CUST0676
TXN000512,10/17/2024,Toor Dal 1kg,Grocery,East,Offline,1,162.75,162.75,UPI,CUST0113
TXN001196,10/17/2024,Toor Dal 1kg,Grocery,East,Online,1,162.07,162.07,Credit Card,CUST0708
TXN003609,10/18/2024,LED TV 32in,Electronics,South,Offline,3,10887.97,32663.91,Cash,CUST0513
TXN001444,10/18/2024,Men's T-Shirt,Clothing,West,Offline,2,360.6,721.2,UPI,CUST0325
TXN005344,10/18/2024,Sunscreen SPF50,Beauty & Personal Care,East,Online,1,653.82,653.82,Cash,CUST0655
TXN004890,10/18/2024,Tea Powder 500g,Grocery,South,Offline,2,247.82,495.64,UPI,CUST0199
TXN004489,10/18/2024,Denim Jeans,Clothing,North,Online,3,1064.5,3193.5,Credit Card,CUST0504
TXN004897,10/18/2024,Perfume 100ml,Beauty & Personal Care,South,Online,4,1908.74,7634.96,Credit Card,CUST0130
TXN004601,10/18/2024,LED TV 32in,Electronics,South,Offline,4,12143.93,48575.72,UPI,CUST0470
TXN000764,10/18/2024,Non-Stick Pan,Home & Kitchen,North,Offline,3,601.52,1804.56,Cash,CUST0448
TXN002032,10/18/2024,Mixer Grinder,Home & Kitchen,North,Offline,1,2262.71,2262.71,Credit Card,CUST0562
TXN001834,10/18/2024,Winter Jacket,Clothing,South,Online,2,1884.18,3768.36,Credit Card,CUST0848
TXN001529,10/18/2024,Winter Jacket,Clothing,East,Offline,1,2553.3,2553.3,Cash,CUST0280
TXN003776,10/18/2024,Formal Shirt,Clothing,East,Online,1,1234.89,1234.89,Credit Card,CUST0791
TXN001029,10/18/2024,Hair Oil,Beauty & Personal Care,West,Online,1,343.63,343.63,Cash,CUST0544
TXN005743,10/18/2024,Formal Shirt,Clothing,North,Online,1,1292.48,1292.48,Credit Card,CUST0447
TXN005035,10/18/2024,Denim Jeans,Clothing,North,Offline,1,1403.24,1403.24,Net Banking,CUST0364
TXN005680,10/19/2024,Basmati Rice 5kg,Grocery,East,Online,1,690.95,690.95,Credit Card,CUST0502
TXN001402,10/19/2024,Winter Jacket,Clothing,East,Offline,3,2960.82,8882.46,Net Banking,CUST0505
TXN000971,10/19/2024,Bluetooth Speaker,Electronics,West,Online,1,2104.51,2104.51,UPI,CUST0726
TXN003802,10/19/2024,LED Bulb Pack,Home & Kitchen,North,Online,1,397.56,397.56,Credit Card,CUST0070
TXN004417,10/19/2024,Tea Powder 500g,Grocery,North,Online,2,183.45,366.9,Credit Card,CUST0257
TXN005606,10/19/2024,LED Bulb Pack,Home & Kitchen,South,Online,1,344.84,344.84,UPI,CUST0718
TXN006000,10/19/2024,Kids Hoodie,Clothing,South,Online,1,617.92,617.92,UPI,CUST0391
TXN002699,10/19/2024,Denim Jeans,Clothing,South,Offline,2,956.73,1913.46,Cash,CUST0346
TXN002142,10/19/2024,Wireless Earbuds,Electronics,West,Offline,5,3228.64,16143.2,UPI,CUST0865
TXN000751,10/19/2024,Pressure Cooker,Home & Kitchen,North,Online,3,1362.73,4088.19,Net Banking,CUST0036
TXN001017,10/19/2024,Laptop Bag,Electronics,North,Offline,5,1760.76,8803.8,Credit Card,CUST0790
TXN002521,10/20/2024,Power Bank 10000mAh,Electronics,North,Online,1,989.85,989.85,Net Banking,CUST0679
TXN003381,10/20/2024,Kids Hoodie,Clothing,West,Online,1,1056.88,1056.88,UPI,CUST0155
TXN004589,10/20/2024,Wheat Flour 5kg,Grocery,East,Offline,1,262.03,262.03,UPI,CUST0530
TXN004501,10/20/2024,Face Wash,Beauty & Personal Care,East,Online,1,177.8,177.8,UPI,CUST0231
TXN000562,10/20/2024,Sunscreen SPF50,Beauty & Personal Care,West,Online,2,526.64,1053.28,Credit Card,CUST0552
TXN000772,10/20/2024,Sunscreen SPF50,Beauty & Personal Care,East,Online,1,538.15,538.15,Net Banking,CUST0785
TXN003082,10/20/2024,Non-Stick Pan,Home & Kitchen,West,Offline,3,881.39,2644.17,UPI,CUST0718
TXN001059,10/20/2024,Hair Oil,Beauty & Personal Care,North,Offline,1,117.84,117.84,Net Banking,CUST0538
TXN001099,10/20/2024,Face Wash,Beauty & Personal Care,East,Online,1,211.32,211.32,Credit Card,CUST0054
TXN000047,10/20/2024,Water Bottle,Home & Kitchen,South,Offline,3,187.83,563.49,Credit Card,CUST0131
TXN000260,10/20/2024,LED TV 32in,Electronics,South,Online,4,11026.27,44105.08,UPI,CUST0034
TXN005958,10/20/2024,Toor Dal 1kg,Grocery,East,Offline,1,143.84,143.84,Net Banking,CUST0253
TXN001460,10/20/2024,Tea Powder 500g,Grocery,North,Online,3,212.96,638.88,UPI,CUST0137
TXN005254,10/20/2024,Toor Dal 1kg,Grocery,East,Offline,1,144.5,144.5,Credit Card,CUST0056
TXN002050,10/21/2024,Women's Kurti,Clothing,South,Online,1,879.45,879.45,UPI,CUST0826
TXN001863,10/21/2024,Sugar 1kg,Grocery,East,Online,2,57.07,114.14,Credit Card,CUST0536
TXN000524,10/21/2024,Bluetooth Speaker,Electronics,North,Online,2,2628.6,5257.2,Net Banking,CUST0140
TXN005357,10/21/2024,Tea Powder 500g,Grocery,West,Online,1,188.48,188.48,Cash,CUST0532
TXN000684,10/21/2024,Bed Sheet Set,Home & Kitchen,South,Online,2,1074.73,2149.46,Net Banking,CUST0448
TXN004751,10/21/2024,Bed Sheet Set,Home & Kitchen,West,Online,4,1160.04,4640.16,Net Banking,CUST0659
TXN002137,10/21/2024,Men's T-Shirt,Clothing,South,Online,5,752.98,3764.9,UPI,CUST0397
TXN001265,10/21/2024,Body Lotion,Beauty & Personal Care,West,Online,2,576.06,1152.12,Credit Card,CUST0429
TXN002201,10/21/2024,Women's Kurti,Clothing,North,Online,3,1250.61,3751.83,Credit Card,CUST0089
TXN001584,10/21/2024,LED TV 32in,Electronics,West,Offline,1,14756.21,14756.21,Credit Card,CUST0141
TXN003954,10/21/2024,Wireless Earbuds,Electronics,East,Online,3,2266.51,6799.53,Credit Card,CUST0314
TXN003608,10/21/2024,Perfume 100ml,Beauty & Personal Care,East,Online,2,1886.3,3772.6,Credit Card,CUST0026
TXN004035,10/21/2024,Smartwatch,Electronics,North,Offline,2,5974.51,11949.02,UPI,CUST0446
TXN004193,10/21/2024,Hair Oil,Beauty & Personal Care,East,Offline,3,242.87,728.61,UPI,CUST0744
TXN000861,10/21/2024,LED TV 32in,Electronics,East,Online,3,12899.92,38699.76,UPI,CUST0413
TXN000044,10/21/2024,Hair Oil,Beauty & Personal Care,East,Online,4,299.03,1196.12,Credit Card,CUST0738
TXN005874,10/21/2024,Bed Sheet Set,Home & Kitchen,North,Offline,1,1252.06,1252.06,Credit Card,CUST0155
TXN002004,10/21/2024,Formal Shirt,Clothing,East,Offline,2,732.45,1464.9,Credit Card,CUST0389
TXN002072,10/21/2024,Power Bank 10000mAh,Electronics,North,Online,2,1799.39,3598.78,Credit Card,CUST0155
TXN005728,10/21/2024,Winter Jacket,Clothing,South,Online,2,2513.24,5026.48,Net Banking,CUST0595
TXN000630,10/21/2024,Tea Powder 500g,Grocery,North,Online,3,200.14,600.42,Cash,CUST0481
TXN002535,10/21/2024,Water Bottle,Home & Kitchen,East,Online,1,260.83,260.83,Net Banking,CUST0616
TXN000180,10/21/2024,Non-Stick Pan,Home & Kitchen,South,Offline,1,916.9,916.9,Net Banking,CUST0844
TXN000829,10/21/2024,Formal Shirt,Clothing,North,Offline,1,1078.98,1078.98,Credit Card,CUST0724
TXN001815,10/21/2024,Denim Jeans,Clothing,North,Offline,1,1859.09,1859.09,UPI,CUST0002
TXN001125,10/22/2024,Water Bottle,Home & Kitchen,South,Online,5,382.86,1914.3,Credit Card,CUST0390
TXN000346,10/22/2024,Hair Oil,Beauty & Personal Care,East,Online,3,191.72,575.16,UPI,CUST0533
TXN001680,10/22/2024,Pressure Cooker,Home & Kitchen,North,Online,4,1968.09,7872.36,UPI,CUST0550
TXN001477,10/22/2024,Bluetooth Speaker,Electronics,South,Offline,2,3020.09,6040.18,UPI,CUST0274
TXN001820,10/22/2024,Power Bank 10000mAh,Electronics,North,Online,2,1226.56,2453.12,UPI,CUST0026
TXN004688,10/22/2024,Toor Dal 1kg,Grocery,South,Online,1,138.83,138.83,UPI,CUST0428
TXN005719,10/22/2024,Face Wash,Beauty & Personal Care,South,Online,3,381.41,1144.23,Net Banking,CUST0454
TXN004386,10/22/2024,Wireless Earbuds,Electronics,South,Offline,4,2604.56,10418.24,Net Banking,CUST0618
TXN001186,10/22/2024,Kids Hoodie,Clothing,North,Offline,4,978.85,3915.4,Net Banking,CUST0451
TXN005189,10/22/2024,Smartwatch,Electronics,North,Online,2,3296.43,6592.86,Credit Card,CUST0616
TXN000305,10/22/2024,Bed Sheet Set,Home & Kitchen,North,Online,5,1673.75,8368.75,Net Banking,CUST0446
TXN002063,10/22/2024,Toor Dal 1kg,Grocery,West,Online,3,170.64,511.92,UPI,CUST0306
TXN000431,10/23/2024,Basmati Rice 5kg,Grocery,North,Online,1,415.3,415.3,Cash,CUST0494
TXN000189,10/23/2024,Women's Kurti,Clothing,East,Offline,4,1221.18,4884.72,UPI,CUST0892
TXN003315,10/23/2024,Perfume 100ml,Beauty & Personal Care,North,Offline,1,2183.11,2183.11,UPI,CUST0541
TXN004296,10/23/2024,Wireless Earbuds,Electronics,South,Online,2,1105.03,2210.06,Net Banking,CUST0713
TXN003301,10/23/2024,Water Bottle,Home & Kitchen,North,Online,1,395.73,395.73,Net Banking,CUST0757
TXN003892,10/23/2024,Tea Powder 500g,Grocery,North,Offline,3,205.42,616.26,Credit Card,CUST0848
TXN005637,10/23/2024,Bluetooth Speaker,Electronics,West,Online,3,2856.99,8570.97,UPI,CUST0572
TXN003208,10/23/2024,LED Bulb Pack,Home & Kitchen,West,Online,1,261.01,261.01,Cash,CUST0051
TXN000990,10/23/2024,Sunflower Oil 1L,Grocery,East,Offline,2,126.76,253.52,Credit Card,CUST0892
TXN001233,10/23/2024,Tea Powder 500g,Grocery,East,Online,2,174.62,349.24,UPI,CUST0499
TXN002271,10/23/2024,Smartwatch,Electronics,East,Offline,1,5920.25,5920.25,Net Banking,CUST0555
TXN004952,10/23/2024,Body Lotion,Beauty & Personal Care,North,Online,5,365.83,1829.15,Cash,CUST0852
TXN002226,10/23/2024,Tea Powder 500g,Grocery,South,Online,2,150.55,301.1,UPI,CUST0526
TXN005951,10/23/2024,Wheat Flour 5kg,Grocery,South,Online,1,238.62,238.62,UPI,CUST0218
TXN000556,10/23/2024,Water Bottle,Home & Kitchen,West,Online,3,157.86,473.58,Credit Card,CUST0825
TXN002324,10/23/2024,Hair Oil,Beauty & Personal Care,South,Offline,1,136.43,136.43,UPI,CUST0018
TXN002198,10/23/2024,Denim Jeans,Clothing,West,Offline,2,1042.57,2085.14,Net Banking,CUST0097
TXN003129,10/24/2024,Wireless Earbuds,Electronics,West,Offline,2,2803.24,5606.48,Credit Card,CUST0653
TXN002783,10/24/2024,Perfume 100ml,Beauty & Personal Care,West,Online,1,2390,2390,Credit Card,CUST0685
TXN000091,10/24/2024,Smartwatch,Electronics,West,Online,3,2331.65,6994.95,Credit Card,CUST0716
TXN000006,10/24/2024,Body Lotion,Beauty & Personal Care,South,Offline,2,481.83,963.66,Net Banking,CUST0797
TXN000718,10/24/2024,Bluetooth Speaker,Electronics,West,Online,4,1966.57,7866.28,UPI,CUST0566
TXN004085,10/24/2024,LED Bulb Pack,Home & Kitchen,South,Online,1,388.89,388.89,Cash,CUST0490
TXN003478,10/24/2024,Tea Powder 500g,Grocery,West,Offline,1,218.63,218.63,UPI,CUST0749
TXN001008,10/24/2024,Toor Dal 1kg,Grocery,West,Online,2,145.72,291.44,UPI,CUST0338
TXN005452,10/24/2024,LED Bulb Pack,Home & Kitchen,South,Online,2,192.64,385.28,UPI,CUST0470
TXN001165,10/24/2024,Wheat Flour 5kg,Grocery,South,Online,2,237.25,474.5,Net Banking,CUST0052
TXN005869,10/24/2024,Power Bank 10000mAh,Electronics,South,Online,1,1325.61,1325.61,Credit Card,CUST0787
TXN002790,10/24/2024,Perfume 100ml,Beauty & Personal Care,South,Offline,2,1240.46,2480.92,Credit Card,CUST0018
TXN003356,10/24/2024,LED TV 32in,Electronics,East,Online,2,10373.06,20746.12,Net Banking,CUST0559
TXN002602,10/24/2024,Smartwatch,Electronics,South,Online,1,1802.65,1802.65,Cash,CUST0717
TXN003490,10/25/2024,Women's Kurti,Clothing,East,Online,2,1342.21,2684.42,Cash,CUST0045
TXN001685,10/25/2024,LED Bulb Pack,Home & Kitchen,West,Offline,5,219.16,1095.8,Cash,CUST0513
TXN003428,10/25/2024,Sunscreen SPF50,Beauty & Personal Care,North,Offline,5,325.01,1625.05,Cash,CUST0878
TXN003207,10/25/2024,Wheat Flour 5kg,Grocery,South,Online,1,256.59,256.59,UPI,CUST0858
TXN002522,10/25/2024,Sunflower Oil 1L,Grocery,South,Online,3,203.47,610.41,Credit Card,CUST0533
TXN002634,10/25/2024,Wheat Flour 5kg,Grocery,East,Offline,1,205.54,205.54,UPI,CUST0271
TXN003270,10/25/2024,LED Bulb Pack,Home & Kitchen,South,Online,3,165,495,UPI,CUST0092
TXN003868,10/25/2024,Wheat Flour 5kg,Grocery,East,Online,2,346.94,693.88,Credit Card,CUST0093
TXN003788,10/25/2024,Wireless Earbuds,Electronics,West,Online,1,3209,3209,Cash,CUST0010
TXN001664,10/25/2024,Kids Hoodie,Clothing,South,Online,2,871.39,1742.78,UPI,CUST0070
TXN000236,10/25/2024,Non-Stick Pan,Home & Kitchen,East,Online,1,866.68,866.68,Cash,CUST0071
TXN005821,10/25/2024,Sugar 1kg,Grocery,North,Online,2,47.61,95.22,Credit Card,CUST0685
TXN000357,10/25/2024,Wheat Flour 5kg,Grocery,North,Online,3,334.12,1002.36,Net Banking,CUST0192
TXN001862,10/25/2024,Shampoo 400ml,Beauty & Personal Care,West,Offline,4,389.18,1556.72,Cash,CUST0008
TXN003391,10/25/2024,Smartwatch,Electronics,North,Online,1,2798.51,2798.51,Cash,CUST0482
TXN003394,10/25/2024,Bluetooth Speaker,Electronics,East,Online,1,1596.8,1596.8,UPI,CUST0807
TXN001328,10/25/2024,Water Bottle,Home & Kitchen,South,Online,2,160.25,320.5,Cash,CUST0522
TXN001841,10/25/2024,Laptop Bag,Electronics,South,Online,2,877.83,1755.66,Net Banking,CUST0337
TXN000281,10/25/2024,Smartwatch,Electronics,East,Online,2,4753.8,9507.6,Credit Card,CUST0854
TXN003206,10/26/2024,Formal Shirt,Clothing,South,Online,5,1166.44,5832.2,Cash,CUST0568
TXN002994,10/26/2024,Toor Dal 1kg,Grocery,North,Online,1,158.07,158.07,UPI,CUST0396
TXN000129,10/26/2024,Basmati Rice 5kg,Grocery,South,Offline,2,590.03,1180.06,Credit Card,CUST0285
TXN004821,10/26/2024,Bluetooth Speaker,Electronics,East,Offline,1,1740.59,1740.59,UPI,CUST0103
TXN000451,10/26/2024,Sunflower Oil 1L,Grocery,South,Online,1,122.75,122.75,UPI,CUST0772
TXN002378,10/26/2024,Body Lotion,Beauty & Personal Care,South,Online,1,524.98,524.98,Credit Card,CUST0444
TXN002053,10/26/2024,Smartwatch,Electronics,West,Offline,5,3352.18,16760.9,UPI,CUST0623
TXN004946,10/26/2024,Formal Shirt,Clothing,South,Online,4,911.6,3646.4,Credit Card,CUST0227
TXN004036,10/26/2024,Wireless Earbuds,Electronics,North,Online,2,3847.44,7694.88,Credit Card,CUST0322
TXN000448,10/26/2024,Face Wash,Beauty & Personal Care,East,Offline,1,159.92,159.92,Credit Card,CUST0344
TXN001341,10/26/2024,Women's Kurti,Clothing,West,Online,1,869.78,869.78,Credit Card,CUST0710
TXN003262,10/26/2024,Bluetooth Speaker,Electronics,East,Online,1,3089.92,3089.92,UPI,CUST0081
TXN002415,10/26/2024,Power Bank 10000mAh,Electronics,East,Offline,1,928.64,928.64,Credit Card,CUST0205
TXN001781,10/26/2024,Smartwatch,Electronics,East,Offline,3,2778.92,8336.76,Credit Card,CUST0248
TXN005110,10/26/2024,Sunflower Oil 1L,Grocery,West,Online,1,218.96,218.96,UPI,CUST0241
TXN002705,10/26/2024,Face Wash,Beauty & Personal Care,West,Offline,1,240.23,240.23,UPI,CUST0208
TXN001559,10/26/2024,Formal Shirt,Clothing,East,Online,4,843.75,3375,UPI,CUST0446
TXN005074,10/26/2024,Laptop Bag,Electronics,West,Offline,2,1287.74,2575.48,Cash,CUST0757
TXN002350,10/26/2024,Women's Kurti,Clothing,South,Online,3,518.06,1554.18,UPI,CUST0536
TXN005999,10/27/2024,Basmati Rice 5kg,Grocery,East,Offline,2,409.32,818.64,UPI,CUST0287
TXN002605,10/27/2024,Winter Jacket,Clothing,South,Offline,1,2232.3,2232.3,Net Banking,CUST0800
TXN005339,10/27/2024,Pressure Cooker,Home & Kitchen,North,Online,3,1829.14,5487.42,Cash,CUST0772
TXN000625,10/27/2024,Power Bank 10000mAh,Electronics,South,Online,2,918.6,1837.2,Credit Card,CUST0445
TXN000109,10/27/2024,Bed Sheet Set,Home & Kitchen,East,Online,2,1130.45,2260.9,UPI,CUST0239
TXN002901,10/27/2024,Water Bottle,Home & Kitchen,East,Online,4,334.7,1338.8,Credit Card,CUST0268
TXN001927,10/27/2024,Bed Sheet Set,Home & Kitchen,West,Online,2,1098.96,2197.92,Net Banking,CUST0644
TXN000157,10/27/2024,Body Lotion,Beauty & Personal Care,North,Online,4,369.17,1476.68,Net Banking,CUST0680
TXN001220,10/27/2024,Denim Jeans,Clothing,East,Online,4,1178.61,4714.44,Net Banking,CUST0789
TXN000572,10/27/2024,Smartwatch,Electronics,West,Offline,2,4675.17,9350.34,UPI,CUST0654
TXN000163,10/27/2024,LED Bulb Pack,Home & Kitchen,East,Online,4,299.06,1196.24,Credit Card,CUST0681
TXN005564,10/27/2024,Women's Kurti,Clothing,West,Online,3,1106.37,3319.11,Credit Card,CUST0249
TXN000147,10/27/2024,Smartwatch,Electronics,East,Offline,1,2531.83,2531.83,Credit Card,CUST0222
TXN001204,10/27/2024,Non-Stick Pan,Home & Kitchen,East,Online,1,559.71,559.71,Credit Card,CUST0597
TXN000907,10/27/2024,Wireless Earbuds,Electronics,West,Offline,1,3055.15,3055.15,UPI,CUST0565
TXN003527,10/27/2024,Power Bank 10000mAh,Electronics,North,Online,3,1775.88,5327.64,Cash,CUST0227
TXN005759,10/27/2024,Wireless Earbuds,Electronics,West,Offline,3,1393.8,4181.4,UPI,CUST0128
TXN003483,10/27/2024,Mixer Grinder,Home & Kitchen,West,Online,3,4120.52,12361.56,Credit Card,CUST0507
TXN004843,10/27/2024,Perfume 100ml,Beauty & Personal Care,West,Offline,1,1339.1,1339.1,Credit Card,CUST0743
TXN000811,10/27/2024,Laptop Bag,Electronics,South,Offline,4,1409.58,5638.32,Credit Card,CUST0141
TXN000245,10/27/2024,Laptop Bag,Electronics,West,Offline,3,1293.16,3879.48,UPI,CUST0248
TXN005075,10/27/2024,Bed Sheet Set,Home & Kitchen,North,Offline,2,1361.7,2723.4,Credit Card,CUST0262
TXN005202,10/28/2024,Kids Hoodie,Clothing,North,Online,1,567.15,567.15,Credit Card,CUST0632
TXN000590,10/28/2024,Mixer Grinder,Home & Kitchen,South,Offline,1,3357,3357,Credit Card,CUST0410
TXN001038,10/28/2024,Hair Oil,Beauty & Personal Care,North,Online,3,239.86,719.58,Credit Card,CUST0736
TXN003926,10/28/2024,Women's Kurti,Clothing,West,Offline,1,954.03,954.03,Cash,CUST0154
TXN005547,10/28/2024,Perfume 100ml,Beauty & Personal Care,South,Offline,3,2280.68,6842.04,UPI,CUST0863
TXN003123,10/28/2024,Wheat Flour 5kg,Grocery,East,Offline,1,227.7,227.7,Credit Card,CUST0575
TXN004396,10/28/2024,Wireless Earbuds,Electronics,West,Offline,1,3071.73,3071.73,UPI,CUST0128
TXN001343,10/28/2024,Pressure Cooker,Home & Kitchen,West,Offline,5,1251.33,6256.65,UPI,CUST0511
TXN003982,10/28/2024,LED TV 32in,Electronics,East,Offline,4,10688.91,42755.64,Cash,CUST0428
TXN000869,10/28/2024,Bluetooth Speaker,Electronics,East,Online,1,1429.09,1429.09,UPI,CUST0350
TXN002411,10/28/2024,Power Bank 10000mAh,Electronics,East,Online,3,878.76,2636.28,Credit Card,CUST0632
TXN003734,10/28/2024,Bluetooth Speaker,Electronics,West,Online,1,3176.16,3176.16,Net Banking,CUST0768
TXN000995,10/28/2024,Sugar 1kg,Grocery,North,Offline,5,50.84,254.2,Credit Card,CUST0493
TXN004556,10/28/2024,Sugar 1kg,Grocery,West,Offline,1,45.65,45.65,Credit Card,CUST0204
TXN000723,10/28/2024,Sugar 1kg,Grocery,West,Online,2,42.12,84.24,Cash,CUST0500
TXN003251,10/28/2024,Perfume 100ml,Beauty & Personal Care,West,Online,1,2173.16,2173.16,Credit Card,CUST0116
TXN002038,10/28/2024,Pressure Cooker,Home & Kitchen,West,Online,3,1102.85,3308.55,UPI,CUST0512
TXN000814,10/28/2024,Kids Hoodie,Clothing,South,Online,2,796.05,1592.1,Net Banking,CUST0419
TXN005961,10/28/2024,Mixer Grinder,Home & Kitchen,South,Online,2,2455.6,4911.2,Cash,CUST0070
TXN001471,10/28/2024,Body Lotion,Beauty & Personal Care,East,Online,1,359.47,359.47,Cash,CUST0553
TXN004956,10/29/2024,Tea Powder 500g,Grocery,South,Online,4,236.11,944.44,UPI,CUST0679
TXN005598,10/29/2024,Formal Shirt,Clothing,East,Offline,1,951.62,951.62,UPI,CUST0028
TXN000875,10/29/2024,Water Bottle,Home & Kitchen,North,Online,2,204.71,409.42,Cash,CUST0706
TXN005158,10/29/2024,Kids Hoodie,Clothing,North,Online,1,664.01,664.01,Net Banking,CUST0446
TXN004334,10/29/2024,Power Bank 10000mAh,Electronics,North,Online,4,1601.04,6404.16,Cash,CUST0384
TXN002685,10/29/2024,Mixer Grinder,Home & Kitchen,East,Online,1,3562.55,3562.55,UPI,CUST0380
TXN001725,10/29/2024,Pressure Cooker,Home & Kitchen,West,Online,1,1994.48,1994.48,UPI,CUST0352
TXN004222,10/29/2024,LED Bulb Pack,Home & Kitchen,West,Offline,1,316.28,316.28,UPI,CUST0816
TXN003821,10/29/2024,Non-Stick Pan,Home & Kitchen,East,Offline,3,488.87,1466.61,UPI,CUST0314
TXN003807,10/29/2024,Water Bottle,Home & Kitchen,East,Online,1,150.44,150.44,Credit Card,CUST0701
TXN000651,10/29/2024,Face Wash,Beauty & Personal Care,North,Online,2,173.54,347.08,UPI,CUST0848
TXN005464,10/29/2024,Non-Stick Pan,Home & Kitchen,South,Online,4,1113.63,4454.52,Credit Card,CUST0428
TXN002085,10/29/2024,Power Bank 10000mAh,Electronics,East,Offline,1,912.23,912.23,Credit Card,CUST0486
TXN004912,10/29/2024,Basmati Rice 5kg,Grocery,East,Offline,3,528.27,1584.81,Credit Card,CUST0885
TXN001030,10/29/2024,LED Bulb Pack,Home & Kitchen,South,Offline,1,350.6,350.6,UPI,CUST0063
TXN005900,10/30/2024,Laptop Bag,Electronics,North,Online,3,769,2307,UPI,CUST0475
TXN000032,10/30/2024,Women's Kurti,Clothing,West,Offline,2,1247.98,2495.96,UPI,CUST0746
TXN005469,10/30/2024,Pressure Cooker,Home & Kitchen,South,Offline,3,2214.3,6642.9,Net Banking,CUST0455
TXN003959,10/30/2024,Sunscreen SPF50,Beauty & Personal Care,West,Online,2,265.69,531.38,Credit Card,CUST0812
TXN001426,10/30/2024,Non-Stick Pan,Home & Kitchen,West,Offline,3,574.27,1722.81,Cash,CUST0848
TXN004402,10/30/2024,Water Bottle,Home & Kitchen,East,Offline,1,395.51,395.51,UPI,CUST0010
TXN002842,10/30/2024,Women's Kurti,Clothing,North,Offline,1,1372.61,1372.61,Cash,CUST0726
TXN004044,10/30/2024,Non-Stick Pan,Home & Kitchen,South,Online,2,712.67,1425.34,Net Banking,CUST0332
TXN003962,10/30/2024,Sunflower Oil 1L,Grocery,South,Offline,4,129.05,516.2,Credit Card,CUST0719
TXN004148,10/30/2024,Pressure Cooker,Home & Kitchen,West,Online,1,2486.75,2486.75,Net Banking,CUST0476
TXN003521,10/30/2024,Kids Hoodie,Clothing,East,Online,4,1064.71,4258.84,Credit Card,CUST0094
TXN001420,10/30/2024,Wireless Earbuds,Electronics,North,Offline,3,3778.56,11335.68,Net Banking,CUST0384
TXN005755,10/30/2024,Sunscreen SPF50,Beauty & Personal Care,East,Offline,2,350.48,700.96,Credit Card,CUST0229
TXN005655,10/30/2024,Wireless Earbuds,Electronics,North,Online,2,3376.18,6752.36,Cash,CUST0678
TXN004112,10/30/2024,Women's Kurti,Clothing,East,Online,2,1476.7,2953.4,Credit Card,CUST0615
TXN004534,10/30/2024,Water Bottle,Home & Kitchen,South,Offline,1,224.83,224.83,UPI,CUST0061
TXN003026,10/30/2024,Shampoo 400ml,Beauty & Personal Care,South,Online,2,387.66,775.32,Cash,CUST0028
TXN001806,10/31/2024,LED TV 32in,Electronics,West,Online,3,11546.48,34639.44,UPI,CUST0718
TXN005004,10/31/2024,Wheat Flour 5kg,Grocery,North,Offline,3,200.34,601.02,Credit Card,CUST0350
TXN004100,10/31/2024,Face Wash,Beauty & Personal Care,North,Online,2,441.48,882.96,Credit Card,CUST0521
TXN004011,10/31/2024,Winter Jacket,Clothing,East,Online,2,1942.97,3885.94,Credit Card,CUST0790
TXN004095,10/31/2024,Tea Powder 500g,Grocery,North,Online,2,250.97,501.94,Credit Card,CUST0066
TXN004762,10/31/2024,LED TV 32in,Electronics,North,Online,1,10720.9,10720.9,Credit Card,CUST0105
TXN004048,10/31/2024,Non-Stick Pan,Home & Kitchen,South,Offline,1,1017.19,1017.19,UPI,CUST0658
TXN005186,10/31/2024,Laptop Bag,Electronics,East,Online,3,702.78,2108.34,Credit Card,CUST0415
TXN005842,10/31/2024,Wireless Earbuds,Electronics,North,Online,3,1142.05,3426.15,Credit Card,CUST0113
TXN000978,10/31/2024,Hair Oil,Beauty & Personal Care,East,Offline,1,226.32,226.32,Credit Card,CUST0464
TXN000628,10/31/2024,Women's Kurti,Clothing,West,Offline,5,1259.56,6297.8,Credit Card,CUST0274
TXN001205,11/1/2024,Bed Sheet Set,Home & Kitchen,North,Offline,1,1111.29,1111.29,Net Banking,CUST0708
TXN002507,11/1/2024,Smartwatch,Electronics,East,Offline,3,3671.28,11013.84,Net Banking,CUST0764
TXN004634,11/1/2024,Formal Shirt,Clothing,West,Online,1,1091.01,1091.01,Credit Card,CUST0711
TXN004104,11/1/2024,Power Bank 10000mAh,Electronics,North,Offline,3,1236.16,3708.48,Cash,CUST0309
TXN002056,11/1/2024,Laptop Bag,Electronics,South,Offline,2,750.92,1501.84,Net Banking,CUST0596
TXN002009,11/1/2024,Winter Jacket,Clothing,West,Online,1,2266.24,2266.24,Credit Card,CUST0273
TXN005219,11/1/2024,Sunflower Oil 1L,Grocery,South,Online,4,170.33,681.32,Cash,CUST0248
TXN002030,11/1/2024,Kids Hoodie,Clothing,East,Online,1,706.5,706.5,UPI,CUST0365
TXN005711,11/1/2024,Formal Shirt,Clothing,West,Offline,5,736.62,3683.1,Cash,CUST0775
TXN000433,11/1/2024,Bluetooth Speaker,Electronics,North,Offline,3,1723.28,5169.84,Cash,CUST0219
TXN001401,11/1/2024,Basmati Rice 5kg,Grocery,East,Online,4,582.17,2328.68,UPI,CUST0717
TXN001142,11/1/2024,Laptop Bag,Electronics,West,Offline,2,602.01,1204.02,Net Banking,CUST0499
TXN000399,11/1/2024,Sunscreen SPF50,Beauty & Personal Care,North,Online,3,304.65,913.95,Credit Card,CUST0539
TXN000404,11/1/2024,Laptop Bag,Electronics,North,Online,1,1260.83,1260.83,Credit Card,CUST0482
TXN000179,11/1/2024,LED TV 32in,Electronics,South,Online,2,12509.57,25019.14,Credit Card,CUST0205
TXN001429,11/1/2024,Smartwatch,Electronics,North,Offline,1,4812.9,4812.9,UPI,CUST0538
TXN004814,11/1/2024,LED TV 32in,Electronics,East,Online,3,13741.62,41224.86,Net Banking,CUST0842
TXN001470,11/1/2024,Water Bottle,Home & Kitchen,East,Online,4,423.99,1695.96,UPI,CUST0646
TXN000266,11/1/2024,Wheat Flour 5kg,Grocery,West,Offline,2,303.92,607.84,Credit Card,CUST0727
TXN002730,11/1/2024,Wheat Flour 5kg,Grocery,North,Online,1,332.51,332.51,Net Banking,CUST0533
TXN004205,11/2/2024,Bluetooth Speaker,Electronics,North,Offline,2,2580.47,5160.94,UPI,CUST0281
TXN002557,11/2/2024,Face Wash,Beauty & Personal Care,East,Online,1,406.66,406.66,Net Banking,CUST0453
TXN000317,11/2/2024,Hair Oil,Beauty & Personal Care,East,Online,1,223.28,223.28,Credit Card,CUST0077
TXN004917,11/2/2024,Sugar 1kg,Grocery,West,Offline,1,57.61,57.61,Cash,CUST0117
TXN003977,11/2/2024,Power Bank 10000mAh,Electronics,West,Offline,2,1429.84,2859.68,Credit Card,CUST0523
TXN005417,11/2/2024,Perfume 100ml,Beauty & Personal Care,East,Online,2,1366.06,2732.12,Credit Card,CUST0633
TXN001787,11/2/2024,Face Wash,Beauty & Personal Care,North,Offline,3,169.4,508.2,Credit Card,CUST0119
TXN005729,11/2/2024,Tea Powder 500g,Grocery,West,Online,1,337.28,337.28,UPI,CUST0495
TXN002580,11/2/2024,Hair Oil,Beauty & Personal Care,North,Online,2,250.02,500.04,Net Banking,CUST0374
TXN000336,11/2/2024,Pressure Cooker,Home & Kitchen,West,Online,1,2026.02,2026.02,Credit Card,CUST0339
TXN000786,11/2/2024,Shampoo 400ml,Beauty & Personal Care,West,Offline,1,235.5,235.5,Credit Card,CUST0768
TXN004864,11/2/2024,Mixer Grinder,Home & Kitchen,North,Online,2,3594.49,7188.98,Credit Card,CUST0166
TXN002510,11/2/2024,Smartwatch,Electronics,East,Online,3,3402.31,10206.93,UPI,CUST0042
TXN005666,11/3/2024,Sunscreen SPF50,Beauty & Personal Care,South,Online,2,682.34,1364.68,UPI,CUST0325
TXN001702,11/3/2024,Winter Jacket,Clothing,East,Offline,1,2559.44,2559.44,Cash,CUST0053
TXN005536,11/3/2024,Face Wash,Beauty & Personal Care,East,Online,2,271.2,542.4,UPI,CUST0500
TXN003065,11/3/2024,Sunscreen SPF50,Beauty & Personal Care,East,Online,2,408.73,817.46,Credit Card,CUST0010
TXN003180,11/3/2024,Water Bottle,Home & Kitchen,West,Online,1,320.3,320.3,Credit Card,CUST0218
TXN000816,11/3/2024,Body Lotion,Beauty & Personal Care,West,Online,2,591.23,1182.46,UPI,CUST0894
TXN005831,11/3/2024,Formal Shirt,Clothing,South,Offline,1,1014.42,1014.42,UPI,CUST0419
TXN003314,11/3/2024,Bluetooth Speaker,Electronics,East,Online,3,2553.88,7661.64,Credit Card,CUST0225
TXN003525,11/3/2024,Laptop Bag,Electronics,South,Offline,5,1752.62,8763.1,UPI,CUST0281
TXN003360,11/3/2024,Wheat Flour 5kg,Grocery,East,Online,1,251.51,251.51,UPI,CUST0373
TXN003137,11/3/2024,Toor Dal 1kg,Grocery,East,Online,1,133.28,133.28,Net Banking,CUST0870
TXN002224,11/3/2024,Pressure Cooker,Home & Kitchen,South,Offline,4,1393.21,5572.84,Cash,CUST0417
TXN004685,11/3/2024,Toor Dal 1kg,Grocery,South,Offline,4,129.95,519.8,Cash,CUST0418
TXN005439,11/3/2024,Bed Sheet Set,Home & Kitchen,South,Online,2,1617.66,3235.32,UPI,CUST0419
TXN001944,11/3/2024,Pressure Cooker,Home & Kitchen,West,Online,2,2385.46,4770.92,Credit Card,CUST0846
TXN001952,11/3/2024,Wireless Earbuds,Electronics,North,Offline,3,1781.78,5345.34,UPI,CUST0229
TXN002215,11/3/2024,Shampoo 400ml,Beauty & Personal Care,North,Online,3,448.69,1346.07,Net Banking,CUST0192
TXN002709,11/3/2024,Hair Oil,Beauty & Personal Care,West,Online,3,102.43,307.29,Credit Card,CUST0820
TXN004092,11/3/2024,Water Bottle,Home & Kitchen,West,Offline,2,459.24,918.48,Credit Card,CUST0507
TXN001837,11/3/2024,Body Lotion,Beauty & Personal Care,East,Offline,3,261.32,783.96,Cash,CUST0892
TXN000222,11/3/2024,Sugar 1kg,Grocery,North,Online,1,57.68,57.68,Net Banking,CUST0848
TXN001139,11/3/2024,Non-Stick Pan,Home & Kitchen,South,Online,2,1139.08,2278.16,Credit Card,CUST0216
TXN005090,11/3/2024,Sunscreen SPF50,Beauty & Personal Care,West,Offline,2,566.92,1133.84,Net Banking,CUST0733
TXN004665,11/3/2024,Bed Sheet Set,Home & Kitchen,North,Online,1,1129,1129,Cash,CUST0825
TXN000728,11/3/2024,Kids Hoodie,Clothing,South,Online,1,841.25,841.25,Net Banking,CUST0479
TXN005174,11/3/2024,Wireless Earbuds,Electronics,East,Online,2,2290.15,4580.3,Credit Card,CUST0419
TXN001822,11/4/2024,Non-Stick Pan,Home & Kitchen,West,Online,3,731.95,2195.85,Credit Card,CUST0698
TXN001597,11/4/2024,Kids Hoodie,Clothing,East,Offline,1,730.66,730.66,Cash,CUST0508
TXN004592,11/4/2024,Hair Oil,Beauty & Personal Care,North,Offline,4,170.75,683,Net Banking,CUST0670
TXN004218,11/4/2024,Denim Jeans,Clothing,West,Offline,1,1257.71,1257.71,Credit Card,CUST0442
TXN000812,11/4/2024,LED TV 32in,Electronics,West,Offline,1,12911.53,12911.53,Cash,CUST0056
TXN001933,11/4/2024,Bed Sheet Set,Home & Kitchen,South,Online,3,1279.62,3838.86,UPI,CUST0116
TXN003946,11/4/2024,Water Bottle,Home & Kitchen,East,Offline,2,264.63,529.26,Cash,CUST0365
TXN004581,11/4/2024,Sunscreen SPF50,Beauty & Personal Care,South,Offline,1,643.56,643.56,Net Banking,CUST0721
TXN001797,11/4/2024,Bed Sheet Set,Home & Kitchen,South,Online,1,1753.73,1753.73,Net Banking,CUST0578
TXN003621,11/4/2024,Mixer Grinder,Home & Kitchen,South,Online,1,3901.69,3901.69,UPI,CUST0768
TXN001096,11/4/2024,Denim Jeans,Clothing,East,Offline,5,1732.92,8664.6,UPI,CUST0559
TXN003512,11/4/2024,Wheat Flour 5kg,Grocery,South,Offline,1,337.19,337.19,UPI,CUST0003
TXN005011,11/4/2024,Sunscreen SPF50,Beauty & Personal Care,South,Offline,5,467.94,2339.7,UPI,CUST0379
TXN002239,11/4/2024,Basmati Rice 5kg,Grocery,East,Offline,2,679.52,1359.04,UPI,CUST0472
TXN004082,11/4/2024,Bluetooth Speaker,Electronics,West,Offline,4,2852.43,11409.72,Net Banking,CUST0230
TXN002692,11/5/2024,Toor Dal 1kg,Grocery,West,Online,2,148.3,296.6,Cash,CUST0166
TXN005283,11/5/2024,LED Bulb Pack,Home & Kitchen,East,Offline,5,326.84,1634.2,Credit Card,CUST0114
TXN002312,11/5/2024,Basmati Rice 5kg,Grocery,East,Offline,2,386.34,772.68,UPI,CUST0576
TXN003209,11/5/2024,LED TV 32in,Electronics,West,Online,1,13647.18,13647.18,Credit Card,CUST0796
TXN002178,11/5/2024,Denim Jeans,Clothing,South,Offline,4,1203.08,4812.32,UPI,CUST0105
TXN004996,11/5/2024,Face Wash,Beauty & Personal Care,West,Online,1,242.46,242.46,Credit Card,CUST0233
TXN004808,11/5/2024,Pressure Cooker,Home & Kitchen,North,Online,3,1769.37,5308.11,Credit Card,CUST0102
TXN001714,11/5/2024,Face Wash,Beauty & Personal Care,East,Online,4,319.01,1276.04,Credit Card,CUST0657
TXN002864,11/5/2024,Denim Jeans,Clothing,North,Online,3,2032,6096,Net Banking,CUST0262
TXN002365,11/5/2024,Basmati Rice 5kg,Grocery,East,Offline,1,589.61,589.61,UPI,CUST0708
TXN005484,11/5/2024,Winter Jacket,Clothing,East,Offline,1,1919.76,1919.76,UPI,CUST0234
TXN001861,11/5/2024,Bluetooth Speaker,Electronics,North,Offline,1,2364.48,2364.48,UPI,CUST0140
TXN005602,11/5/2024,Laptop Bag,Electronics,South,Online,2,1339.07,2678.14,Credit Card,CUST0075
TXN001634,11/5/2024,Men's T-Shirt,Clothing,East,Offline,3,624.05,1872.15,UPI,CUST0012
TXN001996,11/5/2024,Wireless Earbuds,Electronics,South,Online,1,1061.37,1061.37,UPI,CUST0781
TXN003489,11/6/2024,Pressure Cooker,Home & Kitchen,South,Online,1,1067.92,1067.92,UPI,CUST0093
TXN005114,11/6/2024,Body Lotion,Beauty & Personal Care,South,Offline,3,499.67,1499.01,Credit Card,CUST0454
TXN005220,11/6/2024,Body Lotion,Beauty & Personal Care,North,Online,1,262.54,262.54,Credit Card,CUST0575
TXN003596,11/6/2024,Tea Powder 500g,Grocery,West,Online,5,198.08,990.4,Credit Card,CUST0530
TXN000781,11/6/2024,Perfume 100ml,Beauty & Personal Care,South,Offline,3,1119.37,3358.11,UPI,CUST0315
TXN000771,11/6/2024,Mixer Grinder,Home & Kitchen,North,Online,1,1894.12,1894.12,Cash,CUST0356
TXN002552,11/6/2024,Men's T-Shirt,Clothing,North,Online,1,471.5,471.5,Net Banking,CUST0576
TXN003454,11/6/2024,Face Wash,Beauty & Personal Care,West,Offline,1,420.55,420.55,Cash,CUST0849
TXN001875,11/6/2024,Bed Sheet Set,Home & Kitchen,West,Online,2,1249.68,2499.36,Cash,CUST0486
TXN005360,11/6/2024,Face Wash,Beauty & Personal Care,West,Online,1,401.45,401.45,Net Banking,CUST0204
TXN000168,11/6/2024,Women's Kurti,Clothing,West,Offline,3,1306.2,3918.6,UPI,CUST0108
TXN003122,11/6/2024,Smartwatch,Electronics,South,Offline,1,5196.27,5196.27,UPI,CUST0229
TXN003922,11/7/2024,Face Wash,Beauty & Personal Care,West,Offline,4,264.72,1058.88,Net Banking,CUST0262
TXN000223,11/7/2024,Tea Powder 500g,Grocery,South,Offline,3,314.67,944.01,UPI,CUST0768
TXN002354,11/7/2024,Shampoo 400ml,Beauty & Personal Care,East,Online,1,497.98,497.98,Cash,CUST0115
TXN003923,11/7/2024,Sunscreen SPF50,Beauty & Personal Care,East,Online,1,580.61,580.61,UPI,CUST0352
TXN001923,11/7/2024,Sugar 1kg,Grocery,South,Online,1,40.73,40.73,Net Banking,CUST0537
TXN003743,11/7/2024,Toor Dal 1kg,Grocery,West,Online,3,142.07,426.21,Credit Card,CUST0766
TXN000126,11/7/2024,LED Bulb Pack,Home & Kitchen,North,Offline,1,286.65,286.65,Cash,CUST0433
TXN000768,11/7/2024,LED Bulb Pack,Home & Kitchen,South,Offline,3,214.33,642.99,UPI,CUST0825
TXN005225,11/7/2024,LED Bulb Pack,Home & Kitchen,North,Online,1,302.64,302.64,UPI,CUST0716
TXN002539,11/7/2024,Toor Dal 1kg,Grocery,North,Offline,1,174.14,174.14,UPI,CUST0821
TXN002113,11/7/2024,Bluetooth Speaker,Electronics,West,Online,1,2648.68,2648.68,UPI,CUST0274
TXN001028,11/7/2024,Mixer Grinder,Home & Kitchen,South,Offline,2,2439.21,4878.42,UPI,CUST0442
TXN003253,11/7/2024,Laptop Bag,Electronics,West,Offline,4,1639.77,6559.08,Credit Card,CUST0620
TXN005751,11/7/2024,Smartwatch,Electronics,West,Online,1,3915.36,3915.36,Credit Card,CUST0085
TXN001876,11/7/2024,Kids Hoodie,Clothing,East,Online,1,859.37,859.37,Net Banking,CUST0397
TXN002479,11/7/2024,Non-Stick Pan,Home & Kitchen,West,Online,1,601.14,601.14,Cash,CUST0084
TXN000218,11/7/2024,Mixer Grinder,Home & Kitchen,South,Online,2,2131.12,4262.24,Net Banking,CUST0784
TXN000036,11/7/2024,Sunflower Oil 1L,Grocery,East,Online,2,212.9,425.8,UPI,CUST0250
TXN005263,11/7/2024,Basmati Rice 5kg,Grocery,West,Online,2,360.09,720.18,UPI,CUST0239
TXN000325,11/7/2024,Mixer Grinder,Home & Kitchen,North,Online,3,3930.51,11791.53,UPI,CUST0391
TXN003197,11/7/2024,Face Wash,Beauty & Personal Care,North,Online,1,312.13,312.13,Credit Card,CUST0012
TXN002308,11/7/2024,Winter Jacket,Clothing,East,Online,2,2775.69,5551.38,UPI,CUST0662
TXN004874,11/7/2024,Kids Hoodie,Clothing,North,Online,4,1136.53,4546.12,UPI,CUST0631
TXN003166,11/7/2024,Perfume 100ml,Beauty & Personal Care,South,Offline,2,759.36,1518.72,Cash,CUST0098
TXN000289,11/7/2024,Laptop Bag,Electronics,North,Online,2,1323.51,2647.02,Credit Card,CUST0272
TXN005663,11/7/2024,Bed Sheet Set,Home & Kitchen,South,Online,5,1530.93,7654.65,UPI,CUST0179
TXN000312,11/7/2024,Mixer Grinder,Home & Kitchen,North,Offline,2,3954.75,7909.5,Credit Card,CUST0412
TXN001187,11/8/2024,Perfume 100ml,Beauty & Personal Care,South,Offline,2,1105.12,2210.24,Net Banking,CUST0104
TXN002690,11/8/2024,Men's T-Shirt,Clothing,East,Online,1,605.59,605.59,Cash,CUST0188
TXN001778,11/8/2024,Men's T-Shirt,Clothing,East,Online,1,352.43,352.43,UPI,CUST0054
TXN001990,11/8/2024,Kids Hoodie,Clothing,East,Online,1,788.42,788.42,Credit Card,CUST0746
TXN005502,11/8/2024,Formal Shirt,Clothing,North,Online,1,1145.93,1145.93,UPI,CUST0789
TXN002299,11/8/2024,Mixer Grinder,Home & Kitchen,South,Online,1,3992.37,3992.37,Credit Card,CUST0098
TXN002332,11/8/2024,Wireless Earbuds,Electronics,South,Online,3,2075.49,6226.47,Credit Card,CUST0527
TXN005435,11/8/2024,Sugar 1kg,Grocery,North,Offline,1,51.13,51.13,Cash,CUST0231
TXN003497,11/8/2024,Bed Sheet Set,Home & Kitchen,West,Online,1,957.66,957.66,UPI,CUST0268
TXN005733,11/8/2024,Winter Jacket,Clothing,East,Offline,2,1354.98,2709.96,Cash,CUST0569
TXN004014,11/8/2024,Denim Jeans,Clothing,West,Offline,4,1885.08,7540.32,Credit Card,CUST0187
TXN005835,11/8/2024,Toor Dal 1kg,Grocery,South,Online,1,157.24,157.24,Credit Card,CUST0155
TXN002853,11/8/2024,Women's Kurti,Clothing,East,Offline,1,731.6,731.6,UPI,CUST0280
TXN002578,11/8/2024,Winter Jacket,Clothing,West,Online,5,1449.92,7249.6,UPI,CUST0479
TXN002583,11/8/2024,Power Bank 10000mAh,Electronics,South,Online,2,993.04,1986.08,Credit Card,CUST0254
TXN004022,11/8/2024,Men's T-Shirt,Clothing,South,Offline,2,600.37,1200.74,UPI,CUST0653
TXN001880,11/8/2024,Water Bottle,Home & Kitchen,South,Offline,2,324,648,Credit Card,CUST0198
TXN005529,11/8/2024,Bed Sheet Set,Home & Kitchen,South,Offline,1,1559.25,1559.25,UPI,CUST0249
TXN005651,11/8/2024,Sunflower Oil 1L,Grocery,North,Offline,1,125.69,125.69,Cash,CUST0306
TXN005274,11/8/2024,Wheat Flour 5kg,Grocery,South,Online,2,230.58,461.16,Credit Card,CUST0746
TXN002218,11/8/2024,Body Lotion,Beauty & Personal Care,West,Offline,3,303.74,911.22,Credit Card,CUST0012
TXN005228,11/8/2024,Water Bottle,Home & Kitchen,West,Online,3,161.11,483.33,UPI,CUST0271
TXN004944,11/9/2024,Sunscreen SPF50,Beauty & Personal Care,North,Online,2,426.82,853.64,Net Banking,CUST0013
TXN000749,11/9/2024,Laptop Bag,Electronics,South,Online,3,1752.49,5257.47,Cash,CUST0697
TXN001239,11/9/2024,Basmati Rice 5kg,Grocery,East,Online,1,667.44,667.44,Cash,CUST0183
TXN003027,11/9/2024,Toor Dal 1kg,Grocery,North,Offline,2,136.91,273.82,Credit Card,CUST0524
TXN004838,11/9/2024,Power Bank 10000mAh,Electronics,East,Online,3,1040.55,3121.65,Credit Card,CUST0248
TXN003986,11/9/2024,Shampoo 400ml,Beauty & Personal Care,North,Online,1,306.43,306.43,UPI,CUST0790
TXN004744,11/9/2024,Bluetooth Speaker,Electronics,North,Offline,4,2291.62,9166.48,UPI,CUST0317
TXN004374,11/9/2024,Formal Shirt,Clothing,East,Online,3,1105.41,3316.23,Net Banking,CUST0693
TXN001306,11/9/2024,LED TV 32in,Electronics,South,Online,1,10264.39,10264.39,Credit Card,CUST0812
TXN001255,11/9/2024,Winter Jacket,Clothing,North,Online,3,2486.38,7459.14,Credit Card,CUST0095
TXN003147,11/9/2024,Pressure Cooker,Home & Kitchen,North,Offline,3,2159.72,6479.16,UPI,CUST0302
TXN003198,11/9/2024,Wireless Earbuds,Electronics,East,Online,4,1652.01,6608.04,Net Banking,CUST0076
TXN005239,11/9/2024,Smartwatch,Electronics,West,Offline,1,3014.18,3014.18,Credit Card,CUST0541
TXN005513,11/9/2024,Wheat Flour 5kg,Grocery,West,Offline,2,265.94,531.88,Credit Card,CUST0764
TXN002049,11/9/2024,Shampoo 400ml,Beauty & Personal Care,North,Online,2,471.28,942.56,Cash,CUST0341
TXN005414,11/9/2024,Tea Powder 500g,Grocery,East,Offline,1,154.04,154.04,Credit Card,CUST0249
TXN004652,11/9/2024,Bluetooth Speaker,Electronics,South,Online,4,3153.15,12612.6,UPI,CUST0359
TXN003094,11/9/2024,Face Wash,Beauty & Personal Care,West,Online,4,419.27,1677.08,Credit Card,CUST0051
TXN003175,11/10/2024,Bed Sheet Set,Home & Kitchen,West,Online,1,1546.34,1546.34,UPI,CUST0582
TXN002153,11/10/2024,Formal Shirt,Clothing,South,Offline,1,764.42,764.42,Net Banking,CUST0249
TXN001993,11/10/2024,Wireless Earbuds,Electronics,South,Online,2,2704.91,5409.82,Credit Card,CUST0684
TXN002297,11/10/2024,Pressure Cooker,Home & Kitchen,West,Online,5,1104.56,5522.8,UPI,CUST0837
TXN005852,11/10/2024,Shampoo 400ml,Beauty & Personal Care,North,Offline,1,398.25,398.25,Credit Card,CUST0499
TXN002282,11/10/2024,Sunflower Oil 1L,Grocery,North,Online,1,127.04,127.04,UPI,CUST0262
TXN004853,11/10/2024,Winter Jacket,Clothing,North,Offline,3,3071.52,9214.56,Credit Card,CUST0105
TXN004619,11/10/2024,Sunflower Oil 1L,Grocery,East,Online,3,193.33,579.99,Net Banking,CUST0113
TXN002645,11/10/2024,Face Wash,Beauty & Personal Care,South,Online,5,400.29,2001.45,UPI,CUST0770
TXN002650,11/10/2024,Kids Hoodie,Clothing,West,Offline,2,1051.09,2102.18,Credit Card,CUST0500
TXN000005,11/10/2024,Sugar 1kg,Grocery,East,Online,1,58.45,58.45,Cash,CUST0391
TXN003484,11/10/2024,Mixer Grinder,Home & Kitchen,West,Online,3,1858.69,5576.07,Credit Card,CUST0500
TXN000124,11/10/2024,Tea Powder 500g,Grocery,East,Online,3,184,552,UPI,CUST0866
TXN002342,11/10/2024,Water Bottle,Home & Kitchen,North,Online,1,255.95,255.95,Net Banking,CUST0396
TXN000102,11/11/2024,LED TV 32in,Electronics,North,Offline,2,12456.57,24913.14,Net Banking,CUST0483
TXN002742,11/11/2024,Perfume 100ml,Beauty & Personal Care,West,Offline,1,1540.75,1540.75,UPI,CUST0807
TXN004483,11/11/2024,Shampoo 400ml,Beauty & Personal Care,East,Online,2,239.87,479.74,Cash,CUST0246
TXN000943,11/11/2024,Bed Sheet Set,Home & Kitchen,East,Offline,1,905.83,905.83,UPI,CUST0402
TXN005512,11/11/2024,Winter Jacket,Clothing,North,Offline,1,3483.79,3483.79,UPI,CUST0322
TXN000303,11/11/2024,Wireless Earbuds,Electronics,South,Online,2,1829.92,3659.84,Credit Card,CUST0023
TXN005945,11/11/2024,Denim Jeans,Clothing,West,Online,2,2042.48,4084.96,UPI,CUST0808
TXN000097,11/11/2024,Laptop Bag,Electronics,South,Online,2,917.58,1835.16,UPI,CUST0812
TXN005590,11/11/2024,Bluetooth Speaker,Electronics,North,Online,1,1203.38,1203.38,Credit Card,CUST0624
TXN002641,11/11/2024,Smartwatch,Electronics,West,Online,4,3697.78,14791.12,UPI,CUST0199
TXN003232,11/11/2024,Body Lotion,Beauty & Personal Care,South,Online,2,241.76,483.52,UPI,CUST0205
TXN005706,11/11/2024,Smartwatch,Electronics,East,Online,4,4575.12,18300.48,Credit Card,CUST0115
TXN002357,11/11/2024,Winter Jacket,Clothing,South,Online,1,1627.64,1627.64,UPI,CUST0595
TXN005540,11/11/2024,Wireless Earbuds,Electronics,South,Online,2,1716.49,3432.98,Net Banking,CUST0476
TXN005697,11/11/2024,Men's T-Shirt,Clothing,East,Online,4,887.45,3549.8,UPI,CUST0115
TXN005153,11/11/2024,Perfume 100ml,Beauty & Personal Care,West,Online,3,2351.42,7054.26,UPI,CUST0479
TXN004767,11/11/2024,Body Lotion,Beauty & Personal Care,West,Online,1,506.12,506.12,Cash,CUST0613
TXN001132,11/11/2024,Power Bank 10000mAh,Electronics,West,Online,1,1373.85,1373.85,UPI,CUST0500
TXN005067,11/12/2024,Mixer Grinder,Home & Kitchen,South,Online,1,3254.96,3254.96,Credit Card,CUST0807
TXN003164,11/12/2024,Bluetooth Speaker,Electronics,West,Offline,3,2724.71,8174.13,UPI,CUST0241
TXN004831,11/12/2024,Sunscreen SPF50,Beauty & Personal Care,South,Offline,1,521.51,521.51,Net Banking,CUST0732
TXN000304,11/12/2024,Bluetooth Speaker,Electronics,West,Online,2,2816.54,5633.08,Cash,CUST0293
TXN001230,11/12/2024,Bluetooth Speaker,Electronics,South,Offline,1,1771.19,1771.19,UPI,CUST0395
TXN004730,11/12/2024,Sunscreen SPF50,Beauty & Personal Care,East,Offline,1,587.18,587.18,Cash,CUST0088
TXN000944,11/12/2024,Face Wash,Beauty & Personal Care,East,Offline,1,267.89,267.89,Credit Card,CUST0532
TXN005401,11/12/2024,Pressure Cooker,Home & Kitchen,South,Online,2,1053.42,2106.84,Net Banking,CUST0698
TXN003384,11/12/2024,LED TV 32in,Electronics,East,Online,1,13797.16,13797.16,Credit Card,CUST0054
TXN002251,11/12/2024,Hair Oil,Beauty & Personal Care,West,Offline,4,324.36,1297.44,UPI,CUST0535
TXN004019,11/12/2024,Wheat Flour 5kg,Grocery,South,Online,1,306.51,306.51,UPI,CUST0676
TXN004448,11/12/2024,Sunscreen SPF50,Beauty & Personal Care,North,Online,1,470.59,470.59,Credit Card,CUST0243
TXN000894,11/12/2024,Shampoo 400ml,Beauty & Personal Care,North,Online,3,197.7,593.1,UPI,CUST0579
TXN004822,11/12/2024,Hair Oil,Beauty & Personal Care,North,Online,1,336.55,336.55,UPI,CUST0391
TXN001221,11/12/2024,Women's Kurti,Clothing,North,Online,2,869.11,1738.22,Credit Card,CUST0717
TXN000655,11/12/2024,Hair Oil,Beauty & Personal Care,West,Online,1,133.05,133.05,Credit Card,CUST0219
TXN001485,11/12/2024,LED Bulb Pack,Home & Kitchen,West,Online,1,307.48,307.48,Credit Card,CUST0285
TXN002048,11/13/2024,Water Bottle,Home & Kitchen,East,Offline,3,241.28,723.84,UPI,CUST0464
TXN002929,11/13/2024,Shampoo 400ml,Beauty & Personal Care,East,Online,1,424.62,424.62,UPI,CUST0749
TXN002306,11/13/2024,Sugar 1kg,Grocery,North,Offline,2,52.42,104.84,Net Banking,CUST0748
TXN001064,11/13/2024,Mixer Grinder,Home & Kitchen,West,Offline,3,3045.78,9137.34,UPI,CUST0359
TXN002220,11/13/2024,Formal Shirt,Clothing,West,Online,1,1318.84,1318.84,UPI,CUST0201
TXN001416,11/13/2024,Non-Stick Pan,Home & Kitchen,East,Offline,2,640.33,1280.66,Credit Card,CUST0127
TXN001371,11/13/2024,Winter Jacket,Clothing,North,Online,2,3130.16,6260.32,UPI,CUST0102
TXN004830,11/13/2024,Smartwatch,Electronics,West,Online,5,4149.23,20746.15,Credit Card,CUST0815
TXN005760,11/13/2024,Bed Sheet Set,Home & Kitchen,North,Online,1,644.89,644.89,UPI,CUST0267
TXN000201,11/13/2024,Denim Jeans,Clothing,West,Offline,1,1730.12,1730.12,Credit Card,CUST0054
TXN004075,11/13/2024,Non-Stick Pan,Home & Kitchen,South,Offline,3,883.65,2650.95,Credit Card,CUST0241
TXN000155,11/13/2024,LED Bulb Pack,Home & Kitchen,North,Online,4,166.78,667.12,Credit Card,CUST0898
TXN005642,11/13/2024,Kids Hoodie,Clothing,North,Offline,1,514.06,514.06,Net Banking,CUST0718
TXN003736,11/14/2024,Wheat Flour 5kg,Grocery,West,Online,1,321.95,321.95,UPI,CUST0848
TXN004203,11/14/2024,Basmati Rice 5kg,Grocery,East,Offline,2,396.25,792.5,UPI,CUST0504
TXN003650,11/14/2024,Wireless Earbuds,Electronics,East,Offline,4,1658.08,6632.32,Credit Card,CUST0714
TXN001267,11/14/2024,Bluetooth Speaker,Electronics,East,Offline,5,2997.32,14986.6,UPI,CUST0537
TXN004639,11/14/2024,Tea Powder 500g,Grocery,South,Online,1,310.02,310.02,UPI,CUST0476
TXN000834,11/14/2024,Tea Powder 500g,Grocery,West,Online,5,324.86,1624.3,Cash,CUST0394
TXN000701,11/14/2024,Kids Hoodie,Clothing,East,Online,5,870.26,4351.3,UPI,CUST0184
TXN004153,11/14/2024,Formal Shirt,Clothing,South,Online,1,1518.39,1518.39,Credit Card,CUST0179
TXN003170,11/14/2024,Formal Shirt,Clothing,West,Online,1,1301.89,1301.89,UPI,CUST0753
TXN004883,11/14/2024,Sugar 1kg,Grocery,South,Online,1,55.6,55.6,Credit Card,CUST0519
TXN005976,11/14/2024,Denim Jeans,Clothing,East,Offline,5,1446.83,7234.15,Cash,CUST0399
TXN002208,11/15/2024,Bed Sheet Set,Home & Kitchen,West,Offline,2,1495.23,2990.46,Credit Card,CUST0008
TXN005698,11/15/2024,Smartwatch,Electronics,West,Offline,2,4958.74,9917.48,Credit Card,CUST0241
TXN000627,11/15/2024,Men's T-Shirt,Clothing,South,Offline,2,393,786,UPI,CUST0261
TXN000913,11/15/2024,Denim Jeans,Clothing,North,Online,1,1164.22,1164.22,Cash,CUST0248
TXN000922,11/15/2024,Laptop Bag,Electronics,East,Online,1,1161.7,1161.7,Cash,CUST0117
TXN003304,11/15/2024,Shampoo 400ml,Beauty & Personal Care,East,Online,1,337.44,337.44,UPI,CUST0854
TXN002397,11/15/2024,Hair Oil,Beauty & Personal Care,South,Online,1,325.71,325.71,Credit Card,CUST0550
TXN004061,11/15/2024,Perfume 100ml,Beauty & Personal Care,North,Offline,1,1583.97,1583.97,Credit Card,CUST0486
TXN003162,11/15/2024,Sugar 1kg,Grocery,South,Online,2,53.83,107.66,UPI,CUST0199
TXN005840,11/15/2024,Basmati Rice 5kg,Grocery,East,Offline,2,445.62,891.24,UPI,CUST0834
TXN004136,11/15/2024,Hair Oil,Beauty & Personal Care,North,Online,2,281.04,562.08,Credit Card,CUST0353
TXN000468,11/15/2024,Bluetooth Speaker,Electronics,West,Online,2,1564.4,3128.8,UPI,CUST0808
TXN001463,11/15/2024,Tea Powder 500g,Grocery,East,Offline,1,189.71,189.71,UPI,CUST0267
TXN000258,11/15/2024,Bed Sheet Set,Home & Kitchen,North,Offline,1,671,671,Credit Card,CUST0787
TXN001355,11/15/2024,Denim Jeans,Clothing,West,Online,5,1303.19,6515.95,UPI,CUST0786
TXN002248,11/15/2024,Smartwatch,Electronics,West,Online,2,2520.42,5040.84,UPI,CUST0569
TXN004028,11/15/2024,Mixer Grinder,Home & Kitchen,West,Offline,2,2043.69,4087.38,UPI,CUST0218
TXN004026,11/16/2024,Denim Jeans,Clothing,South,Online,2,1138.76,2277.52,UPI,CUST0243
TXN002980,11/16/2024,Toor Dal 1kg,Grocery,North,Offline,4,125.76,503.04,UPI,CUST0221
TXN000132,11/16/2024,Power Bank 10000mAh,Electronics,North,Online,2,1505.6,3011.2,Cash,CUST0519
TXN000895,11/16/2024,Sugar 1kg,Grocery,West,Online,4,53.43,213.72,Net Banking,CUST0044
TXN002344,11/16/2024,Wheat Flour 5kg,Grocery,West,Offline,2,243.62,487.24,Credit Card,CUST0599
TXN003855,11/16/2024,Kids Hoodie,Clothing,West,Online,3,747.44,2242.32,UPI,CUST0768
TXN001639,11/16/2024,LED TV 32in,Electronics,South,Online,1,10472.29,10472.29,Net Banking,CUST0672
TXN004141,11/16/2024,Men's T-Shirt,Clothing,West,Online,1,743,743,Credit Card,CUST0679
TXN001688,11/16/2024,Sugar 1kg,Grocery,North,Offline,1,46.12,46.12,Net Banking,CUST0582
TXN001520,11/16/2024,Tea Powder 500g,Grocery,North,Offline,2,173.25,346.5,UPI,CUST0362
TXN001911,11/16/2024,Hair Oil,Beauty & Personal Care,South,Offline,1,290.18,290.18,Net Banking,CUST0236
TXN002334,11/16/2024,Bluetooth Speaker,Electronics,East,Offline,1,1399.05,1399.05,Net Banking,CUST0054
TXN000938,11/16/2024,Sugar 1kg,Grocery,East,Online,1,52.01,52.01,Cash,CUST0307
TXN004881,11/16/2024,Basmati Rice 5kg,Grocery,South,Offline,3,553.92,1661.76,Net Banking,CUST0553
TXN001089,11/16/2024,Bluetooth Speaker,Electronics,South,Offline,1,1748.64,1748.64,Net Banking,CUST0400
TXN004713,11/16/2024,Bed Sheet Set,Home & Kitchen,North,Offline,2,1568.46,3136.92,UPI,CUST0732
TXN002849,11/16/2024,Mixer Grinder,Home & Kitchen,North,Online,4,3544.52,14178.08,UPI,CUST0376
TXN002700,11/16/2024,Men's T-Shirt,Clothing,East,Offline,4,648.87,2595.48,Credit Card,CUST0565
TXN000689,11/16/2024,Wireless Earbuds,Electronics,West,Offline,1,3173.11,3173.11,UPI,CUST0396
TXN002327,11/17/2024,Water Bottle,Home & Kitchen,West,Online,1,280.43,280.43,Credit Card,CUST0230
TXN005670,11/17/2024,Sunflower Oil 1L,Grocery,North,Offline,1,174.44,174.44,Cash,CUST0391
TXN000830,11/17/2024,Kids Hoodie,Clothing,North,Online,3,812.18,2436.54,Cash,CUST0532
TXN002180,11/17/2024,Smartwatch,Electronics,East,Online,1,3080.45,3080.45,UPI,CUST0840
TXN005147,11/17/2024,Non-Stick Pan,Home & Kitchen,North,Offline,2,885.2,1770.4,Net Banking,CUST0105
TXN000227,11/17/2024,Wireless Earbuds,Electronics,East,Offline,2,2804.73,5609.46,Credit Card,CUST0082
TXN003136,11/17/2024,Hair Oil,Beauty & Personal Care,North,Online,3,189.05,567.15,UPI,CUST0887
TXN003782,11/17/2024,Shampoo 400ml,Beauty & Personal Care,North,Online,1,325.34,325.34,Cash,CUST0237
TXN002962,11/17/2024,Non-Stick Pan,Home & Kitchen,North,Online,1,959.43,959.43,UPI,CUST0531
TXN003785,11/17/2024,Sunscreen SPF50,Beauty & Personal Care,South,Online,1,285.32,285.32,Net Banking,CUST0687
TXN001948,11/17/2024,Bluetooth Speaker,Electronics,East,Offline,2,2333.09,4666.18,Credit Card,CUST0241
TXN001858,11/17/2024,Non-Stick Pan,Home & Kitchen,West,Offline,1,601.73,601.73,UPI,CUST0796
TXN005829,11/17/2024,Women's Kurti,Clothing,South,Online,1,654.69,654.69,UPI,CUST0853
TXN001962,11/17/2024,Sugar 1kg,Grocery,South,Online,1,45.01,45.01,Net Banking,CUST0258
TXN000884,11/17/2024,Denim Jeans,Clothing,East,Online,3,1674.4,5023.2,UPI,CUST0540
TXN002713,11/17/2024,Bluetooth Speaker,Electronics,East,Online,2,3168.51,6337.02,Credit Card,CUST0349
TXN005827,11/17/2024,Sunscreen SPF50,Beauty & Personal Care,East,Offline,2,689.23,1378.46,Cash,CUST0306
TXN001900,11/18/2024,Smartwatch,Electronics,East,Offline,1,3842.28,3842.28,Net Banking,CUST0184
TXN002385,11/18/2024,Sunscreen SPF50,Beauty & Personal Care,South,Online,1,526.04,526.04,Credit Card,CUST0424
TXN004750,11/18/2024,Sunflower Oil 1L,Grocery,East,Online,2,176.82,353.64,Credit Card,CUST0509
TXN004500,11/18/2024,Sugar 1kg,Grocery,South,Offline,1,58.56,58.56,Credit Card,CUST0772
TXN004401,11/18/2024,Tea Powder 500g,Grocery,North,Online,1,220.92,220.92,UPI,CUST0700
TXN005207,11/18/2024,Non-Stick Pan,Home & Kitchen,West,Online,3,1019.21,3057.63,Credit Card,CUST0447
TXN003864,11/18/2024,Body Lotion,Beauty & Personal Care,West,Offline,1,491.55,491.55,UPI,CUST0237
TXN003126,11/18/2024,Non-Stick Pan,Home & Kitchen,East,Online,2,513.33,1026.66,Credit Card,CUST0734
TXN004039,11/18/2024,Power Bank 10000mAh,Electronics,East,Online,3,1465.81,4397.43,Net Banking,CUST0679
TXN002951,11/18/2024,Laptop Bag,Electronics,South,Online,2,694.86,1389.72,Credit Card,CUST0390
TXN000845,11/18/2024,Wireless Earbuds,Electronics,West,Offline,1,2846.89,2846.89,Credit Card,CUST0389
TXN003598,11/18/2024,LED Bulb Pack,Home & Kitchen,East,Online,3,271.95,815.85,UPI,CUST0127
TXN001652,11/18/2024,Women's Kurti,Clothing,East,Online,1,582.19,582.19,Net Banking,CUST0109
TXN003244,11/18/2024,Sugar 1kg,Grocery,East,Offline,4,42.79,171.16,Net Banking,CUST0741
TXN004970,11/19/2024,Toor Dal 1kg,Grocery,North,Online,2,154.84,309.68,Net Banking,CUST0514
TXN004127,11/19/2024,LED Bulb Pack,Home & Kitchen,West,Offline,3,322.79,968.37,Credit Card,CUST0243
TXN004595,11/19/2024,Wheat Flour 5kg,Grocery,North,Online,2,286.26,572.52,Net Banking,CUST0434
TXN001562,11/19/2024,LED TV 32in,Electronics,North,Online,3,13444,40332,Cash,CUST0786
TXN002084,11/19/2024,Winter Jacket,Clothing,South,Online,3,2394.48,7183.44,Net Banking,CUST0726
TXN004538,11/19/2024,Women's Kurti,Clothing,East,Offline,2,1315.59,2631.18,Net Banking,CUST0750
TXN001765,11/19/2024,Toor Dal 1kg,Grocery,South,Online,4,173.64,694.56,Credit Card,CUST0527
TXN001090,11/19/2024,LED TV 32in,Electronics,East,Online,2,9442.2,18884.4,UPI,CUST0646
TXN005930,11/19/2024,Hair Oil,Beauty & Personal Care,North,Online,4,165.36,661.44,UPI,CUST0379
TXN005581,11/19/2024,Perfume 100ml,Beauty & Personal Care,East,Offline,1,1047.07,1047.07,Cash,CUST0519
TXN000937,11/19/2024,Bed Sheet Set,Home & Kitchen,North,Offline,2,1030.85,2061.7,Net Banking,CUST0122
TXN000966,11/20/2024,Smartwatch,Electronics,South,Online,1,3924.77,3924.77,Credit Card,CUST0831
TXN000122,11/20/2024,Smartwatch,Electronics,North,Offline,3,3622.68,10868.04,Net Banking,CUST0268
TXN003095,11/20/2024,Sunscreen SPF50,Beauty & Personal Care,East,Online,3,379.01,1137.03,Credit Card,CUST0447
TXN002579,11/20/2024,Women's Kurti,Clothing,North,Offline,1,1108.77,1108.77,Credit Card,CUST0446
TXN001364,11/20/2024,Men's T-Shirt,Clothing,West,Online,2,553.54,1107.08,UPI,CUST0406
TXN000881,11/20/2024,Power Bank 10000mAh,Electronics,West,Online,2,1054.66,2109.32,Credit Card,CUST0039
TXN003747,11/20/2024,Bluetooth Speaker,Electronics,North,Offline,2,2351.92,4703.84,Cash,CUST0578
TXN002759,11/20/2024,Denim Jeans,Clothing,North,Offline,1,1510.26,1510.26,UPI,CUST0532
TXN000857,11/20/2024,Wheat Flour 5kg,Grocery,East,Online,1,285.54,285.54,UPI,CUST0850
TXN001574,11/20/2024,LED Bulb Pack,Home & Kitchen,East,Offline,2,320.84,641.68,UPI,CUST0632
TXN004630,11/20/2024,Non-Stick Pan,Home & Kitchen,West,Online,1,467.62,467.62,UPI,CUST0265
TXN002197,11/20/2024,Hair Oil,Beauty & Personal Care,South,Online,1,268.81,268.81,Credit Card,CUST0870
TXN002757,11/20/2024,Denim Jeans,Clothing,South,Online,1,1765.8,1765.8,Credit Card,CUST0309
TXN004618,11/20/2024,Power Bank 10000mAh,Electronics,West,Online,2,1732.51,3465.02,Credit Card,CUST0681
TXN002751,11/20/2024,Pressure Cooker,Home & Kitchen,East,Online,3,1455.71,4367.13,Credit Card,CUST0681
TXN003761,11/20/2024,Women's Kurti,Clothing,South,Offline,1,1177.01,1177.01,Cash,CUST0465
TXN002330,11/20/2024,Women's Kurti,Clothing,West,Online,1,1176.28,1176.28,Net Banking,CUST0213
TXN000426,11/21/2024,Water Bottle,Home & Kitchen,East,Offline,4,204.99,819.96,Credit Card,CUST0306
TXN005413,11/21/2024,Perfume 100ml,Beauty & Personal Care,South,Offline,1,2048.83,2048.83,Cash,CUST0574
TXN001133,11/21/2024,Tea Powder 500g,Grocery,South,Offline,2,289.9,579.8,Cash,CUST0421
TXN005310,11/21/2024,Denim Jeans,Clothing,North,Online,1,2071.48,2071.48,Cash,CUST0051
TXN001192,11/21/2024,Wheat Flour 5kg,Grocery,West,Online,1,253.18,253.18,Net Banking,CUST0856
TXN003076,11/21/2024,Women's Kurti,Clothing,West,Offline,2,736.13,1472.26,Credit Card,CUST0806
TXN005330,11/21/2024,Toor Dal 1kg,Grocery,South,Online,4,148.62,594.48,Net Banking,CUST0365
TXN002537,11/21/2024,Winter Jacket,Clothing,East,Online,4,3027.19,12108.76,UPI,CUST0220
TXN003770,11/21/2024,Wheat Flour 5kg,Grocery,West,Online,2,229.2,458.4,UPI,CUST0602
TXN001545,11/21/2024,Women's Kurti,Clothing,West,Online,3,846.29,2538.87,Credit Card,CUST0404
TXN003169,11/21/2024,Power Bank 10000mAh,Electronics,West,Offline,3,1720.96,5162.88,Credit Card,CUST0576
TXN002683,11/21/2024,Denim Jeans,Clothing,East,Offline,2,1041.35,2082.7,UPI,CUST0328
TXN005992,11/21/2024,Shampoo 400ml,Beauty & Personal Care,West,Online,3,229.23,687.69,Credit Card,CUST0801
TXN003715,11/21/2024,Laptop Bag,Electronics,South,Offline,3,1769.45,5308.35,Credit Card,CUST0236
TXN001556,11/21/2024,Perfume 100ml,Beauty & Personal Care,East,Online,2,2002.86,4005.72,Credit Card,CUST0135
TXN003400,11/21/2024,Bed Sheet Set,Home & Kitchen,West,Online,1,908.37,908.37,Credit Card,CUST0519
TXN005777,11/22/2024,Sunscreen SPF50,Beauty & Personal Care,West,Online,2,599.51,1199.02,Credit Card,CUST0536
TXN004137,11/22/2024,Smartwatch,Electronics,North,Online,2,2509.36,5018.72,Credit Card,CUST0532
TXN001314,11/22/2024,Mixer Grinder,Home & Kitchen,East,Online,3,4397.05,13191.15,UPI,CUST0854
TXN005672,11/22/2024,LED Bulb Pack,Home & Kitchen,East,Online,1,372.05,372.05,Net Banking,CUST0004
TXN001153,11/22/2024,Women's Kurti,Clothing,South,Online,1,1356.14,1356.14,UPI,CUST0157
TXN005230,11/22/2024,Sunflower Oil 1L,Grocery,West,Offline,2,138.94,277.88,UPI,CUST0261
TXN003277,11/22/2024,LED TV 32in,Electronics,South,Online,3,12386.13,37158.39,UPI,CUST0511
TXN004571,11/22/2024,Women's Kurti,Clothing,North,Online,4,975.8,3903.2,Net Banking,CUST0584
TXN002936,11/22/2024,Denim Jeans,Clothing,South,Online,5,1399.35,6996.75,Net Banking,CUST0273
TXN002833,11/22/2024,Tea Powder 500g,Grocery,West,Offline,4,200.37,801.48,UPI,CUST0409
TXN001202,11/22/2024,Wireless Earbuds,Electronics,South,Online,1,3090.03,3090.03,UPI,CUST0476
TXN001816,11/22/2024,Face Wash,Beauty & Personal Care,North,Offline,4,191.97,767.88,Cash,CUST0271
TXN002615,11/22/2024,Basmati Rice 5kg,Grocery,West,Online,1,471.69,471.69,Credit Card,CUST0759
TXN001094,11/22/2024,Body Lotion,Beauty & Personal Care,East,Offline,3,399.83,1199.49,Cash,CUST0128
TXN003592,11/22/2024,Kids Hoodie,Clothing,South,Online,2,960.07,1920.14,UPI,CUST0597
TXN000495,11/22/2024,Non-Stick Pan,Home & Kitchen,South,Online,2,922.7,1845.4,Credit Card,CUST0306
TXN005990,11/22/2024,Face Wash,Beauty & Personal Care,South,Online,3,173.27,519.81,Credit Card,CUST0465
TXN003701,11/22/2024,Sugar 1kg,Grocery,North,Online,1,43.23,43.23,Cash,CUST0192
TXN005549,11/22/2024,Mixer Grinder,Home & Kitchen,South,Offline,1,3888.59,3888.59,UPI,CUST0060
TXN001305,11/22/2024,Toor Dal 1kg,Grocery,East,Online,1,178.94,178.94,Credit Card,CUST0654
TXN003943,11/22/2024,Power Bank 10000mAh,Electronics,East,Online,3,1140.42,3421.26,UPI,CUST0322
TXN005740,11/23/2024,Sunflower Oil 1L,Grocery,North,Online,2,167.39,334.78,Credit Card,CUST0412
TXN003158,11/23/2024,LED TV 32in,Electronics,North,Online,1,9776.56,9776.56,Credit Card,CUST0041
TXN005319,11/23/2024,Tea Powder 500g,Grocery,South,Online,3,207.67,623.01,UPI,CUST0347
TXN001291,11/23/2024,Water Bottle,Home & Kitchen,West,Offline,4,498.38,1993.52,Net Banking,CUST0244
TXN004185,11/23/2024,Sugar 1kg,Grocery,West,Offline,2,56.93,113.86,UPI,CUST0187
TXN001746,11/23/2024,Face Wash,Beauty & Personal Care,North,Online,1,193.05,193.05,Net Banking,CUST0327
TXN004973,11/23/2024,Face Wash,Beauty & Personal Care,South,Online,1,296.47,296.47,Credit Card,CUST0533
TXN004563,11/23/2024,Non-Stick Pan,Home & Kitchen,West,Online,1,1150.46,1150.46,Net Banking,CUST0066
TXN002319,11/23/2024,Face Wash,Beauty & Personal Care,West,Offline,3,401.25,1203.75,Cash,CUST0628
TXN005336,11/23/2024,Men's T-Shirt,Clothing,East,Offline,1,355.98,355.98,Credit Card,CUST0752
TXN001070,11/23/2024,Winter Jacket,Clothing,East,Online,4,1414.46,5657.84,Cash,CUST0028
TXN001679,11/23/2024,Power Bank 10000mAh,Electronics,South,Online,2,1432.19,2864.38,Cash,CUST0325
TXN002804,11/23/2024,Wireless Earbuds,Electronics,East,Online,1,2061.87,2061.87,UPI,CUST0756
TXN005261,11/23/2024,Women's Kurti,Clothing,East,Online,2,656.16,1312.32,Credit Card,CUST0147
TXN003021,11/23/2024,Hair Oil,Beauty & Personal Care,North,Offline,1,316.76,316.76,UPI,CUST0843
TXN004994,11/23/2024,Pressure Cooker,Home & Kitchen,North,Offline,4,2359.05,9436.2,Credit Card,CUST0185
TXN001997,11/24/2024,Laptop Bag,Electronics,East,Offline,3,1087.19,3261.57,Credit Card,CUST0481
TXN003614,11/24/2024,Formal Shirt,Clothing,North,Online,1,1400.85,1400.85,Credit Card,CUST0533
TXN001901,11/24/2024,Winter Jacket,Clothing,East,Online,1,1706.79,1706.79,Credit Card,CUST0708
TXN000061,11/24/2024,Shampoo 400ml,Beauty & Personal Care,North,Online,1,400.04,400.04,Cash,CUST0077
TXN005358,11/24/2024,Pressure Cooker,Home & Kitchen,West,Online,1,1968.14,1968.14,Net Banking,CUST0568
TXN001850,11/24/2024,Pressure Cooker,Home & Kitchen,North,Online,3,2000.48,6001.44,UPI,CUST0537
TXN005080,11/24/2024,Mixer Grinder,Home & Kitchen,West,Online,1,2245.11,2245.11,Cash,CUST0508
TXN003884,11/24/2024,Hair Oil,Beauty & Personal Care,North,Online,4,170.19,680.76,UPI,CUST0265
TXN003947,11/24/2024,Bluetooth Speaker,Electronics,South,Online,2,1317.29,2634.58,Credit Card,CUST0844
TXN001380,11/24/2024,Toor Dal 1kg,Grocery,East,Offline,1,137.01,137.01,Cash,CUST0070
TXN005613,11/24/2024,Pressure Cooker,Home & Kitchen,East,Online,3,1000.38,3001.14,Net Banking,CUST0752
TXN005511,11/24/2024,Shampoo 400ml,Beauty & Personal Care,South,Offline,4,257.19,1028.76,Credit Card,CUST0051
TXN001454,11/24/2024,Tea Powder 500g,Grocery,West,Offline,4,347.76,1391.04,Credit Card,CUST0780
TXN004599,11/24/2024,Toor Dal 1kg,Grocery,West,Online,1,138.1,138.1,Net Banking,CUST0503
TXN004666,11/24/2024,Mixer Grinder,Home & Kitchen,West,Online,1,3305.02,3305.02,Credit Card,CUST0026
TXN000313,11/24/2024,Wireless Earbuds,Electronics,East,Offline,3,1881.7,5645.1,UPI,CUST0155
TXN004329,11/24/2024,Body Lotion,Beauty & Personal Care,North,Offline,1,487.85,487.85,Cash,CUST0141
TXN000301,11/24/2024,Body Lotion,Beauty & Personal Care,East,Offline,3,563.91,1691.73,UPI,CUST0676
TXN004974,11/24/2024,Laptop Bag,Electronics,East,Online,2,877.81,1755.62,Credit Card,CUST0739
TXN000440,11/24/2024,LED TV 32in,Electronics,East,Online,5,9701.43,48507.15,UPI,CUST0034
TXN001210,11/24/2024,Hair Oil,Beauty & Personal Care,North,Online,2,121.81,243.62,Credit Card,CUST0880
TXN000777,11/24/2024,Women's Kurti,Clothing,North,Offline,1,890.1,890.1,UPI,CUST0076
TXN001777,11/24/2024,Power Bank 10000mAh,Electronics,South,Offline,1,841.38,841.38,Net Banking,CUST0338
TXN005042,11/25/2024,Power Bank 10000mAh,Electronics,North,Online,1,1280.83,1280.83,Net Banking,CUST0227
TXN003806,11/25/2024,Sunscreen SPF50,Beauty & Personal Care,West,Offline,4,352.97,1411.88,Credit Card,CUST0391
TXN001027,11/25/2024,Bed Sheet Set,Home & Kitchen,South,Offline,1,900.49,900.49,UPI,CUST0514
TXN002296,11/25/2024,Hair Oil,Beauty & Personal Care,North,Offline,4,234.21,936.84,Credit Card,CUST0462
TXN001274,11/25/2024,Bed Sheet Set,Home & Kitchen,North,Online,2,1581.95,3163.9,Cash,CUST0761
TXN000683,11/25/2024,Sunscreen SPF50,Beauty & Personal Care,North,Online,3,267.33,801.99,UPI,CUST0519
TXN002126,11/25/2024,Basmati Rice 5kg,Grocery,East,Online,1,514.64,514.64,Credit Card,CUST0347
TXN004542,11/25/2024,Basmati Rice 5kg,Grocery,South,Offline,1,467.79,467.79,Credit Card,CUST0205
TXN004741,11/25/2024,Formal Shirt,Clothing,East,Offline,1,610.88,610.88,UPI,CUST0506
TXN000150,11/25/2024,Tea Powder 500g,Grocery,North,Online,3,235.25,705.75,Net Banking,CUST0021
TXN002812,11/25/2024,Basmati Rice 5kg,Grocery,East,Online,3,542.51,1627.53,UPI,CUST0625
TXN000333,11/25/2024,LED Bulb Pack,Home & Kitchen,East,Online,1,235.77,235.77,UPI,CUST0200
TXN000237,11/25/2024,Wireless Earbuds,Electronics,West,Offline,2,2563.74,5127.48,UPI,CUST0758
TXN000158,11/25/2024,Sugar 1kg,Grocery,West,Online,1,49.64,49.64,UPI,CUST0374
TXN003379,11/26/2024,Winter Jacket,Clothing,West,Online,1,2602.16,2602.16,Cash,CUST0121
TXN002584,11/26/2024,Shampoo 400ml,Beauty & Personal Care,West,Online,2,341.01,682.02,Cash,CUST0814
TXN004490,11/26/2024,Sugar 1kg,Grocery,East,Online,1,53.78,53.78,UPI,CUST0769
TXN000013,11/26/2024,LED Bulb Pack,Home & Kitchen,East,Offline,1,161.78,161.78,UPI,CUST0533
TXN004380,11/26/2024,LED TV 32in,Electronics,North,Online,4,14761.74,59046.96,Credit Card,CUST0314
TXN004768,11/26/2024,Hair Oil,Beauty & Personal Care,North,Online,1,159.41,159.41,UPI,CUST0745
TXN000964,11/26/2024,Hair Oil,Beauty & Personal Care,North,Offline,1,214.28,214.28,Net Banking,CUST0486
TXN002704,11/26/2024,Laptop Bag,Electronics,South,Online,5,1772.06,8860.3,UPI,CUST0257
TXN003402,11/26/2024,Hair Oil,Beauty & Personal Care,West,Online,2,120.23,240.46,Cash,CUST0836
TXN004820,11/26/2024,Laptop Bag,Electronics,West,Offline,1,1486.89,1486.89,Credit Card,CUST0139
TXN000146,11/26/2024,Face Wash,Beauty & Personal Care,East,Offline,2,389.55,779.1,Net Banking,CUST0532
TXN005446,11/26/2024,Bluetooth Speaker,Electronics,South,Online,3,2251.46,6754.38,Credit Card,CUST0070
TXN005450,11/26/2024,Sugar 1kg,Grocery,South,Online,2,55.91,111.82,Credit Card,CUST0618
TXN003269,11/26/2024,Power Bank 10000mAh,Electronics,South,Offline,4,1020.95,4083.8,Credit Card,CUST0280
TXN001399,11/26/2024,Formal Shirt,Clothing,South,Online,1,1297.52,1297.52,Cash,CUST0105
TXN004293,11/26/2024,Formal Shirt,Clothing,East,Offline,1,818.42,818.42,Cash,CUST0679
TXN005379,11/26/2024,Non-Stick Pan,Home & Kitchen,North,Offline,2,785.05,1570.1,UPI,CUST0752
TXN001330,11/26/2024,Sugar 1kg,Grocery,South,Offline,1,55.7,55.7,Net Banking,CUST0271
TXN003739,11/26/2024,Sugar 1kg,Grocery,South,Offline,2,57.49,114.98,Net Banking,CUST0670
TXN002745,11/26/2024,Denim Jeans,Clothing,East,Offline,3,1566.76,4700.28,Net Banking,CUST0676
TXN002159,11/27/2024,Denim Jeans,Clothing,North,Online,2,1607.75,3215.5,UPI,CUST0071
TXN005039,11/27/2024,Sugar 1kg,Grocery,North,Offline,2,53.75,107.5,UPI,CUST0229
TXN001627,11/27/2024,LED Bulb Pack,Home & Kitchen,North,Offline,2,393.56,787.12,UPI,CUST0199
TXN000899,11/27/2024,Denim Jeans,Clothing,West,Online,2,1324.59,2649.18,UPI,CUST0070
TXN005176,11/27/2024,Pressure Cooker,Home & Kitchen,South,Online,3,2133.45,6400.35,UPI,CUST0035
TXN002322,11/27/2024,Formal Shirt,Clothing,West,Online,3,750.95,2252.85,Credit Card,CUST0155
TXN004056,11/27/2024,Sunscreen SPF50,Beauty & Personal Care,East,Online,3,410.23,1230.69,Net Banking,CUST0662
TXN004921,11/27/2024,Face Wash,Beauty & Personal Care,North,Offline,1,427.65,427.65,Cash,CUST0752
TXN002566,11/27/2024,Wireless Earbuds,Electronics,North,Online,1,1572.57,1572.57,Credit Card,CUST0615
TXN003686,11/27/2024,Wireless Earbuds,Electronics,South,Offline,3,1438.41,4315.23,UPI,CUST0859
TXN001690,11/27/2024,Wheat Flour 5kg,Grocery,South,Offline,5,248.41,1242.05,UPI,CUST0623
TXN002567,11/27/2024,Toor Dal 1kg,Grocery,West,Online,3,159,477,Net Banking,CUST0413
TXN001188,11/27/2024,Sunflower Oil 1L,Grocery,West,Offline,1,157.33,157.33,Cash,CUST0559
TXN002005,11/27/2024,Women's Kurti,Clothing,South,Offline,1,718.14,718.14,UPI,CUST0472
TXN005323,11/27/2024,Perfume 100ml,Beauty & Personal Care,South,Online,1,2409.75,2409.75,UPI,CUST0184
TXN003411,11/27/2024,Power Bank 10000mAh,Electronics,West,Offline,1,1262.49,1262.49,Credit Card,CUST0254
TXN000498,11/28/2024,LED Bulb Pack,Home & Kitchen,North,Offline,2,328.98,657.96,Cash,CUST0237
TXN005142,11/28/2024,Shampoo 400ml,Beauty & Personal Care,East,Offline,4,234.49,937.96,UPI,CUST0121
TXN000111,11/28/2024,Shampoo 400ml,Beauty & Personal Care,North,Online,1,251.9,251.9,Credit Card,CUST0212
TXN004031,11/28/2024,Women's Kurti,Clothing,West,Online,4,586.96,2347.84,Credit Card,CUST0391
TXN000555,11/28/2024,Women's Kurti,Clothing,West,Offline,1,1311.17,1311.17,Credit Card,CUST0034
TXN005211,11/28/2024,Body Lotion,Beauty & Personal Care,North,Online,2,429.34,858.68,Credit Card,CUST0870
TXN001428,11/28/2024,Tea Powder 500g,Grocery,East,Offline,2,159.92,319.84,Credit Card,CUST0002
TXN000216,11/28/2024,Non-Stick Pan,Home & Kitchen,North,Online,2,599.69,1199.38,Cash,CUST0509
TXN001992,11/28/2024,Kids Hoodie,Clothing,East,Online,2,570.09,1140.18,UPI,CUST0595
TXN003267,11/28/2024,Men's T-Shirt,Clothing,North,Online,2,800.37,1600.74,Cash,CUST0229
TXN001311,11/28/2024,Formal Shirt,Clothing,East,Online,1,1466.87,1466.87,UPI,CUST0672
TXN005272,11/28/2024,LED TV 32in,Electronics,South,Online,2,9741.23,19482.46,Credit Card,CUST0533
TXN000849,11/28/2024,Sunscreen SPF50,Beauty & Personal Care,South,Online,2,590.34,1180.68,UPI,CUST0676
TXN005892,11/28/2024,Sunflower Oil 1L,Grocery,East,Online,1,185.35,185.35,Cash,CUST0273
TXN004212,11/28/2024,Pressure Cooker,Home & Kitchen,South,Online,1,1137.74,1137.74,Net Banking,CUST0770
TXN001468,11/28/2024,Bed Sheet Set,Home & Kitchen,West,Offline,2,982.69,1965.38,Credit Card,CUST0499
TXN003311,11/28/2024,Basmati Rice 5kg,Grocery,North,Online,1,400.13,400.13,Credit Card,CUST0104
TXN001558,11/29/2024,Kids Hoodie,Clothing,East,Offline,3,803.4,2410.2,Net Banking,CUST0533
TXN005518,11/29/2024,Basmati Rice 5kg,Grocery,South,Online,1,485.17,485.17,Cash,CUST0811
TXN001730,11/29/2024,Mixer Grinder,Home & Kitchen,North,Offline,1,4230.87,4230.87,Credit Card,CUST0362
TXN000476,11/29/2024,Face Wash,Beauty & Personal Care,North,Online,3,164.47,493.41,Credit Card,CUST0778
TXN005671,11/29/2024,Laptop Bag,Electronics,West,Offline,1,1628.44,1628.44,Credit Card,CUST0500
TXN003193,11/29/2024,Bluetooth Speaker,Electronics,East,Online,1,2592.28,2592.28,UPI,CUST0439
TXN002173,11/29/2024,Toor Dal 1kg,Grocery,East,Offline,5,119.18,595.9,Credit Card,CUST0279
TXN003837,11/29/2024,Kids Hoodie,Clothing,North,Offline,1,579.08,579.08,UPI,CUST0465
TXN005725,11/29/2024,Sunflower Oil 1L,Grocery,West,Offline,2,150.52,301.04,Cash,CUST0728
TXN003659,11/29/2024,LED Bulb Pack,Home & Kitchen,South,Offline,1,367.07,367.07,Net Banking,CUST0826
TXN005724,11/29/2024,Wheat Flour 5kg,Grocery,West,Offline,1,341.55,341.55,Credit Card,CUST0482
TXN005255,11/29/2024,Power Bank 10000mAh,Electronics,West,Online,2,1504.92,3009.84,Credit Card,CUST0183
TXN005434,11/29/2024,Wheat Flour 5kg,Grocery,South,Offline,3,216.41,649.23,Credit Card,CUST0464
TXN005475,11/29/2024,Toor Dal 1kg,Grocery,East,Online,3,172.89,518.67,Credit Card,CUST0199
TXN003290,11/29/2024,Formal Shirt,Clothing,South,Offline,3,1069.14,3207.42,Net Banking,CUST0610
TXN005305,11/30/2024,LED TV 32in,Electronics,West,Online,1,13674.2,13674.2,UPI,CUST0087
TXN003231,11/30/2024,Wireless Earbuds,Electronics,West,Online,3,2276.21,6828.63,UPI,CUST0250
TXN005594,11/30/2024,Women's Kurti,Clothing,East,Offline,1,1202.66,1202.66,Net Banking,CUST0205
TXN001956,11/30/2024,Sunflower Oil 1L,Grocery,East,Online,1,178.77,178.77,Credit Card,CUST0462
TXN004234,11/30/2024,Shampoo 400ml,Beauty & Personal Care,West,Online,5,247.41,1237.05,Net Banking,CUST0013
TXN005118,11/30/2024,Bed Sheet Set,Home & Kitchen,East,Online,1,774.11,774.11,UPI,CUST0488
TXN001519,11/30/2024,Mixer Grinder,Home & Kitchen,North,Offline,1,3313.51,3313.51,Net Banking,CUST0034
TXN002423,11/30/2024,Laptop Bag,Electronics,West,Online,3,843.63,2530.89,UPI,CUST0680
TXN001162,11/30/2024,Hair Oil,Beauty & Personal Care,North,Offline,3,341.42,1024.26,Credit Card,CUST0465
TXN004330,11/30/2024,Bed Sheet Set,Home & Kitchen,East,Offline,1,1614.55,1614.55,Credit Card,CUST0521
TXN004765,11/30/2024,Women's Kurti,Clothing,East,Online,1,863.07,863.07,Credit Card,CUST0532
TXN004410,11/30/2024,Water Bottle,Home & Kitchen,South,Online,2,452.79,905.58,UPI,CUST0797
TXN000987,11/30/2024,Power Bank 10000mAh,Electronics,East,Online,4,1106.27,4425.08,UPI,CUST0009
TXN000704,11/30/2024,Bed Sheet Set,Home & Kitchen,South,Offline,1,832.27,832.27,Credit Card,CUST0325
TXN003602,11/30/2024,Non-Stick Pan,Home & Kitchen,East,Offline,4,902.46,3609.84,UPI,CUST0467
TXN004772,12/1/2024,Toor Dal 1kg,Grocery,North,Online,1,142.53,142.53,Credit Card,CUST0262
TXN001507,12/1/2024,Toor Dal 1kg,Grocery,East,Online,2,127.54,255.08,Cash,CUST0334
TXN001595,12/1/2024,Power Bank 10000mAh,Electronics,South,Online,1,1006.15,1006.15,Credit Card,CUST0465
TXN004292,12/1/2024,Bed Sheet Set,Home & Kitchen,East,Online,2,1416.24,2832.48,UPI,CUST0610
TXN002253,12/1/2024,Bluetooth Speaker,Electronics,South,Offline,1,1517.95,1517.95,Net Banking,CUST0615
TXN002910,12/1/2024,Bed Sheet Set,Home & Kitchen,East,Online,3,888.13,2664.39,UPI,CUST0052
TXN002465,12/1/2024,Bluetooth Speaker,Electronics,North,Online,1,2345.02,2345.02,UPI,CUST0835
TXN000362,12/1/2024,Smartwatch,Electronics,North,Online,1,3243.01,3243.01,Cash,CUST0712
TXN000022,12/1/2024,Kids Hoodie,Clothing,West,Offline,1,862.3,862.3,UPI,CUST0446
TXN001157,12/1/2024,LED TV 32in,Electronics,South,Offline,2,11571.26,23142.52,Credit Card,CUST0420
TXN004171,12/1/2024,Smartwatch,Electronics,South,Offline,1,3296.21,3296.21,UPI,CUST0490
TXN001835,12/1/2024,Wireless Earbuds,Electronics,East,Online,5,3735.15,18675.75,Net Banking,CUST0838
TXN002444,12/2/2024,Sunflower Oil 1L,Grocery,East,Offline,1,138.16,138.16,UPI,CUST0151
TXN004960,12/2/2024,Bed Sheet Set,Home & Kitchen,West,Online,4,1388.47,5553.88,Credit Card,CUST0513
TXN003781,12/2/2024,Power Bank 10000mAh,Electronics,East,Offline,3,1712.1,5136.3,UPI,CUST0249
TXN005005,12/2/2024,Basmati Rice 5kg,Grocery,South,Online,1,651.51,651.51,Credit Card,CUST0094
TXN000062,12/2/2024,Mixer Grinder,Home & Kitchen,East,Offline,1,2472.84,2472.84,UPI,CUST0524
TXN005282,12/2/2024,Power Bank 10000mAh,Electronics,South,Online,1,1020,1020,UPI,CUST0199
TXN005270,12/2/2024,Hair Oil,Beauty & Personal Care,South,Online,3,140.8,422.4,UPI,CUST0137
TXN004454,12/2/2024,Tea Powder 500g,Grocery,East,Offline,5,217.16,1085.8,UPI,CUST0480
TXN001310,12/2/2024,Tea Powder 500g,Grocery,South,Offline,2,200.9,401.8,Credit Card,CUST0808
TXN004573,12/2/2024,LED Bulb Pack,Home & Kitchen,North,Online,1,276.16,276.16,Credit Card,CUST0056
TXN003092,12/2/2024,Mixer Grinder,Home & Kitchen,West,Offline,3,2849.7,8549.1,UPI,CUST0199
TXN002476,12/2/2024,Smartwatch,Electronics,East,Offline,2,3080.54,6161.08,Credit Card,CUST0689
TXN003556,12/2/2024,Formal Shirt,Clothing,East,Offline,1,1311.3,1311.3,Credit Card,CUST0055
TXN001784,12/3/2024,Smartwatch,Electronics,South,Online,2,2595.25,5190.5,Net Banking,CUST0353
TXN001184,12/3/2024,Sunscreen SPF50,Beauty & Personal Care,East,Online,2,489.58,979.16,UPI,CUST0808
TXN005483,12/3/2024,Wireless Earbuds,Electronics,West,Online,1,1835.18,1835.18,Credit Card,CUST0031
TXN001569,12/3/2024,Sugar 1kg,Grocery,South,Offline,2,47.57,95.14,Cash,CUST0436
TXN000840,12/3/2024,Men's T-Shirt,Clothing,South,Online,2,681.94,1363.88,Credit Card,CUST0386
TXN003826,12/3/2024,Mixer Grinder,Home & Kitchen,East,Offline,1,2508.48,2508.48,Credit Card,CUST0001
TXN004305,12/3/2024,Non-Stick Pan,Home & Kitchen,South,Offline,2,1024.99,2049.98,Credit Card,CUST0870
TXN001174,12/3/2024,Basmati Rice 5kg,Grocery,East,Offline,5,623.96,3119.8,Credit Card,CUST0785
TXN002002,12/3/2024,Sunflower Oil 1L,Grocery,West,Offline,1,144.9,144.9,Net Banking,CUST0680
TXN005002,12/3/2024,Water Bottle,Home & Kitchen,East,Offline,2,295.71,591.42,Credit Card,CUST0484
TXN001478,12/3/2024,Denim Jeans,Clothing,West,Online,1,1181.44,1181.44,UPI,CUST0706
TXN002625,12/3/2024,Sugar 1kg,Grocery,East,Online,2,44.44,88.88,Cash,CUST0158
TXN002611,12/3/2024,Bed Sheet Set,Home & Kitchen,East,Offline,1,1626.13,1626.13,UPI,CUST0306
TXN002149,12/3/2024,Tea Powder 500g,Grocery,West,Offline,2,156.13,312.26,UPI,CUST0368
TXN002238,12/3/2024,Face Wash,Beauty & Personal Care,South,Offline,2,349.96,699.92,Credit Card,CUST0653
TXN002490,12/3/2024,Men's T-Shirt,Clothing,South,Offline,2,409.01,818.02,UPI,CUST0570
TXN003418,12/3/2024,Formal Shirt,Clothing,East,Online,2,880.77,1761.54,Credit Card,CUST0042
TXN005810,12/3/2024,LED Bulb Pack,Home & Kitchen,South,Online,4,211.42,845.68,Net Banking,CUST0804
TXN004842,12/4/2024,LED Bulb Pack,Home & Kitchen,West,Online,4,368.49,1473.96,UPI,CUST0504
TXN001409,12/4/2024,Face Wash,Beauty & Personal Care,South,Online,3,172.98,518.94,UPI,CUST0113
TXN001143,12/4/2024,Hair Oil,Beauty & Personal Care,East,Online,3,299.38,898.14,Cash,CUST0472
TXN001254,12/4/2024,Toor Dal 1kg,Grocery,East,Offline,1,136.43,136.43,Credit Card,CUST0736
TXN005033,12/4/2024,Body Lotion,Beauty & Personal Care,East,Online,3,315.72,947.16,Cash,CUST0236
TXN002402,12/4/2024,Sugar 1kg,Grocery,East,Online,4,53.9,215.6,Net Banking,CUST0897
TXN000608,12/4/2024,Power Bank 10000mAh,Electronics,South,Online,3,1187.48,3562.44,Credit Card,CUST0478
TXN002702,12/4/2024,LED Bulb Pack,Home & Kitchen,West,Online,5,318.62,1593.1,Net Banking,CUST0504
TXN002509,12/4/2024,Denim Jeans,Clothing,North,Offline,2,1619.85,3239.7,Cash,CUST0230
TXN004208,12/4/2024,Wireless Earbuds,Electronics,North,Offline,2,1650.82,3301.64,Credit Card,CUST0095
TXN004001,12/4/2024,Perfume 100ml,Beauty & Personal Care,East,Offline,1,1844.85,1844.85,UPI,CUST0004
TXN003097,12/4/2024,Shampoo 400ml,Beauty & Personal Care,North,Offline,3,221.11,663.33,Credit Card,CUST0306
TXN003783,12/4/2024,Hair Oil,Beauty & Personal Care,South,Online,2,299.9,599.8,Credit Card,CUST0837
TXN003242,12/4/2024,Tea Powder 500g,Grocery,West,Offline,1,272.52,272.52,UPI,CUST0128
TXN003287,12/4/2024,Denim Jeans,Clothing,West,Offline,3,1030.45,3091.35,UPI,CUST0122
TXN003622,12/4/2024,Formal Shirt,Clothing,South,Online,2,688.46,1376.92,Cash,CUST0508
TXN001004,12/4/2024,Men's T-Shirt,Clothing,East,Offline,1,632.82,632.82,UPI,CUST0035
TXN000504,12/5/2024,Pressure Cooker,Home & Kitchen,West,Online,1,1825.69,1825.69,Net Banking,CUST0650
TXN002456,12/5/2024,Sunscreen SPF50,Beauty & Personal Care,South,Online,2,557.09,1114.18,Net Banking,CUST0071
TXN005489,12/5/2024,Hair Oil,Beauty & Personal Care,West,Online,5,289.91,1449.55,Credit Card,CUST0257
TXN000185,12/5/2024,Formal Shirt,Clothing,North,Online,2,928.48,1856.96,UPI,CUST0840
TXN000071,12/5/2024,LED TV 32in,Electronics,West,Offline,1,12271.73,12271.73,Cash,CUST0568
TXN004216,12/5/2024,Wheat Flour 5kg,Grocery,West,Online,4,252.02,1008.08,Credit Card,CUST0536
TXN004653,12/5/2024,Face Wash,Beauty & Personal Care,North,Offline,3,352.83,1058.49,Credit Card,CUST0838
TXN000020,12/5/2024,Face Wash,Beauty & Personal Care,East,Online,3,379.75,1139.25,Credit Card,CUST0135
TXN005921,12/5/2024,Shampoo 400ml,Beauty & Personal Care,East,Offline,2,459.58,919.16,UPI,CUST0442
TXN003543,12/5/2024,Power Bank 10000mAh,Electronics,North,Offline,1,1242.68,1242.68,Credit Card,CUST0215
TXN002416,12/5/2024,Toor Dal 1kg,Grocery,North,Online,3,144.86,434.58,Credit Card,CUST0565
TXN000729,12/5/2024,Non-Stick Pan,Home & Kitchen,West,Online,3,883.55,2650.65,Credit Card,CUST0093
TXN003613,12/5/2024,Toor Dal 1kg,Grocery,South,Offline,1,114.05,114.05,UPI,CUST0088
TXN004544,12/5/2024,Smartwatch,Electronics,North,Offline,3,3314.02,9942.06,Credit Card,CUST0848
TXN005845,12/5/2024,Body Lotion,Beauty & Personal Care,West,Online,3,308.59,925.77,UPI,CUST0438
TXN005316,12/5/2024,Women's Kurti,Clothing,North,Offline,2,1404.48,2808.96,Cash,CUST0717
TXN004274,12/6/2024,Denim Jeans,Clothing,South,Offline,2,1803.66,3607.32,Net Banking,CUST0035
TXN001403,12/6/2024,Basmati Rice 5kg,Grocery,South,Offline,1,543,543,UPI,CUST0465
TXN005070,12/6/2024,Formal Shirt,Clothing,East,Offline,2,626.74,1253.48,Cash,CUST0736
TXN002697,12/6/2024,Face Wash,Beauty & Personal Care,East,Online,1,178.31,178.31,UPI,CUST0220
TXN001410,12/6/2024,Mixer Grinder,Home & Kitchen,West,Online,4,4494.84,17979.36,UPI,CUST0314
TXN004509,12/6/2024,Kids Hoodie,Clothing,East,Offline,4,984.71,3938.84,Cash,CUST0288
TXN004664,12/6/2024,Non-Stick Pan,Home & Kitchen,North,Online,3,593.22,1779.66,UPI,CUST0257
TXN004118,12/6/2024,Pressure Cooker,Home & Kitchen,South,Online,1,2488.66,2488.66,Cash,CUST0290
TXN005533,12/6/2024,Toor Dal 1kg,Grocery,North,Offline,2,122.66,245.32,Credit Card,CUST0787
TXN005909,12/6/2024,Laptop Bag,Electronics,West,Online,1,1199.73,1199.73,Credit Card,CUST0305
TXN005932,12/6/2024,Bed Sheet Set,Home & Kitchen,East,Online,1,1143.2,1143.2,Cash,CUST0086
TXN002428,12/6/2024,Formal Shirt,Clothing,West,Online,1,1053.62,1053.62,UPI,CUST0470
TXN001535,12/6/2024,Sugar 1kg,Grocery,South,Offline,5,55.04,275.2,Credit Card,CUST0852
TXN003671,12/6/2024,Power Bank 10000mAh,Electronics,South,Online,1,1093.35,1093.35,Cash,CUST0452
TXN003250,12/6/2024,Basmati Rice 5kg,Grocery,East,Online,1,494.65,494.65,Credit Card,CUST0693
TXN004796,12/6/2024,LED TV 32in,Electronics,West,Online,1,12502.86,12502.86,Credit Card,CUST0277
TXN003480,12/6/2024,Hair Oil,Beauty & Personal Care,East,Online,1,108.32,108.32,Cash,CUST0462
TXN004584,12/6/2024,Shampoo 400ml,Beauty & Personal Care,South,Online,4,213.74,854.96,UPI,CUST0639
TXN000037,12/7/2024,LED TV 32in,Electronics,North,Online,2,12541.19,25082.38,Credit Card,CUST0017
TXN003220,12/7/2024,Hair Oil,Beauty & Personal Care,East,Online,5,250.06,1250.3,Cash,CUST0624
TXN001203,12/7/2024,Hair Oil,Beauty & Personal Care,East,Offline,2,157.35,314.7,UPI,CUST0151
TXN003035,12/7/2024,LED TV 32in,Electronics,North,Online,1,12716.68,12716.68,UPI,CUST0274
TXN002413,12/7/2024,Men's T-Shirt,Clothing,East,Online,1,426.85,426.85,Cash,CUST0616
TXN004657,12/7/2024,Formal Shirt,Clothing,East,Offline,1,788.61,788.61,Credit Card,CUST0113
TXN003684,12/7/2024,Sugar 1kg,Grocery,West,Online,2,51.53,103.06,Credit Card,CUST0680
TXN003818,12/7/2024,Wheat Flour 5kg,Grocery,West,Offline,3,237.58,712.74,Credit Card,CUST0895
TXN002419,12/7/2024,Winter Jacket,Clothing,West,Online,1,2435.72,2435.72,Net Banking,CUST0718
TXN005801,12/7/2024,Laptop Bag,Electronics,West,Online,2,741.92,1483.84,UPI,CUST0504
TXN001775,12/7/2024,LED Bulb Pack,Home & Kitchen,West,Online,1,326.82,326.82,Net Banking,CUST0796
TXN004365,12/7/2024,Perfume 100ml,Beauty & Personal Care,North,Online,1,2229.51,2229.51,Net Banking,CUST0867
TXN001872,12/8/2024,Power Bank 10000mAh,Electronics,East,Online,1,862.13,862.13,UPI,CUST0253
TXN000678,12/8/2024,Shampoo 400ml,Beauty & Personal Care,North,Online,1,429.54,429.54,Credit Card,CUST0543
TXN001391,12/8/2024,Sugar 1kg,Grocery,North,Online,1,48.99,48.99,Credit Card,CUST0531
TXN000565,12/8/2024,LED Bulb Pack,Home & Kitchen,North,Offline,2,174.43,348.86,UPI,CUST0898
TXN005342,12/8/2024,Women's Kurti,Clothing,West,Offline,3,1445.02,4335.06,Credit Card,CUST0090
TXN001245,12/8/2024,Smartwatch,Electronics,West,Online,1,3790.49,3790.49,Net Banking,CUST0429
TXN003696,12/8/2024,Non-Stick Pan,Home & Kitchen,South,Offline,5,522.82,2614.1,Credit Card,CUST0548
TXN005926,12/8/2024,Denim Jeans,Clothing,West,Online,3,1743.88,5231.64,Net Banking,CUST0721
TXN004324,12/8/2024,Denim Jeans,Clothing,South,Online,1,1859.29,1859.29,Credit Card,CUST0325
TXN003940,12/8/2024,Pressure Cooker,Home & Kitchen,North,Offline,3,2494.73,7484.19,Net Banking,CUST0251
TXN002998,12/8/2024,Women's Kurti,Clothing,North,Offline,1,1368.58,1368.58,Credit Card,CUST0743
TXN004783,12/8/2024,Hair Oil,Beauty & Personal Care,North,Offline,2,156.71,313.42,Net Banking,CUST0811
TXN004176,12/9/2024,Women's Kurti,Clothing,South,Online,2,663.19,1326.38,Credit Card,CUST0470
TXN004412,12/9/2024,Sugar 1kg,Grocery,East,Online,1,57.45,57.45,UPI,CUST0532
TXN002664,12/9/2024,Basmati Rice 5kg,Grocery,South,Offline,2,541.4,1082.8,Credit Card,CUST0390
TXN001495,12/9/2024,Hair Oil,Beauty & Personal Care,East,Online,4,280.03,1120.12,Net Banking,CUST0796
TXN003342,12/9/2024,LED TV 32in,Electronics,East,Online,2,10368.96,20737.92,UPI,CUST0367
TXN003127,12/9/2024,Bed Sheet Set,Home & Kitchen,South,Online,1,762.82,762.82,UPI,CUST0367
TXN000687,12/9/2024,Non-Stick Pan,Home & Kitchen,North,Online,4,956.89,3827.56,UPI,CUST0597
TXN000113,12/9/2024,Bed Sheet Set,Home & Kitchen,East,Online,4,1209.89,4839.56,Cash,CUST0839
TXN005094,12/9/2024,Perfume 100ml,Beauty & Personal Care,North,Online,2,1836.99,3673.98,UPI,CUST0451
TXN002412,12/9/2024,Formal Shirt,Clothing,East,Online,4,1579.38,6317.52,Credit Card,CUST0557
TXN001987,12/9/2024,Tea Powder 500g,Grocery,East,Offline,2,173.3,346.6,UPI,CUST0463
TXN003173,12/9/2024,Wireless Earbuds,Electronics,East,Online,4,1827.13,7308.52,UPI,CUST0519
TXN000072,12/9/2024,Hair Oil,Beauty & Personal Care,East,Online,1,260.69,260.69,UPI,CUST0830
TXN005212,12/9/2024,Kids Hoodie,Clothing,South,Online,2,1079.94,2159.88,Credit Card,CUST0351
TXN000351,12/9/2024,Wheat Flour 5kg,Grocery,North,Offline,4,322.28,1289.12,UPI,CUST0711
TXN005406,12/9/2024,Basmati Rice 5kg,Grocery,North,Online,1,506.99,506.99,Net Banking,CUST0406
TXN004625,12/9/2024,Mixer Grinder,Home & Kitchen,West,Offline,1,3509.08,3509.08,UPI,CUST0476
TXN002091,12/9/2024,Denim Jeans,Clothing,West,Online,2,2051.21,4102.42,UPI,CUST0173
TXN005019,12/9/2024,Sunflower Oil 1L,Grocery,West,Offline,3,166.19,498.57,Cash,CUST0262
TXN002726,12/9/2024,Men's T-Shirt,Clothing,North,Online,1,494.86,494.86,Credit Card,CUST0246
TXN002686,12/9/2024,Men's T-Shirt,Clothing,East,Online,1,781.55,781.55,UPI,CUST0299
TXN000617,12/9/2024,Wheat Flour 5kg,Grocery,North,Online,1,210.27,210.27,Credit Card,CUST0550
TXN002358,12/9/2024,Power Bank 10000mAh,Electronics,West,Offline,1,1602.9,1602.9,Net Banking,CUST0197
TXN002781,12/10/2024,Wireless Earbuds,Electronics,West,Online,3,3579.1,10737.3,Credit Card,CUST0666
TXN004627,12/10/2024,Wireless Earbuds,Electronics,North,Online,3,1556.03,4668.09,Cash,CUST0541
TXN002762,12/10/2024,Mixer Grinder,Home & Kitchen,North,Offline,2,1809.35,3618.7,UPI,CUST0454
TXN002869,12/10/2024,Denim Jeans,Clothing,South,Offline,1,1978.89,1978.89,Cash,CUST0155
TXN003763,12/10/2024,Sugar 1kg,Grocery,West,Online,1,53.3,53.3,Net Banking,CUST0420
TXN001575,12/10/2024,Pressure Cooker,Home & Kitchen,North,Offline,2,1890.2,3780.4,Cash,CUST0478
TXN000066,12/10/2024,Tea Powder 500g,Grocery,East,Online,1,258.03,258.03,Credit Card,CUST0325
TXN002196,12/10/2024,Pressure Cooker,Home & Kitchen,South,Offline,3,2208,6624,Credit Card,CUST0575
TXN005524,12/10/2024,Formal Shirt,Clothing,East,Online,3,1124.74,3374.22,UPI,CUST0246
TXN003358,12/10/2024,Toor Dal 1kg,Grocery,North,Offline,4,114.44,457.76,Credit Card,CUST0412
TXN002267,12/10/2024,Denim Jeans,Clothing,North,Online,2,2032.47,4064.94,UPI,CUST0820
TXN004541,12/10/2024,LED Bulb Pack,Home & Kitchen,East,Offline,2,202.5,405,Net Banking,CUST0419
TXN000131,12/10/2024,Kids Hoodie,Clothing,East,Online,3,976.6,2929.8,UPI,CUST0036
TXN004476,12/10/2024,Sunscreen SPF50,Beauty & Personal Care,South,Offline,3,611.95,1835.85,Credit Card,CUST0710
TXN001247,12/10/2024,Formal Shirt,Clothing,South,Offline,3,655.87,1967.61,Credit Card,CUST0418
TXN005702,12/11/2024,Mixer Grinder,Home & Kitchen,South,Online,1,3012.51,3012.51,Net Banking,CUST0519
TXN004662,12/11/2024,Face Wash,Beauty & Personal Care,South,Offline,2,289.69,579.38,Net Banking,CUST0898
TXN001671,12/11/2024,Bed Sheet Set,Home & Kitchen,North,Online,1,1738.86,1738.86,Cash,CUST0379
TXN003218,12/11/2024,Wheat Flour 5kg,Grocery,East,Online,2,338.24,676.48,Credit Card,CUST0379
TXN001365,12/11/2024,Wheat Flour 5kg,Grocery,North,Online,4,320.66,1282.64,Cash,CUST0526
TXN001624,12/11/2024,Wheat Flour 5kg,Grocery,East,Offline,2,339.9,679.8,Credit Card,CUST0326
TXN000282,12/11/2024,Kids Hoodie,Clothing,East,Online,3,1043.24,3129.72,UPI,CUST0311
TXN004638,12/11/2024,Kids Hoodie,Clothing,North,Offline,1,1060.28,1060.28,Credit Card,CUST0783
TXN001894,12/11/2024,LED TV 32in,Electronics,North,Online,1,11191.99,11191.99,Credit Card,CUST0243
TXN004609,12/11/2024,LED Bulb Pack,Home & Kitchen,West,Online,4,375.69,1502.76,Net Banking,CUST0243
TXN001614,12/11/2024,Bed Sheet Set,Home & Kitchen,East,Offline,1,1374.95,1374.95,Credit Card,CUST0465
TXN001382,12/11/2024,Basmati Rice 5kg,Grocery,North,Offline,1,667.47,667.47,UPI,CUST0329
TXN003322,12/11/2024,Laptop Bag,Electronics,West,Offline,2,948.26,1896.52,UPI,CUST0532
TXN002728,12/11/2024,Tea Powder 500g,Grocery,East,Online,1,304.32,304.32,Credit Card,CUST0777
TXN002213,12/11/2024,Sunflower Oil 1L,Grocery,East,Online,2,182.53,365.06,UPI,CUST0623
TXN001250,12/11/2024,Smartwatch,Electronics,East,Online,1,2566.18,2566.18,UPI,CUST0738
TXN003369,12/11/2024,Face Wash,Beauty & Personal Care,West,Online,1,449.31,449.31,Cash,CUST0724
TXN000981,12/11/2024,Hair Oil,Beauty & Personal Care,East,Online,3,243.19,729.57,UPI,CUST0586
TXN004379,12/11/2024,Smartwatch,Electronics,East,Online,1,5535.67,5535.67,UPI,CUST0836
TXN002042,12/11/2024,Wheat Flour 5kg,Grocery,North,Offline,2,325.69,651.38,Credit Card,CUST0523
TXN002247,12/11/2024,Power Bank 10000mAh,Electronics,South,Online,3,1751.33,5253.99,Net Banking,CUST0798
TXN004681,12/11/2024,Bluetooth Speaker,Electronics,East,Online,1,2658.51,2658.51,Credit Card,CUST0040
TXN001523,12/11/2024,Kids Hoodie,Clothing,South,Online,3,624.6,1873.8,Credit Card,CUST0675
TXN004885,12/11/2024,Power Bank 10000mAh,Electronics,North,Online,1,700.79,700.79,Net Banking,CUST0013
TXN000349,12/11/2024,Kids Hoodie,Clothing,North,Online,2,616.19,1232.38,UPI,CUST0814
TXN001249,12/12/2024,Power Bank 10000mAh,Electronics,North,Online,1,861.58,861.58,UPI,CUST0447
TXN003083,12/12/2024,Sunscreen SPF50,Beauty & Personal Care,West,Offline,2,643.17,1286.34,UPI,CUST0215
TXN003031,12/12/2024,Perfume 100ml,Beauty & Personal Care,East,Online,3,806.84,2420.52,Credit Card,CUST0834
TXN000390,12/12/2024,Basmati Rice 5kg,Grocery,East,Offline,5,690.4,3452,Cash,CUST0074
TXN002470,12/12/2024,Sunflower Oil 1L,Grocery,East,Offline,5,218.25,1091.25,Net Banking,CUST0596
TXN005584,12/12/2024,Mixer Grinder,Home & Kitchen,North,Offline,1,3351.69,3351.69,UPI,CUST0009
TXN002184,12/12/2024,Sunscreen SPF50,Beauty & Personal Care,East,Online,2,264.71,529.42,Credit Card,CUST0514
TXN002099,12/12/2024,Women's Kurti,Clothing,South,Online,3,723.03,2169.09,UPI,CUST0262
TXN004226,12/12/2024,Power Bank 10000mAh,Electronics,South,Online,1,1014.77,1014.77,Cash,CUST0530
TXN005356,12/12/2024,LED Bulb Pack,Home & Kitchen,East,Online,4,295.24,1180.96,Credit Card,CUST0489
TXN004281,12/12/2024,Mixer Grinder,Home & Kitchen,East,Offline,1,2079.07,2079.07,Credit Card,CUST0362
TXN002448,12/12/2024,Sunscreen SPF50,Beauty & Personal Care,North,Online,3,663.89,1991.67,Net Banking,CUST0193
TXN003537,12/12/2024,Sunscreen SPF50,Beauty & Personal Care,East,Offline,3,432.02,1296.06,Credit Card,CUST0318
TXN005943,12/12/2024,Perfume 100ml,Beauty & Personal Care,North,Online,2,795.43,1590.86,Credit Card,CUST0117
TXN000663,12/12/2024,Shampoo 400ml,Beauty & Personal Care,East,Online,2,413.58,827.16,Credit Card,CUST0694
TXN003292,12/12/2024,Men's T-Shirt,Clothing,South,Online,1,343.91,343.91,Cash,CUST0779
TXN001167,12/12/2024,Hair Oil,Beauty & Personal Care,West,Offline,1,109.18,109.18,UPI,CUST0193
TXN000716,12/13/2024,Shampoo 400ml,Beauty & Personal Care,East,Offline,2,428.17,856.34,UPI,CUST0572
TXN004998,12/13/2024,Smartwatch,Electronics,West,Offline,2,2080.04,4160.08,UPI,CUST0306
TXN003374,12/13/2024,Non-Stick Pan,Home & Kitchen,West,Online,2,872.14,1744.28,Credit Card,CUST0438
TXN005908,12/13/2024,Tea Powder 500g,Grocery,East,Offline,3,242.75,728.25,Credit Card,CUST0394
TXN005111,12/13/2024,Women's Kurti,Clothing,West,Online,3,1072.82,3218.46,Net Banking,CUST0717
TXN001740,12/13/2024,Men's T-Shirt,Clothing,South,Offline,2,562.87,1125.74,Credit Card,CUST0612
TXN003628,12/13/2024,Basmati Rice 5kg,Grocery,East,Offline,5,590.5,2952.5,Credit Card,CUST0811
TXN001751,12/13/2024,Winter Jacket,Clothing,South,Offline,1,3052.54,3052.54,Cash,CUST0198
TXN001669,12/13/2024,Sunflower Oil 1L,Grocery,South,Offline,1,161.04,161.04,Net Banking,CUST0717
TXN003673,12/13/2024,Denim Jeans,Clothing,East,Online,3,872.64,2617.92,UPI,CUST0229
TXN001706,12/13/2024,Sunscreen SPF50,Beauty & Personal Care,North,Online,4,675.82,2703.28,UPI,CUST0465
TXN005641,12/13/2024,Non-Stick Pan,Home & Kitchen,North,Online,3,508.71,1526.13,UPI,CUST0183
TXN004702,12/13/2024,Perfume 100ml,Beauty & Personal Care,South,Online,4,1079.29,4317.16,UPI,CUST0281
TXN003241,12/13/2024,Hair Oil,Beauty & Personal Care,North,Offline,3,118.29,354.87,Net Banking,CUST0314
TXN001647,12/13/2024,Body Lotion,Beauty & Personal Care,East,Online,2,493.98,987.96,Credit Card,CUST0074
TXN003939,12/13/2024,Bed Sheet Set,Home & Kitchen,West,Online,3,1363.17,4089.51,Net Banking,CUST0040
TXN003246,12/13/2024,Sunflower Oil 1L,Grocery,West,Offline,4,156.88,627.52,Net Banking,CUST0552
TXN000364,12/13/2024,Wheat Flour 5kg,Grocery,East,Offline,1,348.94,348.94,UPI,CUST0413
TXN003037,12/13/2024,Wheat Flour 5kg,Grocery,East,Offline,2,244.42,488.84,UPI,CUST0389
TXN002975,12/13/2024,Face Wash,Beauty & Personal Care,North,Offline,3,341.73,1025.19,Credit Card,CUST0044
TXN005284,12/13/2024,Wireless Earbuds,Electronics,South,Online,2,3822.15,7644.3,Net Banking,CUST0864
TXN004807,12/13/2024,Laptop Bag,Electronics,East,Online,1,754.68,754.68,UPI,CUST0799
TXN000999,12/13/2024,Laptop Bag,Electronics,West,Online,1,801.79,801.79,Credit Card,CUST0325
TXN002682,12/13/2024,Sugar 1kg,Grocery,West,Online,5,56.84,284.2,Cash,CUST0748
TXN005309,12/13/2024,Wireless Earbuds,Electronics,East,Online,2,2433.15,4866.3,Credit Card,CUST0376
TXN002791,12/13/2024,Bed Sheet Set,Home & Kitchen,West,Online,4,1419.83,5679.32,Cash,CUST0736
TXN002680,12/13/2024,Sunscreen SPF50,Beauty & Personal Care,East,Offline,1,679.64,679.64,UPI,CUST0447
TXN004635,12/13/2024,Sugar 1kg,Grocery,North,Online,2,50.03,100.06,UPI,CUST0155
TXN000548,12/14/2024,Formal Shirt,Clothing,East,Online,2,1472.2,2944.4,UPI,CUST0748
TXN004383,12/14/2024,Women's Kurti,Clothing,West,Offline,1,522.17,522.17,Net Banking,CUST0173
TXN003887,12/14/2024,Formal Shirt,Clothing,North,Offline,2,1482.51,2965.02,Net Banking,CUST0781
TXN002276,12/14/2024,Laptop Bag,Electronics,North,Offline,1,1599.99,1599.99,Credit Card,CUST0179
TXN001152,12/14/2024,Power Bank 10000mAh,Electronics,West,Offline,1,1230.69,1230.69,UPI,CUST0443
TXN001585,12/14/2024,Tea Powder 500g,Grocery,North,Online,1,174.81,174.81,UPI,CUST0421
TXN000253,12/14/2024,Basmati Rice 5kg,Grocery,North,Online,1,470.8,470.8,Net Banking,CUST0604
TXN003434,12/14/2024,Face Wash,Beauty & Personal Care,East,Offline,1,339.64,339.64,Net Banking,CUST0545
TXN005438,12/14/2024,Wireless Earbuds,Electronics,South,Online,5,1707.79,8538.95,Credit Card,CUST0183
TXN001144,12/14/2024,Sunscreen SPF50,Beauty & Personal Care,North,Online,2,457.27,914.54,Cash,CUST0113
TXN003545,12/15/2024,Wireless Earbuds,Electronics,North,Online,2,3090.14,6180.28,Net Banking,CUST0384
TXN001703,12/15/2024,Men's T-Shirt,Clothing,North,Online,1,820.55,820.55,Credit Card,CUST0662
TXN002133,12/15/2024,Water Bottle,Home & Kitchen,East,Offline,4,331.4,1325.6,Cash,CUST0667
TXN004728,12/15/2024,Women's Kurti,Clothing,North,Offline,2,660.18,1320.36,Credit Card,CUST0314
TXN003487,12/15/2024,LED Bulb Pack,Home & Kitchen,North,Offline,1,231.89,231.89,Credit Card,CUST0852
TXN003254,12/15/2024,Formal Shirt,Clothing,East,Online,1,604.37,604.37,UPI,CUST0325
TXN000145,12/15/2024,Men's T-Shirt,Clothing,South,Online,3,439.8,1319.4,UPI,CUST0790
TXN002452,12/15/2024,Kids Hoodie,Clothing,South,Offline,1,739.01,739.01,UPI,CUST0392
TXN003624,12/15/2024,Non-Stick Pan,Home & Kitchen,South,Offline,2,1044.82,2089.64,UPI,CUST0521
TXN001804,12/15/2024,Women's Kurti,Clothing,West,Online,2,595.58,1191.16,Credit Card,CUST0013
TXN000736,12/15/2024,Bluetooth Speaker,Electronics,East,Online,3,3062.63,9187.89,UPI,CUST0227
TXN005555,12/15/2024,Sunflower Oil 1L,Grocery,East,Offline,1,131.7,131.7,Net Banking,CUST0807
TXN005060,12/15/2024,Sunflower Oil 1L,Grocery,South,Online,1,167.18,167.18,Credit Card,CUST0721
TXN004508,12/15/2024,Toor Dal 1kg,Grocery,West,Online,2,178.3,356.6,Credit Card,CUST0406
TXN002919,12/15/2024,Smartwatch,Electronics,South,Offline,4,3942.09,15768.36,Credit Card,CUST0732
TXN002536,12/15/2024,Sunscreen SPF50,Beauty & Personal Care,West,Online,3,661.69,1985.07,UPI,CUST0364
TXN005495,12/15/2024,Sunflower Oil 1L,Grocery,South,Online,3,197.46,592.38,UPI,CUST0891
TXN000059,12/15/2024,Body Lotion,Beauty & Personal Care,East,Offline,1,522.63,522.63,Credit Card,CUST0157
TXN000173,12/15/2024,Laptop Bag,Electronics,West,Offline,3,1582.74,4748.22,Credit Card,CUST0044
TXN000403,12/16/2024,LED TV 32in,Electronics,North,Online,1,10958.98,10958.98,Credit Card,CUST0052
TXN002212,12/16/2024,Power Bank 10000mAh,Electronics,East,Offline,1,1273.09,1273.09,UPI,CUST0230
TXN005757,12/16/2024,Pressure Cooker,Home & Kitchen,West,Offline,3,1844.1,5532.3,Credit Card,CUST0241
TXN001912,12/16/2024,Men's T-Shirt,Clothing,North,Online,2,453.09,906.18,Credit Card,CUST0541
TXN004753,12/16/2024,Pressure Cooker,Home & Kitchen,South,Online,1,1203.35,1203.35,UPI,CUST0197
TXN004848,12/16/2024,Tea Powder 500g,Grocery,South,Online,1,164.93,164.93,Credit Card,CUST0874
TXN005185,12/16/2024,Mixer Grinder,Home & Kitchen,East,Online,1,3076.1,3076.1,Credit Card,CUST0231
TXN001359,12/16/2024,Body Lotion,Beauty & Personal Care,West,Offline,2,386.53,773.06,Cash,CUST0281
TXN000711,12/16/2024,Face Wash,Beauty & Personal Care,East,Offline,4,256.08,1024.32,UPI,CUST0786
TXN000720,12/16/2024,Sunflower Oil 1L,Grocery,East,Online,1,131.77,131.77,Credit Card,CUST0646
TXN000793,12/16/2024,Hair Oil,Beauty & Personal Care,East,Offline,1,148.43,148.43,UPI,CUST0368
TXN000183,12/16/2024,Laptop Bag,Electronics,North,Online,2,1687.61,3375.22,UPI,CUST0390
TXN002145,12/16/2024,Power Bank 10000mAh,Electronics,North,Offline,2,1122.92,2245.84,Cash,CUST0653
TXN000554,12/16/2024,Laptop Bag,Electronics,South,Online,2,936.97,1873.94,Credit Card,CUST0504
TXN001768,12/16/2024,Basmati Rice 5kg,Grocery,South,Online,1,487.77,487.77,Credit Card,CUST0552
TXN005528,12/16/2024,Winter Jacket,Clothing,East,Online,1,2878.41,2878.41,UPI,CUST0680
TXN004694,12/16/2024,Women's Kurti,Clothing,North,Online,3,861.7,2585.1,Credit Card,CUST0869
TXN005647,12/16/2024,Shampoo 400ml,Beauty & Personal Care,North,Offline,1,236.27,236.27,UPI,CUST0499
TXN003007,12/17/2024,Women's Kurti,Clothing,North,Online,5,1224.71,6123.55,UPI,CUST0468
TXN000670,12/17/2024,Tea Powder 500g,Grocery,South,Offline,2,206.04,412.08,Credit Card,CUST0412
TXN005608,12/17/2024,Bluetooth Speaker,Electronics,South,Online,4,2084.68,8338.72,UPI,CUST0811
TXN001794,12/17/2024,Water Bottle,Home & Kitchen,East,Online,3,466.88,1400.64,Cash,CUST0421
TXN001763,12/17/2024,Perfume 100ml,Beauty & Personal Care,West,Offline,1,1711.4,1711.4,Credit Card,CUST0204
TXN000365,12/17/2024,Laptop Bag,Electronics,North,Offline,1,855.67,855.67,Credit Card,CUST0012
TXN005429,12/17/2024,Sugar 1kg,Grocery,South,Offline,2,41.16,82.32,Net Banking,CUST0424
TXN005808,12/17/2024,Tea Powder 500g,Grocery,East,Online,1,204.54,204.54,Cash,CUST0486
TXN003098,12/17/2024,Perfume 100ml,Beauty & Personal Care,West,Offline,1,2381.63,2381.63,Credit Card,CUST0367
TXN003810,12/17/2024,Formal Shirt,Clothing,South,Offline,1,1106.57,1106.57,UPI,CUST0550
TXN005134,12/17/2024,Toor Dal 1kg,Grocery,West,Online,1,141.84,141.84,UPI,CUST0225
TXN001620,12/17/2024,LED TV 32in,Electronics,East,Offline,3,11896.44,35689.32,Credit Card,CUST0632
TXN003224,12/17/2024,Shampoo 400ml,Beauty & Personal Care,West,Online,3,182.43,547.29,UPI,CUST0801
TXN000963,12/17/2024,LED Bulb Pack,Home & Kitchen,South,Offline,3,289.26,867.78,UPI,CUST0170
TXN005593,12/17/2024,Bluetooth Speaker,Electronics,West,Online,1,2930.32,2930.32,Credit Card,CUST0384
TXN004034,12/17/2024,Perfume 100ml,Beauty & Personal Care,East,Online,1,2082.41,2082.41,Credit Card,CUST0406
TXN003534,12/18/2024,Hair Oil,Beauty & Personal Care,East,Online,4,166.73,666.92,UPI,CUST0815
TXN005957,12/18/2024,Bluetooth Speaker,Electronics,West,Offline,3,2074.41,6223.23,Credit Card,CUST0533
TXN002033,12/18/2024,Shampoo 400ml,Beauty & Personal Care,North,Offline,3,247.77,743.31,Credit Card,CUST0074
TXN002534,12/18/2024,Denim Jeans,Clothing,East,Online,2,2088.7,4177.4,UPI,CUST0404
TXN000268,12/18/2024,Power Bank 10000mAh,Electronics,South,Online,1,846.93,846.93,UPI,CUST0463
TXN000756,12/18/2024,Mixer Grinder,Home & Kitchen,South,Offline,1,2191.69,2191.69,Credit Card,CUST0830
TXN003142,12/18/2024,Mixer Grinder,Home & Kitchen,South,Offline,4,3819.43,15277.72,UPI,CUST0262
TXN000951,12/18/2024,Men's T-Shirt,Clothing,West,Online,1,399.66,399.66,Cash,CUST0262
TXN001171,12/18/2024,Kids Hoodie,Clothing,West,Offline,2,793.78,1587.56,UPI,CUST0676
TXN004038,12/18/2024,Women's Kurti,Clothing,East,Online,4,536.1,2144.4,UPI,CUST0502
TXN003790,12/18/2024,Wireless Earbuds,Electronics,South,Online,1,2368.78,2368.78,Net Banking,CUST0870
TXN000519,12/18/2024,Women's Kurti,Clothing,North,Online,3,654.81,1964.43,Credit Card,CUST0412
TXN002425,12/18/2024,Bed Sheet Set,Home & Kitchen,South,Offline,1,1072.8,1072.8,Credit Card,CUST0697
TXN004332,12/18/2024,LED Bulb Pack,Home & Kitchen,North,Offline,1,188.72,188.72,Cash,CUST0391
TXN005300,12/18/2024,Toor Dal 1kg,Grocery,South,Offline,1,174.52,174.52,Credit Card,CUST0070
TXN005222,12/19/2024,Face Wash,Beauty & Personal Care,North,Online,1,224.24,224.24,Cash,CUST0113
TXN005674,12/19/2024,Sunscreen SPF50,Beauty & Personal Care,South,Offline,1,536.75,536.75,Credit Card,CUST0787
TXN000374,12/19/2024,Hair Oil,Beauty & Personal Care,East,Online,4,343.58,1374.32,Credit Card,CUST0040
TXN003751,12/19/2024,Pressure Cooker,Home & Kitchen,North,Online,2,919.25,1838.5,Cash,CUST0053
TXN004178,12/19/2024,Water Bottle,Home & Kitchen,East,Offline,2,272.06,544.12,Cash,CUST0227
TXN004801,12/19/2024,Mixer Grinder,Home & Kitchen,West,Offline,3,3762.22,11286.66,UPI,CUST0266
TXN004698,12/19/2024,Tea Powder 500g,Grocery,West,Offline,5,237.66,1188.3,Credit Card,CUST0582
TXN000648,12/19/2024,Sugar 1kg,Grocery,West,Online,1,49.21,49.21,UPI,CUST0489
TXN005649,12/19/2024,Bed Sheet Set,Home & Kitchen,East,Online,2,1712.11,3424.22,Credit Card,CUST0140
TXN001225,12/19/2024,Winter Jacket,Clothing,East,Online,3,2931.66,8794.98,UPI,CUST0882
TXN005586,12/19/2024,Pressure Cooker,Home & Kitchen,West,Offline,2,2333.12,4666.24,Credit Card,CUST0447
TXN000394,12/19/2024,Tea Powder 500g,Grocery,East,Online,3,266.94,800.82,Credit Card,CUST0590
TXN001694,12/19/2024,Hair Oil,Beauty & Personal Care,South,Online,3,161.48,484.44,Credit Card,CUST0470
TXN003830,12/19/2024,LED TV 32in,Electronics,West,Offline,3,14799.29,44397.87,UPI,CUST0158
TXN003699,12/19/2024,Men's T-Shirt,Clothing,North,Online,1,809.03,809.03,UPI,CUST0379
TXN000140,12/19/2024,Winter Jacket,Clothing,West,Offline,4,2163.99,8655.96,UPI,CUST0281
TXN001107,12/19/2024,Wireless Earbuds,Electronics,West,Online,2,3178.28,6356.56,Cash,CUST0412
TXN000607,12/19/2024,Face Wash,Beauty & Personal Care,East,Online,1,228.74,228.74,UPI,CUST0509
TXN005296,12/19/2024,Winter Jacket,Clothing,South,Online,1,2975.06,2975.06,Credit Card,CUST0149
TXN001818,12/19/2024,Basmati Rice 5kg,Grocery,West,Online,2,488.6,977.2,UPI,CUST0869
TXN002914,12/19/2024,Denim Jeans,Clothing,East,Offline,2,1619.79,3239.58,Credit Card,CUST0532
TXN004803,12/20/2024,Pressure Cooker,Home & Kitchen,South,Online,3,2136.57,6409.71,UPI,CUST0500
TXN003526,12/20/2024,Tea Powder 500g,Grocery,East,Online,3,212.35,637.05,UPI,CUST0365
TXN000415,12/20/2024,Wireless Earbuds,Electronics,North,Offline,1,1900.07,1900.07,UPI,CUST0412
TXN000577,12/20/2024,Hair Oil,Beauty & Personal Care,North,Offline,1,263.75,263.75,UPI,CUST0718
TXN001811,12/20/2024,Non-Stick Pan,Home & Kitchen,West,Offline,1,705.62,705.62,Net Banking,CUST0685
TXN004964,12/20/2024,Sunflower Oil 1L,Grocery,East,Online,1,217.22,217.22,Cash,CUST0391
TXN003901,12/20/2024,Toor Dal 1kg,Grocery,East,Offline,2,137.15,274.3,Cash,CUST0119
TXN003568,12/20/2024,Basmati Rice 5kg,Grocery,South,Online,5,485.02,2425.1,UPI,CUST0151
TXN003020,12/20/2024,Women's Kurti,Clothing,South,Offline,1,630.76,630.76,Credit Card,CUST0718
TXN005032,12/20/2024,Non-Stick Pan,Home & Kitchen,South,Online,2,691.34,1382.68,Cash,CUST0303
TXN002516,12/20/2024,Hair Oil,Beauty & Personal Care,West,Offline,1,307.2,307.2,Credit Card,CUST0500
TXN004560,12/20/2024,Non-Stick Pan,Home & Kitchen,North,Online,3,419.49,1258.47,Credit Card,CUST0848
TXN000492,12/20/2024,Mixer Grinder,Home & Kitchen,South,Online,1,3537.18,3537.18,Net Banking,CUST0070
TXN002029,12/20/2024,Men's T-Shirt,Clothing,North,Offline,2,415.53,831.06,UPI,CUST0672
TXN002449,12/20/2024,Bluetooth Speaker,Electronics,West,Online,4,1845.96,7383.84,Credit Card,CUST0280
TXN000674,12/20/2024,Shampoo 400ml,Beauty & Personal Care,West,Offline,2,360.75,721.5,UPI,CUST0768
TXN002445,12/20/2024,Basmati Rice 5kg,Grocery,South,Offline,2,436.73,873.46,UPI,CUST0433
TXN002982,12/20/2024,Shampoo 400ml,Beauty & Personal Care,West,Offline,1,493.71,493.71,Credit Card,CUST0646
TXN004886,12/20/2024,Smartwatch,Electronics,South,Offline,2,5762.71,11525.42,UPI,CUST0808
TXN005006,12/21/2024,Power Bank 10000mAh,Electronics,West,Offline,3,1367.99,4103.97,Credit Card,CUST0533
TXN004938,12/21/2024,Wireless Earbuds,Electronics,South,Online,1,986.77,986.77,Credit Card,CUST0384
TXN001538,12/21/2024,Non-Stick Pan,Home & Kitchen,North,Online,3,403.96,1211.88,UPI,CUST0309
TXN004605,12/21/2024,Perfume 100ml,Beauty & Personal Care,North,Offline,2,830.46,1660.92,Credit Card,CUST0277
TXN005473,12/21/2024,Formal Shirt,Clothing,West,Online,2,624.36,1248.72,Credit Card,CUST0829
TXN003561,12/21/2024,Formal Shirt,Clothing,South,Online,2,1263.55,2527.1,UPI,CUST0377
TXN003623,12/21/2024,Women's Kurti,Clothing,South,Online,2,822.27,1644.54,Credit Card,CUST0796
TXN003584,12/21/2024,Men's T-Shirt,Clothing,North,Online,2,353.6,707.2,Net Banking,CUST0504
TXN004859,12/21/2024,Bluetooth Speaker,Electronics,South,Offline,3,1699.3,5097.9,UPI,CUST0402
TXN003993,12/21/2024,Hair Oil,Beauty & Personal Care,South,Online,3,141.9,425.7,UPI,CUST0530
TXN004626,12/21/2024,Kids Hoodie,Clothing,East,Offline,2,1088.56,2177.12,UPI,CUST0035
TXN003000,12/21/2024,Sunscreen SPF50,Beauty & Personal Care,East,Online,1,669.87,669.87,Cash,CUST0752
TXN000234,12/21/2024,Women's Kurti,Clothing,East,Online,2,748.27,1496.54,Cash,CUST0211
TXN000961,12/21/2024,Sunflower Oil 1L,Grocery,East,Online,4,155.7,622.8,Credit Card,CUST0688
TXN000624,12/21/2024,Laptop Bag,Electronics,North,Online,5,1723.46,8617.3,Cash,CUST0096
TXN000571,12/22/2024,Water Bottle,Home & Kitchen,East,Offline,1,424.09,424.09,Credit Card,CUST0501
TXN002292,12/22/2024,Sugar 1kg,Grocery,North,Online,2,53.51,107.02,Credit Card,CUST0811
TXN001281,12/22/2024,Wheat Flour 5kg,Grocery,East,Online,2,303.32,606.64,Cash,CUST0274
TXN005493,12/22/2024,Bed Sheet Set,Home & Kitchen,West,Online,2,1066.44,2132.88,UPI,CUST0663
TXN002127,12/22/2024,Winter Jacket,Clothing,South,Online,4,1372.91,5491.64,UPI,CUST0840
TXN000956,12/22/2024,Bed Sheet Set,Home & Kitchen,East,Offline,1,1123.48,1123.48,UPI,CUST0241
TXN001392,12/22/2024,Hair Oil,Beauty & Personal Care,East,Online,1,150.3,150.3,Cash,CUST0257
TXN000511,12/22/2024,Laptop Bag,Electronics,East,Online,1,920.37,920.37,Credit Card,CUST0197
TXN005069,12/22/2024,Wheat Flour 5kg,Grocery,North,Online,3,342.64,1027.92,UPI,CUST0829
TXN002827,12/22/2024,Sunscreen SPF50,Beauty & Personal Care,East,Online,1,371.6,371.6,Net Banking,CUST0056
TXN002192,12/22/2024,Tea Powder 500g,Grocery,East,Offline,3,248.62,745.86,Cash,CUST0848
TXN003297,12/22/2024,Shampoo 400ml,Beauty & Personal Care,East,Offline,2,297.33,594.66,Credit Card,CUST0028
TXN003024,12/22/2024,Sunscreen SPF50,Beauty & Personal Care,South,Offline,3,668.11,2004.33,Credit Card,CUST0248
TXN003421,12/22/2024,Sugar 1kg,Grocery,West,Online,2,41.14,82.28,UPI,CUST0509
TXN004574,12/22/2024,Wireless Earbuds,Electronics,East,Online,1,3127.22,3127.22,Net Banking,CUST0612
TXN001870,12/22/2024,Tea Powder 500g,Grocery,West,Offline,4,174.2,696.8,Net Banking,CUST0578
TXN001981,12/22/2024,Laptop Bag,Electronics,South,Offline,1,774.98,774.98,Credit Card,CUST0304
TXN005897,12/22/2024,Kids Hoodie,Clothing,South,Online,4,523.8,2095.2,Cash,CUST0854
TXN004676,12/22/2024,Sunflower Oil 1L,Grocery,West,Offline,1,141.03,141.03,Cash,CUST0122
TXN000423,12/23/2024,Perfume 100ml,Beauty & Personal Care,East,Online,2,1936.89,3873.78,Net Banking,CUST0778
TXN003867,12/23/2024,Hair Oil,Beauty & Personal Care,South,Online,3,130.54,391.62,UPI,CUST0764
TXN003649,12/23/2024,Wheat Flour 5kg,Grocery,West,Online,1,203.9,203.9,UPI,CUST0572
TXN003661,12/23/2024,Men's T-Shirt,Clothing,North,Offline,4,807.08,3228.32,Cash,CUST0631
TXN004461,12/23/2024,Face Wash,Beauty & Personal Care,West,Online,1,186.21,186.21,Credit Card,CUST0524
TXN002746,12/23/2024,Men's T-Shirt,Clothing,West,Offline,2,750.73,1501.46,UPI,CUST0147
TXN004309,12/23/2024,Wireless Earbuds,Electronics,East,Offline,1,2335.02,2335.02,Credit Card,CUST0775
TXN003721,12/23/2024,Wireless Earbuds,Electronics,East,Offline,1,3284.36,3284.36,UPI,CUST0764
TXN000679,12/23/2024,Hair Oil,Beauty & Personal Care,West,Offline,1,218.46,218.46,Credit Card,CUST0526
TXN002588,12/23/2024,Smartwatch,Electronics,West,Online,2,5542.66,11085.32,UPI,CUST0052
TXN004084,12/23/2024,Women's Kurti,Clothing,West,Online,1,727.95,727.95,Cash,CUST0749
TXN003464,12/23/2024,Basmati Rice 5kg,Grocery,West,Online,1,651.69,651.69,UPI,CUST0472
TXN005794,12/23/2024,Men's T-Shirt,Clothing,North,Offline,4,342.09,1368.36,Credit Card,CUST0717
TXN001227,12/23/2024,Women's Kurti,Clothing,East,Online,2,521.05,1042.1,UPI,CUST0537
TXN004002,12/23/2024,Formal Shirt,Clothing,West,Offline,4,912.17,3648.68,Cash,CUST0442
TXN005559,12/23/2024,Face Wash,Beauty & Personal Care,South,Online,3,196.81,590.43,UPI,CUST0043
TXN002609,12/24/2024,Toor Dal 1kg,Grocery,West,Online,1,174.16,174.16,Net Banking,CUST0754
TXN004729,12/24/2024,Smartwatch,Electronics,East,Online,2,4847.3,9694.6,Cash,CUST0486
TXN000817,12/24/2024,Winter Jacket,Clothing,East,Online,5,1376.98,6884.9,Credit Card,CUST0054
TXN004782,12/24/2024,LED TV 32in,Electronics,East,Offline,1,15879.91,15879.91,UPI,CUST0447
TXN004430,12/24/2024,Sunscreen SPF50,Beauty & Personal Care,North,Online,2,506.76,1013.52,Cash,CUST0465
TXN003774,12/24/2024,Sugar 1kg,Grocery,North,Online,4,57.02,228.08,Credit Card,CUST0113
TXN003835,12/24/2024,Pressure Cooker,Home & Kitchen,East,Offline,2,1413.41,2826.82,UPI,CUST0396
TXN005570,12/24/2024,Bluetooth Speaker,Electronics,West,Offline,2,2527.77,5055.54,Credit Card,CUST0680
TXN000271,12/24/2024,Laptop Bag,Electronics,East,Offline,1,1243.99,1243.99,Net Banking,CUST0532
TXN002045,12/24/2024,Bluetooth Speaker,Electronics,South,Offline,3,1392.36,4177.08,Net Banking,CUST0676
TXN002819,12/24/2024,Power Bank 10000mAh,Electronics,North,Online,3,1354.52,4063.56,Net Banking,CUST0405
TXN005785,12/24/2024,Power Bank 10000mAh,Electronics,West,Offline,1,1584.96,1584.96,Cash,CUST0596
TXN003615,12/24/2024,Formal Shirt,Clothing,East,Online,2,1457.27,2914.54,Credit Card,CUST0489
TXN004701,12/24/2024,Toor Dal 1kg,Grocery,East,Online,1,154.32,154.32,UPI,CUST0249
TXN005412,12/24/2024,Perfume 100ml,Beauty & Personal Care,South,Online,1,1968.93,1968.93,Credit Card,CUST0474
TXN001536,12/24/2024,Basmati Rice 5kg,Grocery,South,Online,3,510.55,1531.65,UPI,CUST0364
TXN002272,12/24/2024,Wheat Flour 5kg,Grocery,North,Online,3,203.29,609.87,Credit Card,CUST0244
TXN002121,12/24/2024,Non-Stick Pan,Home & Kitchen,West,Offline,1,1196.89,1196.89,Cash,CUST0262
TXN005454,12/24/2024,Sunscreen SPF50,Beauty & Personal Care,South,Offline,1,552.03,552.03,UPI,CUST0503
TXN003953,12/24/2024,Sunflower Oil 1L,Grocery,West,Offline,3,186.89,560.67,UPI,CUST0686
TXN001937,12/24/2024,Bluetooth Speaker,Electronics,East,Online,3,1703.92,5111.76,UPI,CUST0893
TXN005332,12/24/2024,Smartwatch,Electronics,North,Online,2,4124,8248,Cash,CUST0808
TXN001848,12/24/2024,Laptop Bag,Electronics,North,Online,1,1260.54,1260.54,UPI,CUST0140
TXN003927,12/25/2024,Wheat Flour 5kg,Grocery,North,Online,2,266.74,533.48,UPI,CUST0594
TXN000882,12/25/2024,Non-Stick Pan,Home & Kitchen,North,Online,3,933.91,2801.73,Cash,CUST0803
TXN004876,12/25/2024,LED TV 32in,Electronics,South,Online,1,15315.58,15315.58,UPI,CUST0350
TXN005578,12/25/2024,Pressure Cooker,Home & Kitchen,East,Offline,2,2224.88,4449.76,Cash,CUST0115
TXN001347,12/25/2024,Perfume 100ml,Beauty & Personal Care,North,Offline,1,1926.6,1926.6,UPI,CUST0060
TXN003370,12/25/2024,Power Bank 10000mAh,Electronics,West,Online,3,1538.75,4616.25,Net Banking,CUST0837
TXN003308,12/25/2024,Formal Shirt,Clothing,East,Online,4,1192.24,4768.96,Credit Card,CUST0482
TXN000557,12/25/2024,Formal Shirt,Clothing,North,Online,4,746.87,2987.48,UPI,CUST0591
TXN002582,12/25/2024,Bed Sheet Set,Home & Kitchen,East,Online,3,1590.63,4771.89,UPI,CUST0506
TXN003881,12/25/2024,Hair Oil,Beauty & Personal Care,West,Offline,1,187.16,187.16,UPI,CUST0066
TXN004167,12/25/2024,Bluetooth Speaker,Electronics,South,Online,1,3184,3184,Credit Card,CUST0436
TXN000965,12/25/2024,Laptop Bag,Electronics,North,Offline,2,1208.77,2417.54,Credit Card,CUST0882
TXN004249,12/25/2024,Toor Dal 1kg,Grocery,South,Online,1,175.24,175.24,UPI,CUST0533
TXN001534,12/25/2024,LED TV 32in,Electronics,West,Online,2,10148.18,20296.36,UPI,CUST0262
TXN005968,12/25/2024,Power Bank 10000mAh,Electronics,South,Offline,5,1224.65,6123.25,Credit Card,CUST0174
TXN003952,12/25/2024,Formal Shirt,Clothing,West,Offline,2,909.23,1818.46,UPI,CUST0356
TXN000865,12/26/2024,Bluetooth Speaker,Electronics,East,Online,1,3328.17,3328.17,UPI,CUST0141
TXN001999,12/26/2024,Sunscreen SPF50,Beauty & Personal Care,South,Offline,1,568.67,568.67,Credit Card,CUST0393
TXN000879,12/26/2024,Kids Hoodie,Clothing,West,Online,4,580.13,2320.52,UPI,CUST0242
TXN004479,12/26/2024,Formal Shirt,Clothing,North,Offline,2,1404.94,2809.88,Credit Card,CUST0721
TXN004916,12/26/2024,Winter Jacket,Clothing,East,Online,1,3205.4,3205.4,UPI,CUST0054
TXN000659,12/26/2024,Bed Sheet Set,Home & Kitchen,West,Online,2,1523.62,3047.24,Credit Card,CUST0749
TXN004270,12/26/2024,Kids Hoodie,Clothing,South,Offline,1,847.33,847.33,Cash,CUST0681
TXN001502,12/26/2024,Hair Oil,Beauty & Personal Care,East,Offline,2,218.35,436.7,Net Banking,CUST0070
TXN002689,12/27/2024,LED TV 32in,Electronics,East,Online,3,13580.44,40741.32,Credit Card,CUST0121
TXN000461,12/27/2024,Kids Hoodie,Clothing,North,Offline,2,855.12,1710.24,Net Banking,CUST0810
TXN004488,12/27/2024,Body Lotion,Beauty & Personal Care,East,Offline,1,343.6,343.6,Credit Card,CUST0861
TXN002404,12/27/2024,Women's Kurti,Clothing,West,Offline,3,1225.56,3676.68,Credit Card,CUST0288
TXN004054,12/27/2024,Wheat Flour 5kg,Grocery,South,Online,1,331.29,331.29,UPI,CUST0576
TXN004961,12/27/2024,Non-Stick Pan,Home & Kitchen,East,Online,1,1048.3,1048.3,Credit Card,CUST0413
TXN004452,12/27/2024,Denim Jeans,Clothing,East,Online,1,1048.25,1048.25,UPI,CUST0894
TXN004755,12/27/2024,Perfume 100ml,Beauty & Personal Care,South,Online,1,1525.44,1525.44,UPI,CUST0121
TXN003582,12/27/2024,Bed Sheet Set,Home & Kitchen,North,Offline,2,1485.44,2970.88,Credit Card,CUST0432
TXN001565,12/27/2024,Wheat Flour 5kg,Grocery,South,Online,2,279.84,559.68,Net Banking,CUST0532
TXN003119,12/27/2024,Face Wash,Beauty & Personal Care,West,Offline,1,310.46,310.46,Credit Card,CUST0268
TXN001917,12/27/2024,Toor Dal 1kg,Grocery,East,Online,3,132.78,398.34,Credit Card,CUST0451
TXN005988,12/27/2024,Men's T-Shirt,Clothing,South,Offline,2,484.23,968.46,Credit Card,CUST0326
TXN001072,12/27/2024,Sunflower Oil 1L,Grocery,East,Offline,1,171.85,171.85,Credit Card,CUST0742
TXN005109,12/27/2024,Mixer Grinder,Home & Kitchen,South,Offline,2,3826.89,7653.78,UPI,CUST0533
TXN001331,12/27/2024,Wireless Earbuds,Electronics,East,Online,3,1736.73,5210.19,UPI,CUST0660
TXN003644,12/27/2024,Men's T-Shirt,Clothing,North,Offline,1,824.78,824.78,Cash,CUST0259
TXN005735,12/27/2024,Shampoo 400ml,Beauty & Personal Care,West,Online,1,302.16,302.16,UPI,CUST0541
TXN004143,12/27/2024,Denim Jeans,Clothing,North,Offline,3,1957.56,5872.68,Cash,CUST0184
TXN002815,12/27/2024,Perfume 100ml,Beauty & Personal Care,East,Offline,2,1862.59,3725.18,UPI,CUST0891
TXN004552,12/27/2024,Face Wash,Beauty & Personal Care,North,Offline,2,412.77,825.54,UPI,CUST0228
TXN000783,12/27/2024,Men's T-Shirt,Clothing,East,Online,3,573.71,1721.13,Credit Card,CUST0542
TXN003327,12/28/2024,Power Bank 10000mAh,Electronics,North,Offline,1,1716.75,1716.75,UPI,CUST0337
TXN002313,12/28/2024,Bed Sheet Set,Home & Kitchen,West,Online,3,1014.41,3043.23,Net Banking,CUST0173
TXN004587,12/28/2024,Laptop Bag,Electronics,East,Online,2,1166.48,2332.96,Credit Card,CUST0215
TXN002323,12/28/2024,Perfume 100ml,Beauty & Personal Care,East,Offline,4,1078.16,4312.64,Credit Card,CUST0077
TXN002528,12/28/2024,Kids Hoodie,Clothing,East,Online,1,1159.09,1159.09,Cash,CUST0533
TXN001299,12/28/2024,Non-Stick Pan,Home & Kitchen,South,Online,2,1181.88,2363.76,Credit Card,CUST0486
TXN004262,12/28/2024,Bluetooth Speaker,Electronics,South,Offline,1,1714.56,1714.56,Cash,CUST0042
TXN000249,12/28/2024,Formal Shirt,Clothing,East,Online,2,913.75,1827.5,UPI,CUST0758
TXN003820,12/28/2024,Denim Jeans,Clothing,West,Offline,1,833.4,833.4,Net Banking,CUST0814
TXN000341,12/28/2024,Shampoo 400ml,Beauty & Personal Care,North,Online,2,474.13,948.26,Cash,CUST0775
TXN005054,12/28/2024,Hair Oil,Beauty & Personal Care,South,Online,3,249.7,749.1,Net Banking,CUST0532
TXN001726,12/28/2024,Face Wash,Beauty & Personal Care,East,Online,3,321.38,964.14,Net Banking,CUST0854
TXN005248,12/29/2024,Shampoo 400ml,Beauty & Personal Care,East,Online,1,285.66,285.66,Credit Card,CUST0446
TXN000790,12/29/2024,Water Bottle,Home & Kitchen,East,Online,2,233.74,467.48,Credit Card,CUST0679
TXN005520,12/29/2024,Toor Dal 1kg,Grocery,South,Online,3,138.13,414.39,Credit Card,CUST0458
TXN005750,12/29/2024,Sunflower Oil 1L,Grocery,North,Online,2,123.42,246.84,UPI,CUST0766
TXN003036,12/29/2024,Toor Dal 1kg,Grocery,East,Online,1,117.46,117.46,Cash,CUST0486
TXN005099,12/29/2024,Toor Dal 1kg,Grocery,South,Online,1,120.96,120.96,Cash,CUST0444
TXN005399,12/29/2024,Water Bottle,Home & Kitchen,North,Online,1,375.7,375.7,UPI,CUST0634
TXN003002,12/29/2024,Face Wash,Beauty & Personal Care,East,Offline,2,218.39,436.78,Credit Card,CUST0353
TXN000898,12/29/2024,Sunscreen SPF50,Beauty & Personal Care,West,Offline,1,314.93,314.93,Credit Card,CUST0070
TXN000104,12/29/2024,Hair Oil,Beauty & Personal Care,South,Offline,1,110.06,110.06,UPI,CUST0647
TXN004827,12/29/2024,Toor Dal 1kg,Grocery,East,Offline,2,127.45,254.9,UPI,CUST0189
TXN003455,12/29/2024,Power Bank 10000mAh,Electronics,East,Online,1,1335.7,1335.7,UPI,CUST0482
TXN004382,12/29/2024,Sunflower Oil 1L,Grocery,South,Online,1,205.59,205.59,Cash,CUST0444
TXN000714,12/29/2024,LED TV 32in,Electronics,South,Online,1,12675.7,12675.7,UPI,CUST0293
TXN000591,12/29/2024,Perfume 100ml,Beauty & Personal Care,West,Online,1,1935.41,1935.41,UPI,CUST0227
TXN001389,12/29/2024,LED Bulb Pack,Home & Kitchen,South,Offline,3,209.15,627.45,UPI,CUST0442
TXN003834,12/29/2024,Formal Shirt,Clothing,East,Offline,3,1511.51,4534.53,UPI,CUST0821
TXN003949,12/29/2024,Sugar 1kg,Grocery,West,Offline,1,53.65,53.65,Net Banking,CUST0679
TXN000517,12/30/2024,Sugar 1kg,Grocery,North,Offline,5,45.88,229.4,UPI,CUST0039
TXN002346,12/30/2024,Shampoo 400ml,Beauty & Personal Care,West,Offline,4,319.44,1277.76,UPI,CUST0163
TXN001914,12/30/2024,Smartwatch,Electronics,South,Offline,3,5461.68,16385.04,UPI,CUST0155
TXN002854,12/30/2024,Power Bank 10000mAh,Electronics,South,Online,3,1292.62,3877.86,Credit Card,CUST0593
TXN001289,12/30/2024,Bed Sheet Set,Home & Kitchen,West,Offline,5,1002.99,5014.95,Cash,CUST0706
TXN004457,12/30/2024,Face Wash,Beauty & Personal Care,North,Offline,2,361.17,722.34,UPI,CUST0160
TXN004894,12/30/2024,Face Wash,Beauty & Personal Care,East,Online,1,440.28,440.28,Credit Card,CUST0811
TXN003872,12/30/2024,Sugar 1kg,Grocery,North,Offline,3,51.04,153.12,Cash,CUST0377
TXN004674,12/30/2024,Wireless Earbuds,Electronics,South,Online,1,2987.36,2987.36,UPI,CUST0549
TXN005605,12/30/2024,Winter Jacket,Clothing,West,Online,1,2779.09,2779.09,UPI,CUST0081
TXN001573,12/30/2024,Winter Jacket,Clothing,West,Online,1,3324.99,3324.99,UPI,CUST0808
TXN004841,12/30/2024,Shampoo 400ml,Beauty & Personal Care,South,Offline,1,334.06,334.06,Cash,CUST0796
TXN004704,12/30/2024,Sunscreen SPF50,Beauty & Personal Care,North,Online,3,371.72,1115.16,Net Banking,CUST0555
TXN001348,12/30/2024,Denim Jeans,Clothing,South,Online,2,1267.68,2535.36,Credit Card,CUST0741
TXN000417,12/30/2024,Sunflower Oil 1L,Grocery,North,Offline,3,149.45,448.35,Cash,CUST0474
TXN000259,12/30/2024,Shampoo 400ml,Beauty & Personal Care,North,Offline,4,236.02,944.08,Net Banking,CUST0778
TXN005394,12/30/2024,Pressure Cooker,Home & Kitchen,West,Offline,3,1448.97,4346.91,UPI,CUST0286
TXN000174,12/30/2024,Men's T-Shirt,Clothing,East,Online,3,693.31,2079.93,UPI,CUST0015
TXN003128,12/30/2024,Basmati Rice 5kg,Grocery,East,Online,2,414.47,828.94,Net Banking,CUST0151
TXN002294,12/30/2024,LED Bulb Pack,Home & Kitchen,West,Offline,1,175.91,175.91,UPI,CUST0297
TXN001548,12/31/2024,Body Lotion,Beauty & Personal Care,South,Offline,5,244.67,1223.35,UPI,CUST0187
TXN000529,12/31/2024,Power Bank 10000mAh,Electronics,North,Online,1,780.57,780.57,UPI,CUST0541
TXN001464,12/31/2024,Sunscreen SPF50,Beauty & Personal Care,South,Online,2,343.85,687.7,Credit Card,CUST0445
TXN005318,12/31/2024,Men's T-Shirt,Clothing,East,Online,4,705.84,2823.36,Credit Card,CUST0337
TXN003875,12/31/2024,Laptop Bag,Electronics,West,Offline,1,1681.31,1681.31,UPI,CUST0306
TXN005095,12/31/2024,Bluetooth Speaker,Electronics,North,Offline,1,2907.42,2907.42,Credit Card,CUST0070
TXN001691,12/31/2024,Formal Shirt,Clothing,West,Online,1,1159.92,1159.92,UPI,CUST0733
TXN001148,12/31/2024,Kids Hoodie,Clothing,East,Offline,3,536.8,1610.4,UPI,CUST0616
TXN002813,1/1/2025,Shampoo 400ml,Beauty & Personal Care,North,Online,1,422.6,422.6,Cash,CUST0615
TXN003475,1/1/2025,Power Bank 10000mAh,Electronics,East,Online,2,1495.52,2991.04,Credit Card,CUST0465
TXN001308,1/1/2025,Smartwatch,Electronics,North,Online,4,5195.91,20783.64,Credit Card,CUST0766
TXN000210,1/1/2025,Sugar 1kg,Grocery,East,Online,1,59.9,59.9,Cash,CUST0145
TXN004239,1/1/2025,Bed Sheet Set,Home & Kitchen,South,Online,2,785.59,1571.18,Net Banking,CUST0582
TXN003156,1/1/2025,Winter Jacket,Clothing,South,Online,1,2735.87,2735.87,UPI,CUST0013
TXN003187,1/1/2025,Smartwatch,Electronics,East,Offline,5,3568.11,17840.55,UPI,CUST0126
TXN003775,1/1/2025,Face Wash,Beauty & Personal Care,West,Online,3,390.31,1170.93,Cash,CUST0382
TXN001645,1/1/2025,Winter Jacket,Clothing,East,Offline,3,3063.74,9191.22,Net Banking,CUST0085
TXN003415,1/1/2025,Sunscreen SPF50,Beauty & Personal Care,East,Offline,1,405.03,405.03,UPI,CUST0866
TXN002831,1/1/2025,Laptop Bag,Electronics,East,Online,3,1303.15,3909.45,UPI,CUST0141
TXN004931,1/1/2025,Sunscreen SPF50,Beauty & Personal Care,West,Offline,1,438.08,438.08,Net Banking,CUST0895
TXN003971,1/1/2025,Non-Stick Pan,Home & Kitchen,West,Online,2,1035.52,2071.04,Credit Card,CUST0358
TXN004481,1/1/2025,Sunscreen SPF50,Beauty & Personal Care,West,Online,3,267.88,803.64,Net Banking,CUST0215
TXN004962,1/1/2025,Hair Oil,Beauty & Personal Care,North,Online,1,101.45,101.45,UPI,CUST0470
TXN004179,1/1/2025,LED Bulb Pack,Home & Kitchen,North,Online,2,374.07,748.14,Credit Card,CUST0442
TXN000996,1/1/2025,Hair Oil,Beauty & Personal Care,East,Online,1,334.05,334.05,Net Banking,CUST0648
TXN004714,1/1/2025,Women's Kurti,Clothing,South,Online,1,1264.38,1264.38,Cash,CUST0232
TXN000160,1/1/2025,Sunscreen SPF50,Beauty & Personal Care,North,Online,3,370.35,1111.05,Net Banking,CUST0533
TXN001318,1/1/2025,Sugar 1kg,Grocery,South,Offline,1,40.6,40.6,Net Banking,CUST0258
TXN003056,1/2/2025,Sugar 1kg,Grocery,East,Offline,2,47.68,95.36,Cash,CUST0774
TXN003687,1/2/2025,Water Bottle,Home & Kitchen,North,Online,1,218.14,218.14,Credit Card,CUST0366
TXN005630,1/2/2025,Sunscreen SPF50,Beauty & Personal Care,South,Offline,2,365.23,730.46,Credit Card,CUST0750
TXN002739,1/2/2025,Women's Kurti,Clothing,South,Offline,1,958.85,958.85,UPI,CUST0265
TXN003022,1/2/2025,Sugar 1kg,Grocery,West,Offline,1,54,54,Credit Card,CUST0369
TXN004408,1/2/2025,Men's T-Shirt,Clothing,West,Offline,1,865.08,865.08,Credit Card,CUST0363
TXN004052,1/2/2025,Perfume 100ml,Beauty & Personal Care,South,Online,2,1056.22,2112.44,UPI,CUST0051
TXN005175,1/2/2025,Formal Shirt,Clothing,East,Online,1,628.09,628.09,Credit Card,CUST0274
TXN002935,1/2/2025,Denim Jeans,Clothing,South,Online,2,877.86,1755.72,Net Banking,CUST0418
TXN005124,1/2/2025,Hair Oil,Beauty & Personal Care,West,Offline,1,275.95,275.95,Net Banking,CUST0095
TXN002565,1/2/2025,Men's T-Shirt,Clothing,North,Offline,1,345.06,345.06,Cash,CUST0173
TXN001448,1/2/2025,Water Bottle,Home & Kitchen,West,Offline,2,197.11,394.22,Credit Card,CUST0329
TXN003716,1/2/2025,Sunflower Oil 1L,Grocery,West,Online,3,138.43,415.29,UPI,CUST0281
TXN001122,1/2/2025,Formal Shirt,Clothing,South,Online,1,658.98,658.98,UPI,CUST0499
TXN005106,1/2/2025,Face Wash,Beauty & Personal Care,East,Online,2,355.72,711.44,Cash,CUST0854
TXN003997,1/2/2025,Pressure Cooker,Home & Kitchen,East,Online,5,911.61,4558.05,Net Banking,CUST0140
TXN002150,1/2/2025,Denim Jeans,Clothing,South,Online,4,1175.65,4702.6,UPI,CUST0248
TXN003546,1/2/2025,Perfume 100ml,Beauty & Personal Care,East,Online,1,2124.33,2124.33,Credit Card,CUST0871
TXN000462,1/2/2025,Shampoo 400ml,Beauty & Personal Care,West,Online,3,358.89,1076.67,UPI,CUST0199
TXN002766,1/2/2025,Sunflower Oil 1L,Grocery,East,Offline,1,210.29,210.29,UPI,CUST0402
TXN002331,1/2/2025,Bluetooth Speaker,Electronics,East,Offline,3,2129.84,6389.52,Credit Card,CUST0470
TXN004519,1/2/2025,Men's T-Shirt,Clothing,West,Online,1,441.32,441.32,Credit Card,CUST0447
TXN001241,1/2/2025,Bluetooth Speaker,Electronics,North,Offline,1,3487.97,3487.97,Credit Card,CUST0728
TXN001378,1/3/2025,Sugar 1kg,Grocery,North,Offline,1,52.72,52.72,UPI,CUST0462
TXN004935,1/3/2025,Women's Kurti,Clothing,West,Offline,3,1355.29,4065.87,Net Banking,CUST0711
TXN002472,1/3/2025,Sunscreen SPF50,Beauty & Personal Care,South,Online,2,558.4,1116.8,UPI,CUST0519
TXN001394,1/3/2025,Smartwatch,Electronics,South,Online,2,2102.25,4204.5,Cash,CUST0470
TXN004661,1/3/2025,Wheat Flour 5kg,Grocery,East,Offline,3,237.01,711.03,UPI,CUST0309
TXN001160,1/3/2025,LED Bulb Pack,Home & Kitchen,North,Online,4,348.81,1395.24,Credit Card,CUST0486
TXN003336,1/3/2025,Perfume 100ml,Beauty & Personal Care,East,Offline,1,1993.12,1993.12,Cash,CUST0281
TXN003533,1/3/2025,Mixer Grinder,Home & Kitchen,South,Online,1,3914.33,3914.33,Net Banking,CUST0436
TXN005209,1/3/2025,Non-Stick Pan,Home & Kitchen,South,Online,1,483.83,483.83,UPI,CUST0188
TXN002486,1/3/2025,Mixer Grinder,Home & Kitchen,East,Online,1,3954.3,3954.3,Net Banking,CUST0786
TXN003226,1/3/2025,Shampoo 400ml,Beauty & Personal Care,West,Online,1,386.76,386.76,UPI,CUST0576
TXN003219,1/3/2025,Perfume 100ml,Beauty & Personal Care,East,Online,1,1483.15,1483.15,Net Banking,CUST0138
TXN003852,1/3/2025,Mixer Grinder,Home & Kitchen,North,Offline,1,2742.13,2742.13,UPI,CUST0406
TXN000745,1/4/2025,Pressure Cooker,Home & Kitchen,East,Online,2,1468.49,2936.98,UPI,CUST0086
TXN003368,1/4/2025,Toor Dal 1kg,Grocery,East,Online,3,119.5,358.5,Credit Card,CUST0056
TXN001853,1/4/2025,Sunscreen SPF50,Beauty & Personal Care,East,Offline,1,304.48,304.48,Credit Card,CUST0244
TXN000712,1/4/2025,Basmati Rice 5kg,Grocery,West,Online,1,561.99,561.99,UPI,CUST0552
TXN003903,1/4/2025,Hair Oil,Beauty & Personal Care,North,Online,2,110.8,221.6,UPI,CUST0808
TXN002151,1/4/2025,Perfume 100ml,Beauty & Personal Care,West,Online,3,1800.5,5401.5,Credit Card,CUST0197
TXN000033,1/4/2025,Laptop Bag,Electronics,West,Offline,1,1209.39,1209.39,UPI,CUST0882
TXN003544,1/4/2025,Sunflower Oil 1L,Grocery,North,Offline,1,149.52,149.52,Credit Card,CUST0368
TXN005948,1/4/2025,Body Lotion,Beauty & Personal Care,East,Online,2,460.83,921.66,Credit Card,CUST0411
TXN002427,1/5/2025,Toor Dal 1kg,Grocery,East,Offline,1,131.43,131.43,Cash,CUST0717
TXN005982,1/5/2025,Bed Sheet Set,Home & Kitchen,West,Offline,2,1247.6,2495.2,Credit Card,CUST0197
TXN000916,1/5/2025,Mixer Grinder,Home & Kitchen,West,Online,3,3762.11,11286.33,Credit Card,CUST0861
TXN003442,1/5/2025,Sunscreen SPF50,Beauty & Personal Care,North,Offline,2,536.22,1072.44,UPI,CUST0051
TXN003831,1/5/2025,Winter Jacket,Clothing,East,Online,2,2174.19,4348.38,UPI,CUST0117
TXN001141,1/5/2025,Women's Kurti,Clothing,East,Online,1,1092.2,1092.2,Credit Card,CUST0758
TXN004420,1/5/2025,LED TV 32in,Electronics,West,Online,2,13472.74,26945.48,UPI,CUST0509
TXN002000,1/5/2025,Shampoo 400ml,Beauty & Personal Care,South,Online,1,434.29,434.29,UPI,CUST0036
TXN001720,1/5/2025,Power Bank 10000mAh,Electronics,North,Online,1,1599.34,1599.34,Cash,CUST0280
TXN000473,1/5/2025,Body Lotion,Beauty & Personal Care,West,Offline,5,396.07,1980.35,Credit Card,CUST0760
TXN000411,1/5/2025,Sugar 1kg,Grocery,East,Offline,2,51.26,102.52,Net Banking,CUST0075
TXN000949,1/5/2025,LED Bulb Pack,Home & Kitchen,East,Online,3,324.01,972.03,Credit Card,CUST0792
TXN004403,1/5/2025,Toor Dal 1kg,Grocery,West,Offline,1,163.84,163.84,Credit Card,CUST0679
TXN003642,1/5/2025,Water Bottle,Home & Kitchen,East,Online,1,350.85,350.85,UPI,CUST0470
TXN001874,1/5/2025,Wireless Earbuds,Electronics,South,Online,4,3383.8,13535.2,Net Banking,CUST0419
TXN002008,1/5/2025,Sunscreen SPF50,Beauty & Personal Care,East,Offline,1,425.14,425.14,Net Banking,CUST0218
TXN002720,1/5/2025,Wheat Flour 5kg,Grocery,West,Offline,1,345.92,345.92,Net Banking,CUST0166
TXN004436,1/5/2025,Shampoo 400ml,Beauty & Personal Care,South,Online,1,191.08,191.08,Credit Card,CUST0840
TXN001628,1/6/2025,Shampoo 400ml,Beauty & Personal Care,South,Offline,4,375.21,1500.84,Credit Card,CUST0848
TXN000501,1/6/2025,Wireless Earbuds,Electronics,North,Online,1,2316.84,2316.84,Net Banking,CUST0158
TXN002179,1/6/2025,Shampoo 400ml,Beauty & Personal Care,South,Online,3,415.85,1247.55,UPI,CUST0147
TXN001600,1/6/2025,Kids Hoodie,Clothing,North,Online,1,694.23,694.23,Net Banking,CUST0382
TXN001329,1/6/2025,Smartwatch,Electronics,East,Online,1,2514.8,2514.8,UPI,CUST0268
TXN005813,1/6/2025,Sugar 1kg,Grocery,West,Online,2,40.59,81.18,Net Banking,CUST0616
TXN001091,1/6/2025,Kids Hoodie,Clothing,East,Online,1,893.44,893.44,Credit Card,CUST0680
TXN003288,1/6/2025,Body Lotion,Beauty & Personal Care,South,Online,1,417.75,417.75,Net Banking,CUST0509
TXN001211,1/6/2025,Kids Hoodie,Clothing,South,Online,4,958.05,3832.2,UPI,CUST0135
TXN005566,1/6/2025,Pressure Cooker,Home & Kitchen,South,Online,1,2452.84,2452.84,UPI,CUST0053
TXN005337,1/6/2025,Body Lotion,Beauty & Personal Care,West,Online,2,490.56,981.12,UPI,CUST0545
TXN001886,1/6/2025,Wheat Flour 5kg,Grocery,North,Online,1,235.91,235.91,Net Banking,CUST0230
TXN004781,1/6/2025,Wireless Earbuds,Electronics,North,Online,1,1330.26,1330.26,Net Banking,CUST0227
TXN004460,1/6/2025,Smartwatch,Electronics,South,Offline,1,4224.43,4224.43,UPI,CUST0451
TXN003607,1/6/2025,Winter Jacket,Clothing,South,Online,1,2261.4,2261.4,UPI,CUST0649
TXN001048,1/7/2025,Perfume 100ml,Beauty & Personal Care,South,Online,4,2130.82,8523.28,Credit Card,CUST0140
TXN005506,1/7/2025,Hair Oil,Beauty & Personal Care,East,Offline,4,233.5,934,Net Banking,CUST0794
TXN003900,1/7/2025,Power Bank 10000mAh,Electronics,South,Online,4,1454.69,5818.76,Cash,CUST0537
TXN003916,1/7/2025,Sunscreen SPF50,Beauty & Personal Care,West,Offline,1,434.47,434.47,Credit Card,CUST0828
TXN001016,1/7/2025,Winter Jacket,Clothing,East,Offline,2,2831.15,5662.3,UPI,CUST0632
TXN004254,1/7/2025,Laptop Bag,Electronics,North,Offline,3,1625.96,4877.88,Credit Card,CUST0676
TXN002544,1/7/2025,Winter Jacket,Clothing,North,Offline,4,2079.75,8319,Credit Card,CUST0895
TXN005001,1/7/2025,Basmati Rice 5kg,Grocery,North,Online,3,656.48,1969.44,Net Banking,CUST0536
TXN002821,1/7/2025,Wheat Flour 5kg,Grocery,North,Offline,1,223.53,223.53,UPI,CUST0314
TXN001770,1/7/2025,Perfume 100ml,Beauty & Personal Care,East,Offline,1,2232.26,2232.26,Cash,CUST0281
TXN005770,1/7/2025,Shampoo 400ml,Beauty & Personal Care,West,Online,3,471.84,1415.52,UPI,CUST0123
TXN001959,1/7/2025,Body Lotion,Beauty & Personal Care,South,Online,1,262.61,262.61,Cash,CUST0036
TXN000436,1/7/2025,Shampoo 400ml,Beauty & Personal Care,East,Offline,5,491.09,2455.45,Credit Card,CUST0552
TXN001610,1/7/2025,Non-Stick Pan,Home & Kitchen,North,Offline,2,659.01,1318.02,Credit Card,CUST0797
TXN001517,1/7/2025,Sugar 1kg,Grocery,East,Offline,2,41.23,82.46,Cash,CUST0359
TXN003652,1/7/2025,Sugar 1kg,Grocery,West,Online,4,53.99,215.96,Cash,CUST0019
TXN001498,1/7/2025,Shampoo 400ml,Beauty & Personal Care,East,Offline,1,184.52,184.52,Net Banking,CUST0028
TXN002064,1/7/2025,Winter Jacket,Clothing,South,Offline,2,1630,3260,Cash,CUST0872
TXN002108,1/7/2025,Women's Kurti,Clothing,South,Online,4,620.19,2480.76,Credit Card,CUST0012
TXN003452,1/7/2025,Basmati Rice 5kg,Grocery,West,Online,2,372.73,745.46,UPI,CUST0523
TXN004367,1/7/2025,Mixer Grinder,Home & Kitchen,East,Online,1,2972.86,2972.86,Cash,CUST0264
TXN005648,1/8/2025,Kids Hoodie,Clothing,South,Online,2,1023.43,2046.86,UPI,CUST0454
TXN001034,1/8/2025,Pressure Cooker,Home & Kitchen,West,Online,2,1008.07,2016.14,Credit Card,CUST0524
TXN005244,1/8/2025,Laptop Bag,Electronics,North,Online,3,1294.28,3882.84,Net Banking,CUST0781
TXN002451,1/8/2025,LED Bulb Pack,Home & Kitchen,East,Offline,2,178.11,356.22,Net Banking,CUST0204
TXN001515,1/8/2025,Bluetooth Speaker,Electronics,West,Offline,4,1838.2,7352.8,Credit Card,CUST0460
TXN000832,1/8/2025,Bluetooth Speaker,Electronics,North,Online,1,2377.11,2377.11,UPI,CUST0533
TXN000539,1/8/2025,LED Bulb Pack,Home & Kitchen,West,Offline,1,167.45,167.45,Credit Card,CUST0193
TXN001935,1/8/2025,Laptop Bag,Electronics,West,Online,1,1744.27,1744.27,Credit Card,CUST0368
TXN004715,1/8/2025,Bluetooth Speaker,Electronics,North,Online,1,1368.35,1368.35,Credit Card,CUST0391
TXN000799,1/8/2025,LED TV 32in,Electronics,East,Offline,1,9954.83,9954.83,Cash,CUST0854
TXN005964,1/8/2025,Laptop Bag,Electronics,East,Online,1,784.78,784.78,UPI,CUST0074
TXN001112,1/8/2025,Face Wash,Beauty & Personal Care,West,Online,1,319.68,319.68,Net Banking,CUST0056
TXN002649,1/8/2025,Face Wash,Beauty & Personal Care,South,Online,3,350.68,1052.04,UPI,CUST0273
TXN003210,1/8/2025,Sugar 1kg,Grocery,South,Online,2,50.24,100.48,Cash,CUST0508
TXN002453,1/8/2025,Winter Jacket,Clothing,West,Online,2,2135.5,4271,Cash,CUST0807
TXN003260,1/9/2025,Basmati Rice 5kg,Grocery,North,Online,3,354.11,1062.33,Cash,CUST0500
TXN002414,1/9/2025,Sunscreen SPF50,Beauty & Personal Care,East,Online,1,521.1,521.1,Net Banking,CUST0008
TXN001322,1/9/2025,Laptop Bag,Electronics,South,Online,1,984.15,984.15,UPI,CUST0482
TXN003904,1/9/2025,Men's T-Shirt,Clothing,South,Offline,2,535.55,1071.1,Net Banking,CUST0184
TXN005972,1/9/2025,Power Bank 10000mAh,Electronics,North,Online,3,933.21,2799.63,Credit Card,CUST0077
TXN003407,1/9/2025,Bed Sheet Set,Home & Kitchen,North,Offline,2,1150.52,2301.04,Cash,CUST0438
TXN004521,1/9/2025,Non-Stick Pan,Home & Kitchen,East,Online,2,1014.18,2028.36,Cash,CUST0184
TXN002232,1/9/2025,Sugar 1kg,Grocery,South,Online,1,42.28,42.28,Credit Card,CUST0733
TXN003338,1/9/2025,Toor Dal 1kg,Grocery,West,Online,1,119.89,119.89,Credit Card,CUST0680
TXN002143,1/9/2025,Non-Stick Pan,Home & Kitchen,West,Online,1,712.4,712.4,Net Banking,CUST0113
TXN002670,1/9/2025,Denim Jeans,Clothing,North,Offline,2,1434.92,2869.84,Credit Card,CUST0768
TXN000831,1/9/2025,Basmati Rice 5kg,Grocery,North,Online,3,618.48,1855.44,UPI,CUST0274
TXN004298,1/9/2025,Shampoo 400ml,Beauty & Personal Care,South,Offline,2,266.05,532.1,Credit Card,CUST0060
TXN003576,1/9/2025,Bluetooth Speaker,Electronics,South,Offline,1,3025.36,3025.36,Net Banking,CUST0442
TXN001934,1/9/2025,Winter Jacket,Clothing,West,Offline,2,1531.09,3062.18,UPI,CUST0262
TXN005120,1/9/2025,Wireless Earbuds,Electronics,South,Online,3,2028.23,6084.69,Credit Card,CUST0087
TXN005243,1/9/2025,Sunscreen SPF50,Beauty & Personal Care,South,Online,5,461.97,2309.85,Credit Card,CUST0106
TXN001462,1/9/2025,Power Bank 10000mAh,Electronics,North,Online,4,942.23,3768.92,UPI,CUST0391
TXN003144,1/9/2025,Wireless Earbuds,Electronics,West,Online,2,3795.44,7590.88,Cash,CUST0532
TXN005623,1/10/2025,Sunscreen SPF50,Beauty & Personal Care,West,Online,1,353.71,353.71,Credit Card,CUST0708
TXN003965,1/10/2025,Perfume 100ml,Beauty & Personal Care,East,Offline,2,2001.78,4003.56,Credit Card,CUST0280
TXN002210,1/10/2025,Mixer Grinder,Home & Kitchen,North,Offline,3,4317.49,12952.47,Net Banking,CUST0532
TXN004147,1/10/2025,Wheat Flour 5kg,Grocery,South,Online,4,294.19,1176.76,UPI,CUST0446
TXN004015,1/10/2025,Laptop Bag,Electronics,North,Offline,1,1148.44,1148.44,Cash,CUST0157
TXN000975,1/10/2025,Hair Oil,Beauty & Personal Care,North,Offline,3,201.13,603.39,Net Banking,CUST0648
TXN005534,1/10/2025,Toor Dal 1kg,Grocery,North,Online,2,175.15,350.3,Net Banking,CUST0468
TXN005797,1/10/2025,Women's Kurti,Clothing,East,Offline,1,1363.52,1363.52,Net Banking,CUST0566
TXN005216,1/10/2025,Smartwatch,Electronics,West,Online,1,2162.52,2162.52,Credit Card,CUST0612
TXN003789,1/10/2025,Bed Sheet Set,Home & Kitchen,East,Offline,2,683.05,1366.1,UPI,CUST0486
TXN000335,1/10/2025,Water Bottle,Home & Kitchen,East,Offline,1,364.94,364.94,Cash,CUST0552
TXN000078,1/10/2025,Laptop Bag,Electronics,East,Online,5,1075.99,5379.95,UPI,CUST0051
TXN003114,1/10/2025,Tea Powder 500g,Grocery,North,Offline,2,266.05,532.1,Cash,CUST0186
TXN004065,1/10/2025,Bluetooth Speaker,Electronics,West,Online,1,1271.41,1271.41,Credit Card,CUST0442
TXN004691,1/10/2025,Power Bank 10000mAh,Electronics,East,Online,2,1623.1,3246.2,Net Banking,CUST0278
TXN000017,1/10/2025,Shampoo 400ml,Beauty & Personal Care,West,Online,3,342.45,1027.35,UPI,CUST0266
TXN000002,1/10/2025,Laptop Bag,Electronics,West,Online,2,631.84,1263.68,Credit Card,CUST0029
TXN001282,1/10/2025,LED Bulb Pack,Home & Kitchen,South,Online,2,373.44,746.88,UPI,CUST0200
TXN001723,1/10/2025,Hair Oil,Beauty & Personal Care,West,Online,1,211.98,211.98,Credit Card,CUST0399
TXN004027,1/11/2025,Kids Hoodie,Clothing,South,Offline,3,621.01,1863.03,Credit Card,CUST0422
TXN001400,1/11/2025,Perfume 100ml,Beauty & Personal Care,South,Offline,1,1458.53,1458.53,UPI,CUST0308
TXN005653,1/11/2025,Formal Shirt,Clothing,North,Online,1,1448.91,1448.91,Credit Card,CUST0513
TXN001780,1/11/2025,Water Bottle,Home & Kitchen,South,Offline,1,396.45,396.45,Credit Card,CUST0468
TXN002963,1/11/2025,Sunscreen SPF50,Beauty & Personal Care,South,Offline,4,285.49,1141.96,Net Banking,CUST0347
TXN002796,1/11/2025,Wireless Earbuds,Electronics,South,Offline,2,1348.85,2697.7,Net Banking,CUST0034
TXN000479,1/11/2025,Laptop Bag,Electronics,North,Online,1,838.38,838.38,Credit Card,CUST0326
TXN002732,1/11/2025,Formal Shirt,Clothing,East,Online,4,1507.38,6029.52,Credit Card,CUST0141
TXN001632,1/11/2025,Denim Jeans,Clothing,South,Offline,2,1715.06,3430.12,UPI,CUST0738
TXN004268,1/11/2025,Perfume 100ml,Beauty & Personal Care,South,Online,1,1788.91,1788.91,UPI,CUST0123
TXN003261,1/11/2025,Water Bottle,Home & Kitchen,East,Online,5,332.08,1660.4,Net Banking,CUST0468
TXN000889,1/11/2025,Hair Oil,Beauty & Personal Care,South,Offline,3,114.97,344.91,Net Banking,CUST0063
TXN000586,1/11/2025,Formal Shirt,Clothing,East,Offline,4,1099,4396,UPI,CUST0337
TXN000206,1/11/2025,Women's Kurti,Clothing,East,Offline,1,543.81,543.81,Cash,CUST0166
TXN000192,1/11/2025,Perfume 100ml,Beauty & Personal Care,West,Online,2,2439.28,4878.56,Cash,CUST0552
TXN003298,1/11/2025,Sunflower Oil 1L,Grocery,South,Online,1,165.89,165.89,UPI,CUST0261
TXN002706,1/12/2025,Pressure Cooker,Home & Kitchen,North,Offline,3,2407.82,7223.46,Net Banking,CUST0178
TXN002494,1/12/2025,LED Bulb Pack,Home & Kitchen,North,Offline,4,172.26,689.04,Net Banking,CUST0295
TXN000784,1/12/2025,Face Wash,Beauty & Personal Care,South,Online,3,216.17,648.51,Cash,CUST0733
TXN002764,1/12/2025,Sunscreen SPF50,Beauty & Personal Care,West,Offline,3,308.4,925.2,Cash,CUST0035
TXN001963,1/12/2025,LED Bulb Pack,Home & Kitchen,East,Offline,2,389.27,778.54,Credit Card,CUST0844
TXN001839,1/12/2025,Face Wash,Beauty & Personal Care,North,Offline,3,365.66,1096.98,Net Banking,CUST0854
TXN004089,1/12/2025,Denim Jeans,Clothing,North,Offline,4,2048.71,8194.84,UPI,CUST0646
TXN002181,1/13/2025,LED TV 32in,Electronics,North,Offline,1,12426.76,12426.76,UPI,CUST0651
TXN003518,1/13/2025,Bed Sheet Set,Home & Kitchen,West,Offline,1,844.54,844.54,Cash,CUST0026
TXN001301,1/13/2025,Perfume 100ml,Beauty & Personal Care,South,Offline,2,2407.66,4815.32,Credit Card,CUST0870
TXN004101,1/13/2025,Perfume 100ml,Beauty & Personal Care,North,Online,2,1349.05,2698.1,Credit Card,CUST0366
TXN002932,1/13/2025,Men's T-Shirt,Clothing,South,Offline,1,370.93,370.93,UPI,CUST0720
TXN001537,1/13/2025,Non-Stick Pan,Home & Kitchen,North,Online,1,547.67,547.67,Credit Card,CUST0359
TXN001345,1/13/2025,Bed Sheet Set,Home & Kitchen,East,Offline,1,846.85,846.85,Net Banking,CUST0761
TXN004712,1/13/2025,Sunscreen SPF50,Beauty & Personal Care,East,Online,3,540.43,1621.29,UPI,CUST0574
TXN000166,1/13/2025,Perfume 100ml,Beauty & Personal Care,North,Online,5,798.61,3993.05,Credit Card,CUST0653
TXN000035,1/13/2025,Face Wash,Beauty & Personal Care,North,Online,2,430.41,860.82,UPI,CUST0163
TXN001393,1/13/2025,Pressure Cooker,Home & Kitchen,South,Online,2,1969.85,3939.7,UPI,CUST0198
TXN001729,1/13/2025,Smartwatch,Electronics,East,Offline,3,2106.45,6319.35,Net Banking,CUST0447
TXN003551,1/14/2025,LED Bulb Pack,Home & Kitchen,West,Offline,2,209.41,418.82,Net Banking,CUST0391
TXN002575,1/14/2025,Winter Jacket,Clothing,South,Offline,1,2478.36,2478.36,Net Banking,CUST0748
TXN002594,1/14/2025,Basmati Rice 5kg,Grocery,West,Online,2,570.47,1140.94,UPI,CUST0789
TXN005580,1/14/2025,Perfume 100ml,Beauty & Personal Care,West,Online,1,1903,1903,UPI,CUST0121
TXN004776,1/14/2025,Kids Hoodie,Clothing,West,Offline,1,617.59,617.59,UPI,CUST0035
TXN005778,1/14/2025,Hair Oil,Beauty & Personal Care,West,Offline,3,286.57,859.71,Net Banking,CUST0241
TXN005301,1/14/2025,Face Wash,Beauty & Personal Care,North,Online,1,164.89,164.89,Credit Card,CUST0613
TXN003118,1/14/2025,Face Wash,Beauty & Personal Care,East,Offline,5,175.73,878.65,UPI,CUST0799
TXN004498,1/14/2025,Mixer Grinder,Home & Kitchen,South,Online,1,2625.7,2625.7,UPI,CUST0415
TXN003067,1/14/2025,Mixer Grinder,Home & Kitchen,West,Online,2,2996.89,5993.78,UPI,CUST0274
TXN001579,1/14/2025,Winter Jacket,Clothing,South,Offline,1,3257.23,3257.23,Credit Card,CUST0120
TXN004857,1/14/2025,LED TV 32in,Electronics,South,Online,1,11920.25,11920.25,Credit Card,CUST0535
TXN002371,1/14/2025,LED TV 32in,Electronics,West,Offline,1,11779.46,11779.46,Cash,CUST0241
TXN002006,1/14/2025,Face Wash,Beauty & Personal Care,North,Offline,1,182.09,182.09,UPI,CUST0053
TXN000429,1/14/2025,LED TV 32in,Electronics,East,Offline,2,9678.91,19357.82,UPI,CUST0560
TXN001827,1/14/2025,Perfume 100ml,Beauty & Personal Care,East,Online,1,2379.55,2379.55,Cash,CUST0063
TXN003443,1/14/2025,Toor Dal 1kg,Grocery,South,Offline,2,114.66,229.32,Cash,CUST0732
TXN005679,1/14/2025,Water Bottle,Home & Kitchen,South,Online,4,230.04,920.16,UPI,CUST0342
TXN003485,1/15/2025,Winter Jacket,Clothing,North,Online,5,2603.9,13019.5,Credit Card,CUST0786
TXN005327,1/15/2025,Toor Dal 1kg,Grocery,West,Offline,1,125.63,125.63,Credit Card,CUST0117
TXN003848,1/15/2025,Non-Stick Pan,Home & Kitchen,East,Online,3,528.29,1584.87,UPI,CUST0039
TXN000480,1/15/2025,Sugar 1kg,Grocery,South,Online,1,50.96,50.96,Cash,CUST0519
TXN000810,1/15/2025,Sugar 1kg,Grocery,East,Online,4,50.85,203.4,Credit Card,CUST0552
TXN003111,1/15/2025,Basmati Rice 5kg,Grocery,South,Offline,1,602.7,602.7,Credit Card,CUST0035
TXN003816,1/15/2025,Hair Oil,Beauty & Personal Care,North,Offline,1,175.56,175.56,Cash,CUST0288
TXN003009,1/15/2025,LED TV 32in,Electronics,West,Online,4,12100.65,48402.6,Cash,CUST0507
TXN000638,1/15/2025,Sunscreen SPF50,Beauty & Personal Care,North,Online,3,255.89,767.67,Credit Card,CUST0580
TXN004373,1/15/2025,Women's Kurti,Clothing,South,Offline,1,779.15,779.15,UPI,CUST0269
TXN002841,1/15/2025,Sugar 1kg,Grocery,West,Online,1,51.49,51.49,Cash,CUST0806
TXN001561,1/15/2025,Sunscreen SPF50,Beauty & Personal Care,East,Online,1,252.27,252.27,Credit Card,CUST0893
TXN001936,1/16/2025,Pressure Cooker,Home & Kitchen,East,Offline,1,1809.1,1809.1,Net Banking,CUST0814
TXN005306,1/16/2025,Pressure Cooker,Home & Kitchen,West,Online,3,2309.21,6927.63,UPI,CUST0844
TXN000719,1/16/2025,Laptop Bag,Electronics,South,Offline,3,1366.62,4099.86,Credit Card,CUST0498
TXN001852,1/16/2025,LED TV 32in,Electronics,East,Online,1,11842.84,11842.84,Net Banking,CUST0576
TXN003759,1/16/2025,Denim Jeans,Clothing,East,Offline,4,1718.15,6872.6,UPI,CUST0183
TXN001063,1/16/2025,LED TV 32in,Electronics,North,Offline,4,10593.05,42372.2,Net Banking,CUST0749
TXN003466,1/16/2025,Smartwatch,Electronics,North,Offline,5,2990.19,14950.95,UPI,CUST0569
TXN000662,1/16/2025,Denim Jeans,Clothing,East,Offline,2,831.85,1663.7,Credit Card,CUST0227
TXN001383,1/16/2025,Water Bottle,Home & Kitchen,West,Online,2,451.36,902.72,Credit Card,CUST0432
TXN005846,1/16/2025,Face Wash,Beauty & Personal Care,North,Online,2,199.47,398.94,Credit Card,CUST0893
TXN005848,1/16/2025,Formal Shirt,Clothing,East,Online,2,1363.57,2727.14,UPI,CUST0070
TXN001488,1/16/2025,Sunflower Oil 1L,Grocery,East,Offline,4,146.81,587.24,UPI,CUST0523
TXN001452,1/16/2025,LED Bulb Pack,Home & Kitchen,South,Offline,4,370.6,1482.4,Credit Card,CUST0811
TXN005870,1/16/2025,LED TV 32in,Electronics,West,Offline,1,13870.14,13870.14,Cash,CUST0299
TXN001638,1/16/2025,Face Wash,Beauty & Personal Care,East,Online,3,186.51,559.53,Net Banking,CUST0138
TXN005078,1/17/2025,Toor Dal 1kg,Grocery,East,Offline,1,119.33,119.33,UPI,CUST0141
TXN005626,1/17/2025,Toor Dal 1kg,Grocery,South,Offline,3,170.47,511.41,UPI,CUST0898
TXN004096,1/17/2025,Perfume 100ml,Beauty & Personal Care,West,Online,1,2352.96,2352.96,UPI,CUST0800
TXN005125,1/17/2025,Non-Stick Pan,Home & Kitchen,East,Online,3,1060.3,3180.9,Credit Card,CUST0087
TXN002992,1/18/2025,Hair Oil,Beauty & Personal Care,West,Offline,3,201.15,603.45,Net Banking,CUST0476
TXN004505,1/18/2025,Kids Hoodie,Clothing,East,Online,1,846.9,846.9,Credit Card,CUST0316
TXN005335,1/18/2025,Bed Sheet Set,Home & Kitchen,West,Offline,4,1437.73,5750.92,Credit Card,CUST0352
TXN004336,1/18/2025,Tea Powder 500g,Grocery,South,Offline,2,343.97,687.94,Cash,CUST0008
TXN002768,1/18/2025,Bluetooth Speaker,Electronics,East,Online,1,2966.47,2966.47,Net Banking,CUST0155
TXN004227,1/18/2025,Hair Oil,Beauty & Personal Care,West,Online,1,332.89,332.89,UPI,CUST0486
TXN004789,1/18/2025,Sunscreen SPF50,Beauty & Personal Care,South,Online,2,563.89,1127.78,Net Banking,CUST0140
TXN000057,1/18/2025,Sunflower Oil 1L,Grocery,West,Online,2,164.22,328.44,UPI,CUST0470
TXN004177,1/18/2025,Laptop Bag,Electronics,South,Offline,1,662.59,662.59,UPI,CUST0532
TXN005657,1/18/2025,Mixer Grinder,Home & Kitchen,West,Online,2,1997.96,3995.92,UPI,CUST0337
TXN004366,1/18/2025,Water Bottle,Home & Kitchen,South,Offline,1,360.58,360.58,Credit Card,CUST0465
TXN000186,1/18/2025,Face Wash,Beauty & Personal Care,North,Online,1,204.08,204.08,Cash,CUST0426
TXN003766,1/18/2025,Water Bottle,Home & Kitchen,West,Online,1,184.09,184.09,Cash,CUST0616
TXN003808,1/18/2025,Sugar 1kg,Grocery,North,Offline,2,59.6,119.2,Credit Card,CUST0187
TXN004377,1/19/2025,Power Bank 10000mAh,Electronics,East,Offline,5,1581.95,7909.75,Cash,CUST0157
TXN005396,1/19/2025,Hair Oil,Beauty & Personal Care,East,Online,1,115.83,115.83,UPI,CUST0787
TXN003019,1/19/2025,Sunscreen SPF50,Beauty & Personal Care,South,Online,3,446.43,1339.29,UPI,CUST0574
TXN005385,1/19/2025,Sunflower Oil 1L,Grocery,East,Offline,5,209.85,1049.25,Credit Card,CUST0198
TXN004241,1/19/2025,Winter Jacket,Clothing,North,Online,1,2829.12,2829.12,Cash,CUST0508
TXN003472,1/19/2025,Bluetooth Speaker,Electronics,South,Offline,1,3415.76,3415.76,Net Banking,CUST0360
TXN000153,1/19/2025,Perfume 100ml,Beauty & Personal Care,East,Offline,2,2084.13,4168.26,Net Banking,CUST0835
TXN001419,1/19/2025,Laptop Bag,Electronics,South,Online,1,1503.98,1503.98,UPI,CUST0391
TXN003375,1/19/2025,Kids Hoodie,Clothing,North,Online,3,1163.35,3490.05,Credit Card,CUST0523
TXN005338,1/19/2025,Toor Dal 1kg,Grocery,East,Online,5,110.59,552.95,UPI,CUST0552
TXN000802,1/19/2025,Shampoo 400ml,Beauty & Personal Care,North,Online,1,346.97,346.97,Credit Card,CUST0397
TXN002974,1/19/2025,Power Bank 10000mAh,Electronics,North,Online,2,832.75,1665.5,Credit Card,CUST0737
TXN002429,1/19/2025,Winter Jacket,Clothing,East,Offline,1,1537.77,1537.77,Credit Card,CUST0135
TXN005523,1/20/2025,Shampoo 400ml,Beauty & Personal Care,West,Offline,1,352.01,352.01,Credit Card,CUST0054
TXN004680,1/20/2025,Toor Dal 1kg,Grocery,West,Online,1,162.54,162.54,Net Banking,CUST0402
TXN002023,1/20/2025,Bluetooth Speaker,Electronics,North,Offline,1,2897.46,2897.46,Cash,CUST0726
TXN005640,1/20/2025,LED TV 32in,Electronics,South,Online,4,15662.22,62648.88,UPI,CUST0526
TXN004215,1/20/2025,Winter Jacket,Clothing,West,Online,3,2201,6603,UPI,CUST0262
TXN000507,1/20/2025,Body Lotion,Beauty & Personal Care,South,Online,3,421.43,1264.29,Credit Card,CUST0752
TXN005668,1/20/2025,Bluetooth Speaker,Electronics,East,Online,1,2091.59,2091.59,UPI,CUST0499
TXN002087,1/20/2025,Kids Hoodie,Clothing,West,Online,1,622.86,622.86,UPI,CUST0051
TXN003229,1/20/2025,Hair Oil,Beauty & Personal Care,South,Online,3,186.03,558.09,Credit Card,CUST0267
TXN000806,1/20/2025,LED TV 32in,Electronics,West,Online,2,11846.33,23692.66,UPI,CUST0105
TXN003898,1/20/2025,Water Bottle,Home & Kitchen,South,Online,2,498.6,997.2,Cash,CUST0698
TXN002884,1/20/2025,Basmati Rice 5kg,Grocery,North,Offline,2,500.82,1001.64,Cash,CUST0736
TXN003086,1/20/2025,LED Bulb Pack,Home & Kitchen,South,Online,1,229.82,229.82,Credit Card,CUST0825
TXN001080,1/20/2025,Denim Jeans,Clothing,South,Online,1,1817.15,1817.15,UPI,CUST0750
TXN003651,1/21/2025,Body Lotion,Beauty & Personal Care,West,Offline,2,431.28,862.56,UPI,CUST0826
TXN001041,1/21/2025,Body Lotion,Beauty & Personal Care,West,Online,3,216.88,650.64,Cash,CUST0054
TXN000583,1/21/2025,Pressure Cooker,Home & Kitchen,South,Online,1,2161.85,2161.85,Credit Card,CUST0486
TXN005129,1/21/2025,LED TV 32in,Electronics,West,Offline,2,10095.58,20191.16,Cash,CUST0631
TXN001942,1/21/2025,Laptop Bag,Electronics,West,Offline,1,868.35,868.35,Credit Card,CUST0672
TXN005140,1/21/2025,Mixer Grinder,Home & Kitchen,South,Offline,3,2454.04,7362.12,Credit Card,CUST0772
TXN004225,1/21/2025,LED TV 32in,Electronics,South,Offline,1,15682.87,15682.87,Net Banking,CUST0811
TXN000344,1/21/2025,Bed Sheet Set,Home & Kitchen,North,Online,2,1555.06,3110.12,Credit Card,CUST0752
TXN003317,1/21/2025,Shampoo 400ml,Beauty & Personal Care,North,Online,1,264,264,UPI,CUST0044
TXN001244,1/21/2025,Winter Jacket,Clothing,East,Offline,3,3065.97,9197.91,UPI,CUST0280
TXN002525,1/21/2025,Denim Jeans,Clothing,West,Offline,4,1121.61,4486.44,Credit Card,CUST0746
TXN003139,1/21/2025,Laptop Bag,Electronics,South,Online,2,1791.14,3582.28,Credit Card,CUST0560
TXN003886,1/21/2025,Winter Jacket,Clothing,East,Offline,1,1311.87,1311.87,Credit Card,CUST0352
TXN004233,1/21/2025,Men's T-Shirt,Clothing,West,Offline,1,573.81,573.81,Cash,CUST0095
TXN003320,1/21/2025,Tea Powder 500g,Grocery,South,Offline,3,324.36,973.08,UPI,CUST0241
TXN005866,1/21/2025,Bed Sheet Set,Home & Kitchen,North,Online,1,1433.25,1433.25,Credit Card,CUST0807
TXN001970,1/22/2025,Smartwatch,Electronics,North,Online,1,2762.73,2762.73,Cash,CUST0323
TXN005154,1/22/2025,Hair Oil,Beauty & Personal Care,South,Online,2,267.2,534.4,Cash,CUST0367
TXN003801,1/22/2025,LED TV 32in,Electronics,South,Online,2,15690.29,31380.58,Credit Card,CUST0239
TXN002463,1/22/2025,Formal Shirt,Clothing,North,Online,4,1291.19,5164.76,Credit Card,CUST0595
TXN002673,1/22/2025,Laptop Bag,Electronics,West,Online,3,1754.16,5262.48,Cash,CUST0749
TXN002176,1/22/2025,Bed Sheet Set,Home & Kitchen,North,Offline,2,1620.41,3240.82,Cash,CUST0772
TXN002727,1/22/2025,Mixer Grinder,Home & Kitchen,South,Online,1,2231.38,2231.38,Net Banking,CUST0002
TXN001541,1/22/2025,Pressure Cooker,Home & Kitchen,West,Online,3,1838.29,5514.87,Cash,CUST0491
TXN002152,1/22/2025,Kids Hoodie,Clothing,South,Offline,3,1052.67,3158.01,UPI,CUST0442
TXN004394,1/22/2025,Wireless Earbuds,Electronics,North,Online,1,1054.7,1054.7,Credit Card,CUST0023
TXN004669,1/22/2025,Smartwatch,Electronics,South,Online,1,5515.75,5515.75,Net Banking,CUST0746
TXN002289,1/22/2025,Sugar 1kg,Grocery,South,Online,1,46.38,46.38,UPI,CUST0738
TXN003201,1/22/2025,Smartwatch,Electronics,East,Online,2,1894.81,3789.62,UPI,CUST0536
TXN004142,1/22/2025,Power Bank 10000mAh,Electronics,East,Offline,1,1438.63,1438.63,Cash,CUST0518
TXN000048,1/23/2025,Mixer Grinder,Home & Kitchen,East,Offline,3,4152.57,12457.71,Credit Card,CUST0801
TXN001417,1/23/2025,Wireless Earbuds,Electronics,South,Online,1,2276.46,2276.46,Credit Card,CUST0253
TXN001273,1/23/2025,Face Wash,Beauty & Personal Care,East,Online,2,406.15,812.3,Cash,CUST0166
TXN002134,1/23/2025,Wireless Earbuds,Electronics,South,Online,2,1429.91,2859.82,Credit Card,CUST0096
TXN000962,1/23/2025,Formal Shirt,Clothing,East,Online,2,720.69,1441.38,Cash,CUST0556
TXN003850,1/23/2025,Formal Shirt,Clothing,South,Offline,2,1111.28,2222.56,Net Banking,CUST0717
TXN002708,1/23/2025,Body Lotion,Beauty & Personal Care,West,Online,1,263.09,263.09,Net Banking,CUST0262
TXN002261,1/23/2025,Sunscreen SPF50,Beauty & Personal Care,East,Online,3,498.95,1496.85,UPI,CUST0406
TXN000497,1/23/2025,Sugar 1kg,Grocery,North,Offline,1,56.51,56.51,Cash,CUST0397
TXN005351,1/23/2025,LED Bulb Pack,Home & Kitchen,North,Offline,4,156.01,624.04,Credit Card,CUST0421
TXN003753,1/23/2025,Mixer Grinder,Home & Kitchen,North,Online,1,3058.5,3058.5,Cash,CUST0436
TXN001953,1/23/2025,Pressure Cooker,Home & Kitchen,South,Online,2,1694.26,3388.52,UPI,CUST0184
TXN003738,1/23/2025,Smartwatch,Electronics,South,Offline,4,3267.05,13068.2,Net Banking,CUST0566
TXN001747,1/23/2025,Men's T-Shirt,Clothing,West,Online,3,371.79,1115.37,UPI,CUST0848
TXN001293,1/23/2025,Power Bank 10000mAh,Electronics,West,Offline,1,1162.7,1162.7,Credit Card,CUST0574
TXN002859,1/23/2025,Winter Jacket,Clothing,East,Online,3,2715.78,8147.34,Credit Card,CUST0396
TXN005290,1/23/2025,Basmati Rice 5kg,Grocery,East,Offline,5,578.64,2893.2,Cash,CUST0140
TXN005912,1/23/2025,Wheat Flour 5kg,Grocery,East,Offline,1,335.87,335.87,Cash,CUST0052
TXN002515,1/23/2025,Sugar 1kg,Grocery,West,Online,1,41.69,41.69,Credit Card,CUST0700
TXN004013,1/23/2025,Smartwatch,Electronics,North,Online,3,2403.88,7211.64,Credit Card,CUST0479
TXN004209,1/24/2025,Bluetooth Speaker,Electronics,North,Offline,2,3307.76,6615.52,Net Banking,CUST0680
TXN000095,1/24/2025,Basmati Rice 5kg,Grocery,South,Online,2,626.76,1253.52,UPI,CUST0328
TXN004247,1/24/2025,Pressure Cooker,Home & Kitchen,North,Online,1,2036.51,2036.51,UPI,CUST0550
TXN003516,1/24/2025,Wheat Flour 5kg,Grocery,East,Offline,2,337.45,674.9,UPI,CUST0446
TXN005720,1/24/2025,Sunflower Oil 1L,Grocery,East,Online,1,187.07,187.07,Credit Card,CUST0636
TXN004045,1/24/2025,Bed Sheet Set,Home & Kitchen,West,Offline,4,1151.08,4604.32,Cash,CUST0710
TXN005877,1/24/2025,Water Bottle,Home & Kitchen,West,Offline,1,357.4,357.4,Cash,CUST0652
TXN003637,1/24/2025,Pressure Cooker,Home & Kitchen,East,Online,3,1255.79,3767.37,UPI,CUST0394
TXN002693,1/24/2025,Non-Stick Pan,Home & Kitchen,West,Online,5,515.76,2578.8,Cash,CUST0501
TXN005418,1/24/2025,Bluetooth Speaker,Electronics,South,Offline,1,2218.72,2218.72,UPI,CUST0508
TXN001173,1/24/2025,Perfume 100ml,Beauty & Personal Care,East,Offline,1,1191.86,1191.86,Cash,CUST0196
TXN002941,1/24/2025,Wireless Earbuds,Electronics,East,Offline,1,1406.44,1406.44,Cash,CUST0476
TXN002614,1/24/2025,Shampoo 400ml,Beauty & Personal Care,North,Online,3,254.16,762.48,Credit Card,CUST0726
TXN001350,1/25/2025,Mixer Grinder,Home & Kitchen,West,Online,2,2584.78,5169.56,Credit Card,CUST0114
TXN003130,1/25/2025,Bluetooth Speaker,Electronics,South,Online,1,1432.37,1432.37,Credit Card,CUST0328
TXN001020,1/25/2025,Hair Oil,Beauty & Personal Care,East,Offline,1,333.39,333.39,UPI,CUST0385
TXN004965,1/25/2025,Pressure Cooker,Home & Kitchen,West,Online,1,991.27,991.27,Credit Card,CUST0628
TXN005667,1/25/2025,Sunscreen SPF50,Beauty & Personal Care,West,Online,3,561.63,1684.89,UPI,CUST0602
TXN005572,1/25/2025,Toor Dal 1kg,Grocery,East,Offline,2,150.19,300.38,Credit Card,CUST0734
TXN004391,1/25/2025,Non-Stick Pan,Home & Kitchen,South,Offline,4,965.01,3860.04,Credit Card,CUST0258
TXN005365,1/25/2025,Hair Oil,Beauty & Personal Care,South,Online,1,266.07,266.07,UPI,CUST0751
TXN004228,1/25/2025,Laptop Bag,Electronics,South,Offline,1,1621.55,1621.55,Credit Card,CUST0239
TXN005522,1/25/2025,Body Lotion,Beauty & Personal Care,East,Offline,5,303.91,1519.55,Credit Card,CUST0422
TXN000797,1/25/2025,Body Lotion,Beauty & Personal Care,West,Offline,1,244.05,244.05,Net Banking,CUST0028
TXN002311,1/26/2025,Toor Dal 1kg,Grocery,North,Offline,4,133.17,532.68,Credit Card,CUST0155
TXN004182,1/26/2025,Laptop Bag,Electronics,East,Online,4,1452.55,5810.2,UPI,CUST0105
TXN005362,1/26/2025,Mixer Grinder,Home & Kitchen,South,Offline,1,4398.53,4398.53,Credit Card,CUST0759
TXN003446,1/26/2025,Kids Hoodie,Clothing,South,Online,2,1054.34,2108.68,UPI,CUST0323
TXN003955,1/26/2025,Basmati Rice 5kg,Grocery,South,Offline,4,694.15,2776.6,Credit Card,CUST0533
TXN005746,1/26/2025,Wireless Earbuds,Electronics,West,Offline,4,2526.44,10105.76,Credit Card,CUST0384
TXN002310,1/26/2025,Men's T-Shirt,Clothing,East,Offline,1,896.6,896.6,Credit Card,CUST0530
TXN003349,1/26/2025,Kids Hoodie,Clothing,South,Online,1,1018.99,1018.99,Credit Card,CUST0513
TXN005851,1/26/2025,Perfume 100ml,Beauty & Personal Care,West,Offline,1,1944.6,1944.6,UPI,CUST0262
TXN002776,1/26/2025,Basmati Rice 5kg,Grocery,North,Offline,3,460.74,1382.22,UPI,CUST0257
TXN001909,1/26/2025,Non-Stick Pan,Home & Kitchen,West,Offline,1,603.94,603.94,Net Banking,CUST0438
TXN002259,1/26/2025,Sunscreen SPF50,Beauty & Personal Care,South,Online,1,514.98,514.98,UPI,CUST0735
TXN005227,1/26/2025,Pressure Cooker,Home & Kitchen,East,Offline,1,1998.79,1998.79,Net Banking,CUST0465
TXN004360,1/26/2025,Denim Jeans,Clothing,West,Online,1,1454.79,1454.79,Credit Card,CUST0784
TXN002607,1/27/2025,Bluetooth Speaker,Electronics,East,Offline,4,1482.61,5930.44,Cash,CUST0869
TXN003981,1/27/2025,LED TV 32in,Electronics,East,Online,2,15064.72,30129.44,UPI,CUST0194
TXN003714,1/27/2025,Women's Kurti,Clothing,West,Offline,1,1281.89,1281.89,Net Banking,CUST0107
TXN001484,1/27/2025,LED Bulb Pack,Home & Kitchen,South,Offline,2,156.22,312.44,Cash,CUST0397
TXN003987,1/27/2025,Toor Dal 1kg,Grocery,South,Online,1,138.09,138.09,Net Banking,CUST0314
TXN004068,1/27/2025,Winter Jacket,Clothing,West,Online,3,3144.94,9434.82,UPI,CUST0625
TXN003646,1/27/2025,Perfume 100ml,Beauty & Personal Care,West,Online,4,2370.5,9482,Credit Card,CUST0721
TXN001673,1/27/2025,Basmati Rice 5kg,Grocery,North,Online,3,559.46,1678.38,UPI,CUST0289
TXN004531,1/27/2025,Non-Stick Pan,Home & Kitchen,East,Online,2,1022.87,2045.74,Credit Card,CUST0527
TXN003223,1/27/2025,Mixer Grinder,Home & Kitchen,South,Offline,5,2127,10635,UPI,CUST0606
TXN001263,1/27/2025,Face Wash,Beauty & Personal Care,West,Online,4,177.99,711.96,Cash,CUST0322
TXN003073,1/27/2025,Shampoo 400ml,Beauty & Personal Care,East,Offline,1,357.05,357.05,UPI,CUST0253
TXN005020,1/27/2025,Winter Jacket,Clothing,East,Offline,5,2111.41,10557.05,Credit Card,CUST0513
TXN002400,1/27/2025,Men's T-Shirt,Clothing,East,Offline,1,537.14,537.14,UPI,CUST0717
TXN002970,1/27/2025,Winter Jacket,Clothing,East,Online,1,1206.38,1206.38,UPI,CUST0068
TXN000334,1/27/2025,Kids Hoodie,Clothing,East,Online,2,1170.92,2341.84,Credit Card,CUST0034
TXN005203,1/27/2025,LED TV 32in,Electronics,East,Online,5,11587.85,57939.25,Cash,CUST0285
TXN004898,1/27/2025,Mixer Grinder,Home & Kitchen,West,Offline,1,3847.35,3847.35,Credit Card,CUST0870
TXN001897,1/27/2025,Face Wash,Beauty & Personal Care,East,Online,1,278.94,278.94,UPI,CUST0070
TXN001902,1/27/2025,Smartwatch,Electronics,North,Online,3,3673.89,11021.67,Net Banking,CUST0807
TXN005288,1/28/2025,LED Bulb Pack,Home & Kitchen,East,Offline,1,231.19,231.19,Cash,CUST0268
TXN004120,1/28/2025,Women's Kurti,Clothing,West,Online,2,602.01,1204.02,Credit Card,CUST0764
TXN003657,1/28/2025,Toor Dal 1kg,Grocery,South,Offline,2,154.45,308.9,UPI,CUST0567
TXN005891,1/28/2025,Face Wash,Beauty & Personal Care,South,Offline,5,420.09,2100.45,Net Banking,CUST0736
TXN004798,1/28/2025,Denim Jeans,Clothing,West,Online,5,1649.16,8245.8,UPI,CUST0379
TXN002876,1/28/2025,Tea Powder 500g,Grocery,East,Online,2,227.54,455.08,Cash,CUST0826
TXN000660,1/28/2025,Sugar 1kg,Grocery,South,Offline,1,58.48,58.48,UPI,CUST0801
TXN005449,1/28/2025,Bed Sheet Set,Home & Kitchen,East,Online,3,812.25,2436.75,UPI,CUST0519
TXN004151,1/28/2025,Bed Sheet Set,Home & Kitchen,South,Offline,2,856.09,1712.18,Credit Card,CUST0190
TXN005264,1/28/2025,Sunscreen SPF50,Beauty & Personal Care,East,Offline,1,597.11,597.11,UPI,CUST0346
TXN002373,1/28/2025,Bluetooth Speaker,Electronics,West,Offline,2,2580.2,5160.4,UPI,CUST0633
TXN001801,1/28/2025,Perfume 100ml,Beauty & Personal Care,East,Online,1,1287.16,1287.16,Cash,CUST0472
TXN000388,1/28/2025,Kids Hoodie,Clothing,South,Offline,1,787.03,787.03,Credit Card,CUST0321
TXN001635,1/28/2025,Wheat Flour 5kg,Grocery,South,Offline,1,348.65,348.65,Credit Card,CUST0653
TXN001320,1/28/2025,Bluetooth Speaker,Electronics,West,Online,2,3029.05,6058.1,Credit Card,CUST0113
TXN004604,1/29/2025,Bed Sheet Set,Home & Kitchen,North,Offline,1,1137.12,1137.12,Credit Card,CUST0447
TXN002839,1/29/2025,Denim Jeans,Clothing,North,Online,5,1502.41,7512.05,Credit Card,CUST0672
TXN004159,1/29/2025,Sunflower Oil 1L,Grocery,South,Online,1,123.22,123.22,Credit Card,CUST0499
TXN005612,1/29/2025,Kids Hoodie,Clothing,South,Online,4,785.82,3143.28,Credit Card,CUST0698
TXN001430,1/29/2025,Wheat Flour 5kg,Grocery,East,Offline,2,206.71,413.42,UPI,CUST0051
TXN001973,1/29/2025,LED TV 32in,Electronics,South,Online,1,9811.1,9811.1,UPI,CUST0797
TXN003779,1/29/2025,Denim Jeans,Clothing,North,Offline,1,2015.63,2015.63,Credit Card,CUST0578
TXN004246,1/29/2025,LED Bulb Pack,Home & Kitchen,East,Offline,1,247.2,247.2,Credit Card,CUST0786
TXN000755,1/29/2025,Formal Shirt,Clothing,North,Offline,1,1382.53,1382.53,Cash,CUST0082
TXN005629,1/29/2025,Non-Stick Pan,Home & Kitchen,North,Online,1,804.92,804.92,Net Banking,CUST0337
TXN005798,1/29/2025,Water Bottle,Home & Kitchen,East,Offline,3,249.69,749.07,Credit Card,CUST0325
TXN003059,1/29/2025,Body Lotion,Beauty & Personal Care,West,Online,4,571.14,2284.56,UPI,CUST0051
TXN000348,1/30/2025,LED Bulb Pack,Home & Kitchen,West,Offline,5,343.91,1719.55,Cash,CUST0035
TXN003177,1/30/2025,Sunflower Oil 1L,Grocery,East,Online,4,127.61,510.44,Credit Card,CUST0396
TXN002837,1/30/2025,Basmati Rice 5kg,Grocery,East,Offline,2,386.77,773.54,Credit Card,CUST0566
TXN001422,1/30/2025,Pressure Cooker,Home & Kitchen,North,Offline,5,1647.73,8238.65,Credit Card,CUST0623
TXN004793,1/30/2025,Face Wash,Beauty & Personal Care,West,Offline,1,166.7,166.7,UPI,CUST0582
TXN003599,1/30/2025,Pressure Cooker,Home & Kitchen,West,Offline,2,1402.52,2805.04,Cash,CUST0246
TXN000824,1/30/2025,Sunflower Oil 1L,Grocery,South,Offline,2,135.35,270.7,UPI,CUST0096
TXN000419,1/30/2025,Sugar 1kg,Grocery,East,Online,1,54.91,54.91,Net Banking,CUST0076
TXN004395,1/30/2025,Denim Jeans,Clothing,West,Online,5,1084.32,5421.6,Credit Card,CUST0686
TXN004276,1/30/2025,Hair Oil,Beauty & Personal Care,West,Offline,1,319.38,319.38,UPI,CUST0726
TXN002601,1/30/2025,Sunscreen SPF50,Beauty & Personal Care,West,Offline,1,406.43,406.43,UPI,CUST0262
TXN000029,1/30/2025,Bluetooth Speaker,Electronics,North,Online,1,2933.2,2933.2,Credit Card,CUST0536
TXN005873,1/30/2025,Non-Stick Pan,Home & Kitchen,East,Online,1,1167.51,1167.51,Cash,CUST0538
TXN001257,1/31/2025,Mixer Grinder,Home & Kitchen,East,Online,3,2705.77,8117.31,Cash,CUST0137
TXN005716,1/31/2025,Non-Stick Pan,Home & Kitchen,East,Online,3,485.65,1456.95,UPI,CUST0643
TXN002068,1/31/2025,Power Bank 10000mAh,Electronics,North,Online,1,1638.26,1638.26,UPI,CUST0500
TXN002679,1/31/2025,Water Bottle,Home & Kitchen,North,Offline,1,244.75,244.75,Credit Card,CUST0658
TXN003980,1/31/2025,Bluetooth Speaker,Electronics,South,Online,1,1504.32,1504.32,UPI,CUST0734
TXN000369,1/31/2025,Formal Shirt,Clothing,North,Online,2,1383.8,2767.6,Cash,CUST0523
TXN002659,1/31/2025,Sunflower Oil 1L,Grocery,West,Offline,1,170.81,170.81,Credit Card,CUST0077
TXN002433,1/31/2025,Power Bank 10000mAh,Electronics,North,Offline,1,1072.72,1072.72,Credit Card,CUST0160
TXN004156,1/31/2025,Body Lotion,Beauty & Personal Care,North,Online,3,223.1,669.3,Cash,CUST0559
TXN004678,1/31/2025,LED TV 32in,Electronics,North,Online,1,14024.62,14024.62,Net Banking,CUST0878
TXN003612,1/31/2025,Bed Sheet Set,Home & Kitchen,West,Online,3,1184.17,3552.51,Net Banking,CUST0431
TXN002081,1/31/2025,Women's Kurti,Clothing,South,Online,2,647.88,1295.76,Credit Card,CUST0402
TXN001127,1/31/2025,LED Bulb Pack,Home & Kitchen,North,Online,1,228.81,228.81,UPI,CUST0646
TXN000065,1/31/2025,LED Bulb Pack,Home & Kitchen,South,Offline,3,271.15,813.45,Credit Card,CUST0262
TXN004947,1/31/2025,Body Lotion,Beauty & Personal Care,South,Offline,1,236.12,236.12,Credit Card,CUST0199
TXN004937,1/31/2025,Wheat Flour 5kg,Grocery,East,Online,2,279.48,558.96,Credit Card,CUST0792
TXN004967,1/31/2025,Denim Jeans,Clothing,East,Offline,2,1939.72,3879.44,Cash,CUST0647
TXN001819,1/31/2025,Face Wash,Beauty & Personal Care,South,Online,4,228.23,912.92,Credit Card,CUST0754
TXN001079,1/31/2025,Bed Sheet Set,Home & Kitchen,South,Online,1,1734.82,1734.82,UPI,CUST0779
TXN001681,1/31/2025,Face Wash,Beauty & Personal Care,North,Offline,2,185.24,370.48,Net Banking,CUST0119
TXN004640,1/31/2025,Sunflower Oil 1L,Grocery,East,Online,5,202.08,1010.4,UPI,CUST0426
TXN004352,1/31/2025,Shampoo 400ml,Beauty & Personal Care,South,Offline,2,318.91,637.82,UPI,CUST0861
TXN001578,1/31/2025,Pressure Cooker,Home & Kitchen,West,Online,2,2056.9,4113.8,Net Banking,CUST0706
TXN004042,1/31/2025,Laptop Bag,Electronics,South,Online,3,636.21,1908.63,Credit Card,CUST0398
TXN002366,2/1/2025,LED Bulb Pack,Home & Kitchen,East,Offline,1,214.01,214.01,UPI,CUST0068
TXN002389,2/1/2025,Bluetooth Speaker,Electronics,North,Offline,1,2799.54,2799.54,Cash,CUST0803
TXN005828,2/1/2025,Winter Jacket,Clothing,West,Offline,2,3155.05,6310.1,Net Banking,CUST0087
TXN000086,2/1/2025,Face Wash,Beauty & Personal Care,West,Online,1,316.55,316.55,Credit Card,CUST0447
TXN000458,2/1/2025,Wheat Flour 5kg,Grocery,North,Offline,1,277.59,277.59,UPI,CUST0391
TXN005565,2/1/2025,Toor Dal 1kg,Grocery,West,Online,3,169.34,508.02,UPI,CUST0721
TXN000019,2/1/2025,Non-Stick Pan,Home & Kitchen,East,Online,3,591.56,1774.68,Net Banking,CUST0679
TXN000200,2/1/2025,Non-Stick Pan,Home & Kitchen,East,Offline,1,812.3,812.3,UPI,CUST0319
TXN005465,2/1/2025,Power Bank 10000mAh,Electronics,East,Online,2,1791.53,3583.06,UPI,CUST0413
TXN001859,2/1/2025,Smartwatch,Electronics,North,Offline,2,4946.02,9892.04,Net Banking,CUST0616
TXN004388,2/1/2025,Face Wash,Beauty & Personal Care,South,Online,1,204.07,204.07,UPI,CUST0051
TXN004926,2/1/2025,Smartwatch,Electronics,South,Online,1,2651.55,2651.55,UPI,CUST0328
TXN001786,2/1/2025,Sugar 1kg,Grocery,West,Offline,1,46.9,46.9,Credit Card,CUST0018
TXN003101,2/1/2025,Bed Sheet Set,Home & Kitchen,West,Online,1,1072.99,1072.99,Credit Card,CUST0505
TXN003430,2/1/2025,Men's T-Shirt,Clothing,West,Offline,1,372.32,372.32,UPI,CUST0724
TXN003330,2/1/2025,Sunscreen SPF50,Beauty & Personal Care,South,Online,2,511.35,1022.7,UPI,CUST0183
TXN003732,2/1/2025,Basmati Rice 5kg,Grocery,North,Online,3,405.05,1215.15,Credit Card,CUST0279
TXN001586,2/2/2025,Sugar 1kg,Grocery,South,Online,1,46.8,46.8,Credit Card,CUST0877
TXN003305,2/2/2025,Shampoo 400ml,Beauty & Personal Care,East,Online,1,260.69,260.69,Cash,CUST0105
TXN002059,2/2/2025,Formal Shirt,Clothing,East,Offline,2,999.71,1999.42,Credit Card,CUST0252
TXN000316,2/2/2025,Tea Powder 500g,Grocery,East,Online,3,261.91,785.73,UPI,CUST0211
TXN001334,2/2/2025,Mixer Grinder,Home & Kitchen,East,Offline,1,4055.96,4055.96,UPI,CUST0759
TXN003258,2/2/2025,Men's T-Shirt,Clothing,West,Online,4,868.5,3474,UPI,CUST0758
TXN003631,2/2/2025,Water Bottle,Home & Kitchen,East,Online,2,235.34,470.68,Credit Card,CUST0249
TXN002386,2/2/2025,Kids Hoodie,Clothing,West,Offline,5,751.42,3757.1,Net Banking,CUST0071
TXN003961,2/2/2025,Basmati Rice 5kg,Grocery,North,Online,1,480.86,480.86,Cash,CUST0533
TXN003832,2/2/2025,Toor Dal 1kg,Grocery,North,Online,1,111.05,111.05,UPI,CUST0066
TXN004566,2/2/2025,Body Lotion,Beauty & Personal Care,South,Offline,2,262.12,524.24,Cash,CUST0462
TXN001098,2/2/2025,Smartwatch,Electronics,East,Offline,1,3599.69,3599.69,Credit Card,CUST0068
TXN000087,2/2/2025,Water Bottle,Home & Kitchen,North,Online,1,291.54,291.54,Credit Card,CUST0585
TXN004341,2/2/2025,Women's Kurti,Clothing,West,Online,4,1181.65,4726.6,Credit Card,CUST0873
TXN001035,2/2/2025,Shampoo 400ml,Beauty & Personal Care,North,Online,3,322.28,966.84,Cash,CUST0576
TXN002916,2/2/2025,Smartwatch,Electronics,North,Offline,1,4967.7,4967.7,Cash,CUST0509
TXN003889,2/2/2025,Laptop Bag,Electronics,South,Online,2,1075.11,2150.22,Credit Card,CUST0447
TXN003748,2/2/2025,Hair Oil,Beauty & Personal Care,East,Online,1,128.65,128.65,Net Banking,CUST0241
TXN002484,2/2/2025,Non-Stick Pan,Home & Kitchen,East,Offline,1,561.43,561.43,Credit Card,CUST0243
TXN003116,2/2/2025,Sunflower Oil 1L,Grocery,East,Offline,1,152.22,152.22,Credit Card,CUST0244
TXN001045,2/3/2025,Women's Kurti,Clothing,West,Online,1,1347.53,1347.53,Credit Card,CUST0706
TXN003321,2/3/2025,Bluetooth Speaker,Electronics,East,Online,1,2993.44,2993.44,UPI,CUST0275
TXN005085,2/3/2025,Hair Oil,Beauty & Personal Care,West,Offline,1,275.39,275.39,Credit Card,CUST0138
TXN001587,2/3/2025,Mixer Grinder,Home & Kitchen,East,Online,2,3714.52,7429.04,UPI,CUST0442
TXN002953,2/3/2025,LED TV 32in,Electronics,East,Online,1,9079.16,9079.16,Cash,CUST0532
TXN001940,2/3/2025,Kids Hoodie,Clothing,North,Offline,1,915.7,915.7,UPI,CUST0345
TXN001599,2/3/2025,Hair Oil,Beauty & Personal Care,East,Online,2,262.7,525.4,UPI,CUST0877
TXN001412,2/3/2025,Sunflower Oil 1L,Grocery,West,Online,2,206.9,413.8,Cash,CUST0780
TXN004539,2/3/2025,Face Wash,Beauty & Personal Care,East,Online,3,167.06,501.18,Credit Card,CUST0034
TXN001759,2/3/2025,Shampoo 400ml,Beauty & Personal Care,North,Online,1,281.28,281.28,UPI,CUST0200
TXN004718,2/3/2025,Men's T-Shirt,Clothing,South,Online,1,808.9,808.9,Credit Card,CUST0231
TXN004362,2/3/2025,Bed Sheet Set,Home & Kitchen,South,Offline,5,1194.93,5974.65,Net Banking,CUST0736
TXN005995,2/3/2025,Non-Stick Pan,Home & Kitchen,East,Offline,1,1168.1,1168.1,Net Banking,CUST0447
TXN002495,2/3/2025,LED Bulb Pack,Home & Kitchen,West,Offline,1,155.76,155.76,Credit Card,CUST0801
TXN005931,2/3/2025,Hair Oil,Beauty & Personal Care,South,Online,1,273.63,273.63,UPI,CUST0826
TXN004826,2/3/2025,Bed Sheet Set,Home & Kitchen,East,Offline,1,942.78,942.78,Net Banking,CUST0545
TXN005832,2/3/2025,Smartwatch,Electronics,East,Online,4,5963.4,23853.6,UPI,CUST0214
TXN004307,2/3/2025,Perfume 100ml,Beauty & Personal Care,West,Online,3,997.24,2991.72,Net Banking,CUST0716
TXN001272,2/3/2025,LED Bulb Pack,Home & Kitchen,South,Offline,5,164.26,821.3,Credit Card,CUST0068
TXN003240,2/3/2025,Men's T-Shirt,Clothing,East,Offline,3,763.75,2291.25,Credit Card,CUST0496
TXN003562,2/3/2025,Shampoo 400ml,Beauty & Personal Care,North,Offline,1,249.87,249.87,UPI,CUST0470
TXN004426,2/3/2025,Pressure Cooker,Home & Kitchen,North,Online,1,1903.38,1903.38,Credit Card,CUST0509
TXN003235,2/3/2025,Pressure Cooker,Home & Kitchen,East,Offline,2,1149.41,2298.82,UPI,CUST0519
TXN005279,2/3/2025,Men's T-Shirt,Clothing,North,Online,1,397.4,397.4,UPI,CUST0190
TXN000295,2/3/2025,Hair Oil,Beauty & Personal Care,North,Online,1,242.45,242.45,Credit Card,CUST0047
TXN005551,2/4/2025,Perfume 100ml,Beauty & Personal Care,North,Online,2,1742.09,3484.18,Credit Card,CUST0749
TXN003159,2/4/2025,Non-Stick Pan,Home & Kitchen,East,Offline,1,1020.86,1020.86,UPI,CUST0796
TXN005163,2/4/2025,Mixer Grinder,Home & Kitchen,East,Offline,2,3994.98,7989.96,Cash,CUST0447
TXN003385,2/4/2025,Power Bank 10000mAh,Electronics,West,Online,1,1353.07,1353.07,UPI,CUST0490
TXN004966,2/4/2025,Denim Jeans,Clothing,South,Offline,2,1134.05,2268.1,Credit Card,CUST0405
TXN000878,2/4/2025,Tea Powder 500g,Grocery,East,Online,1,282.25,282.25,Cash,CUST0402
TXN004747,2/4/2025,LED TV 32in,Electronics,North,Offline,1,13793.18,13793.18,Credit Card,CUST0029
TXN003970,2/4/2025,Sugar 1kg,Grocery,North,Online,1,43.49,43.49,Credit Card,CUST0724
TXN005867,2/4/2025,Sunflower Oil 1L,Grocery,West,Online,3,122.49,367.47,Credit Card,CUST0870
TXN002225,2/4/2025,Tea Powder 500g,Grocery,North,Offline,1,318.7,318.7,Credit Card,CUST0648
TXN002618,2/4/2025,Kids Hoodie,Clothing,South,Online,1,949.78,949.78,Cash,CUST0359
TXN001115,2/4/2025,Power Bank 10000mAh,Electronics,North,Online,4,862.1,3448.4,UPI,CUST0476
TXN001809,2/5/2025,Face Wash,Beauty & Personal Care,West,Online,2,301.24,602.48,Net Banking,CUST0013
TXN005531,2/5/2025,LED Bulb Pack,Home & Kitchen,South,Offline,1,227.75,227.75,Credit Card,CUST0632
TXN005907,2/5/2025,Tea Powder 500g,Grocery,North,Offline,2,273.11,546.22,Net Banking,CUST0654
TXN005906,2/5/2025,Power Bank 10000mAh,Electronics,North,Online,3,925.32,2775.96,Credit Card,CUST0716
TXN000327,2/5/2025,Wireless Earbuds,Electronics,North,Offline,4,1239.05,4956.2,UPI,CUST0368
TXN000917,2/5/2025,Mixer Grinder,Home & Kitchen,West,Online,1,3467.74,3467.74,Credit Card,CUST0267
TXN002954,2/5/2025,Power Bank 10000mAh,Electronics,West,Offline,1,720.21,720.21,Credit Card,CUST0834
TXN004450,2/5/2025,Wheat Flour 5kg,Grocery,West,Online,1,319.42,319.42,UPI,CUST0595
TXN002269,2/5/2025,Laptop Bag,Electronics,South,Online,5,735.54,3677.7,Credit Card,CUST0679
TXN002542,2/5/2025,LED TV 32in,Electronics,East,Online,4,14239.07,56956.28,Net Banking,CUST0476
TXN001476,2/5/2025,Water Bottle,Home & Kitchen,East,Offline,1,225.47,225.47,Net Banking,CUST0253
TXN003910,2/5/2025,Body Lotion,Beauty & Personal Care,South,Offline,1,420.4,420.4,Credit Card,CUST0767
TXN005886,2/5/2025,Shampoo 400ml,Beauty & Personal Care,East,Offline,1,252.04,252.04,Credit Card,CUST0781
TXN004611,2/5/2025,Smartwatch,Electronics,West,Offline,5,2448.06,12240.3,Net Banking,CUST0127
TXN004871,2/5/2025,Water Bottle,Home & Kitchen,West,Online,2,166.6,333.2,Credit Card,CUST0536
TXN005126,2/5/2025,Winter Jacket,Clothing,West,Online,1,1560.19,1560.19,UPI,CUST0246
TXN005820,2/5/2025,Wheat Flour 5kg,Grocery,North,Online,1,244.54,244.54,UPI,CUST0265
TXN005646,2/5/2025,Hair Oil,Beauty & Personal Care,West,Online,2,312.31,624.62,Net Banking,CUST0081
TXN005151,2/6/2025,Perfume 100ml,Beauty & Personal Care,East,Online,1,1310.11,1310.11,UPI,CUST0466
TXN001980,2/6/2025,Basmati Rice 5kg,Grocery,West,Online,3,540.86,1622.58,Credit Card,CUST0179
TXN000515,2/6/2025,Bed Sheet Set,Home & Kitchen,South,Offline,2,615.56,1231.12,Credit Card,CUST0476
TXN002295,2/6/2025,Toor Dal 1kg,Grocery,South,Online,4,167.07,668.28,Net Banking,CUST0324
TXN000552,2/6/2025,Shampoo 400ml,Beauty & Personal Care,West,Online,4,204.91,819.64,UPI,CUST0532
TXN004219,2/6/2025,Pressure Cooker,Home & Kitchen,North,Offline,1,2475.85,2475.85,UPI,CUST0676
TXN005038,2/6/2025,Sunflower Oil 1L,Grocery,East,Offline,1,196.52,196.52,Cash,CUST0200
TXN005062,2/6/2025,Smartwatch,Electronics,North,Online,4,3324.76,13299.04,UPI,CUST0844
TXN004492,2/6/2025,Winter Jacket,Clothing,South,Offline,4,2888.14,11552.56,Credit Card,CUST0503
TXN003879,2/6/2025,Men's T-Shirt,Clothing,North,Offline,5,565.29,2826.45,Cash,CUST0229
TXN002928,2/6/2025,Wireless Earbuds,Electronics,East,Online,2,3587.49,7174.98,Credit Card,CUST0442
TXN003457,2/6/2025,Shampoo 400ml,Beauty & Personal Care,South,Online,2,209.85,419.7,Credit Card,CUST0211
TXN000854,2/7/2025,Non-Stick Pan,Home & Kitchen,East,Online,2,775.27,1550.54,UPI,CUST0229
TXN005375,2/7/2025,Power Bank 10000mAh,Electronics,North,Offline,4,880.05,3520.2,UPI,CUST0518
TXN005914,2/7/2025,Bed Sheet Set,Home & Kitchen,East,Online,2,1769.68,3539.36,UPI,CUST0711
TXN005208,2/7/2025,Non-Stick Pan,Home & Kitchen,South,Online,3,612.04,1836.12,Net Banking,CUST0076
TXN004470,2/7/2025,Power Bank 10000mAh,Electronics,East,Offline,1,971.59,971.59,Credit Card,CUST0161
TXN003653,2/7/2025,Wireless Earbuds,Electronics,West,Online,2,1128.51,2257.02,Credit Card,CUST0145
TXN001926,2/7/2025,Kids Hoodie,Clothing,South,Online,4,1132.56,4530.24,Credit Card,CUST0756
TXN004562,2/7/2025,Laptop Bag,Electronics,South,Offline,1,1610.89,1610.89,Net Banking,CUST0230
TXN003822,2/7/2025,Wireless Earbuds,Electronics,West,Online,2,2641.73,5283.46,UPI,CUST0053
TXN002003,2/7/2025,LED Bulb Pack,Home & Kitchen,North,Online,1,197.79,197.79,Net Banking,CUST0001
TXN000107,2/7/2025,LED Bulb Pack,Home & Kitchen,North,Online,1,172.01,172.01,UPI,CUST0595
TXN001510,2/7/2025,Winter Jacket,Clothing,West,Online,1,3295.39,3295.39,UPI,CUST0413
TXN004957,2/8/2025,Kids Hoodie,Clothing,East,Offline,2,742.58,1485.16,UPI,CUST0139
TXN001892,2/8/2025,Wireless Earbuds,Electronics,East,Online,1,1106.29,1106.29,UPI,CUST0877
TXN003096,2/8/2025,Denim Jeans,Clothing,South,Offline,4,1787.33,7149.32,Cash,CUST0404
TXN001169,2/8/2025,Non-Stick Pan,Home & Kitchen,North,Online,1,764.85,764.85,UPI,CUST0155
TXN005822,2/8/2025,Sunscreen SPF50,Beauty & Personal Care,East,Online,2,362.29,724.58,Credit Card,CUST0071
TXN004708,2/8/2025,Perfume 100ml,Beauty & Personal Care,South,Offline,5,1787.33,8936.65,Credit Card,CUST0796
TXN002661,2/8/2025,Bed Sheet Set,Home & Kitchen,East,Offline,2,1053.25,2106.5,Credit Card,CUST0274
TXN000706,2/8/2025,Wireless Earbuds,Electronics,West,Offline,2,3039.05,6078.1,Credit Card,CUST0470
TXN005563,2/8/2025,Power Bank 10000mAh,Electronics,West,Online,1,1145.13,1145.13,UPI,CUST0844
TXN005297,2/8/2025,Sunflower Oil 1L,Grocery,East,Offline,3,151.98,455.94,UPI,CUST0231
TXN002426,2/8/2025,Laptop Bag,Electronics,West,Online,1,944.33,944.33,Cash,CUST0670
TXN002988,2/8/2025,Wireless Earbuds,Electronics,West,Online,1,1299.74,1299.74,Cash,CUST0537
TXN000125,2/8/2025,Perfume 100ml,Beauty & Personal Care,North,Online,1,1530.07,1530.07,Net Banking,CUST0840
TXN001055,2/8/2025,Winter Jacket,Clothing,East,Online,1,3137.59,3137.59,Cash,CUST0898
TXN000598,2/8/2025,Wheat Flour 5kg,Grocery,North,Online,2,209.01,418.02,Cash,CUST0421
TXN004746,2/8/2025,Pressure Cooker,Home & Kitchen,North,Offline,1,2330.77,2330.77,UPI,CUST0252
TXN000645,2/8/2025,Water Bottle,Home & Kitchen,West,Online,1,342.58,342.58,UPI,CUST0854
TXN003378,2/8/2025,Basmati Rice 5kg,Grocery,South,Online,3,387.47,1162.41,Credit Card,CUST0307
TXN000761,2/8/2025,Tea Powder 500g,Grocery,North,Offline,1,310.46,310.46,Credit Card,CUST0523
TXN002797,2/9/2025,Perfume 100ml,Beauty & Personal Care,South,Offline,4,1472.32,5889.28,Credit Card,CUST0853
TXN000599,2/9/2025,Water Bottle,Home & Kitchen,East,Offline,1,345.12,345.12,Credit Card,CUST0353
TXN000566,2/9/2025,Tea Powder 500g,Grocery,South,Offline,2,258.75,517.5,Credit Card,CUST0051
TXN005604,2/9/2025,Body Lotion,Beauty & Personal Care,North,Online,2,401.9,803.8,UPI,CUST0009
TXN000076,2/9/2025,Shampoo 400ml,Beauty & Personal Care,East,Online,4,328.81,1315.24,Credit Card,CUST0246
TXN004354,2/9/2025,Sugar 1kg,Grocery,North,Online,2,46.12,92.24,UPI,CUST0077
TXN005650,2/9/2025,Women's Kurti,Clothing,East,Offline,3,1271.61,3814.83,UPI,CUST0404
TXN004975,2/9/2025,LED TV 32in,Electronics,East,Offline,1,10402.87,10402.87,Net Banking,CUST0387
TXN003679,2/9/2025,Men's T-Shirt,Clothing,East,Online,3,769.98,2309.94,UPI,CUST0870
TXN001650,2/9/2025,Mixer Grinder,Home & Kitchen,South,Offline,2,4228.78,8457.56,Credit Card,CUST0063
TXN004094,2/9/2025,Water Bottle,Home & Kitchen,North,Online,1,476.56,476.56,Cash,CUST0550
TXN005102,2/9/2025,LED TV 32in,Electronics,East,Online,1,13567.74,13567.74,UPI,CUST0163
TXN002734,2/10/2025,Sugar 1kg,Grocery,North,Online,1,46.5,46.5,UPI,CUST0321
TXN001001,2/10/2025,Men's T-Shirt,Clothing,North,Online,1,835.81,835.81,Credit Card,CUST0492
TXN003707,2/10/2025,Mixer Grinder,Home & Kitchen,South,Offline,2,2264,4528,UPI,CUST0753
TXN002364,2/10/2025,Denim Jeans,Clothing,South,Online,3,899.01,2697.03,Net Banking,CUST0016
TXN003185,2/10/2025,LED TV 32in,Electronics,East,Online,1,11568.71,11568.71,UPI,CUST0208
TXN004554,2/10/2025,Face Wash,Beauty & Personal Care,North,Offline,2,213.55,427.1,UPI,CUST0384
TXN001524,2/10/2025,Body Lotion,Beauty & Personal Care,West,Offline,1,591.71,591.71,Credit Card,CUST0416
TXN002041,2/10/2025,Hair Oil,Beauty & Personal Care,South,Online,1,234.39,234.39,UPI,CUST0248
TXN003488,2/10/2025,Smartwatch,Electronics,South,Online,1,4441.25,4441.25,Credit Card,CUST0051
TXN002703,2/10/2025,Winter Jacket,Clothing,West,Online,2,1917.51,3835.02,Credit Card,CUST0179
TXN001732,2/10/2025,Denim Jeans,Clothing,South,Online,2,1670.47,3340.94,Credit Card,CUST0613
TXN002795,2/10/2025,Pressure Cooker,Home & Kitchen,North,Online,3,2143.87,6431.61,UPI,CUST0314
TXN004161,2/10/2025,Tea Powder 500g,Grocery,West,Offline,1,245.39,245.39,UPI,CUST0826
TXN002249,2/10/2025,Non-Stick Pan,Home & Kitchen,South,Offline,2,928.35,1856.7,UPI,CUST0706
TXN004114,2/10/2025,Mixer Grinder,Home & Kitchen,East,Offline,1,4481.12,4481.12,UPI,CUST0537
TXN002503,2/10/2025,LED TV 32in,Electronics,North,Offline,2,14836.48,29672.96,Credit Card,CUST0898
TXN004852,2/11/2025,Men's T-Shirt,Clothing,North,Offline,1,676.18,676.18,Credit Card,CUST0714
TXN002284,2/11/2025,Winter Jacket,Clothing,West,Online,1,2383.74,2383.74,UPI,CUST0239
TXN001061,2/11/2025,Kids Hoodie,Clothing,North,Online,3,880.19,2640.57,Net Banking,CUST0116
TXN004774,2/11/2025,Kids Hoodie,Clothing,South,Online,3,890.39,2671.17,Net Banking,CUST0280
TXN002624,2/11/2025,LED TV 32in,Electronics,East,Offline,5,12216.24,61081.2,UPI,CUST0096
TXN005432,2/11/2025,Mixer Grinder,Home & Kitchen,West,Online,1,2635.96,2635.96,UPI,CUST0627
TXN005138,2/11/2025,Sunscreen SPF50,Beauty & Personal Care,North,Offline,2,611.67,1223.34,Cash,CUST0780
TXN000568,2/11/2025,Kids Hoodie,Clothing,South,Online,1,909.76,909.76,Credit Card,CUST0380
TXN005178,2/11/2025,Formal Shirt,Clothing,East,Offline,1,1008,1008,Cash,CUST0485
TXN003812,2/11/2025,Formal Shirt,Clothing,East,Online,2,1263.78,2527.56,UPI,CUST0416
TXN002667,2/11/2025,Sunflower Oil 1L,Grocery,South,Online,1,169.53,169.53,UPI,CUST0507
TXN005348,2/11/2025,Face Wash,Beauty & Personal Care,South,Online,1,440.92,440.92,Credit Card,CUST0712
TXN003630,2/11/2025,Body Lotion,Beauty & Personal Care,South,Online,4,575.64,2302.56,Net Banking,CUST0175
TXN005234,2/11/2025,Toor Dal 1kg,Grocery,South,Online,1,143.93,143.93,UPI,CUST0074
TXN004257,2/11/2025,Sunflower Oil 1L,Grocery,South,Online,2,195.81,391.62,Credit Card,CUST0179
TXN005841,2/11/2025,Sunscreen SPF50,Beauty & Personal Care,West,Online,4,312.35,1249.4,Net Banking,CUST0162
TXN000050,2/11/2025,Perfume 100ml,Beauty & Personal Care,North,Offline,1,2278.67,2278.67,Credit Card,CUST0521
TXN001711,2/11/2025,Men's T-Shirt,Clothing,West,Online,1,354.44,354.44,Cash,CUST0749
TXN005917,2/11/2025,LED TV 32in,Electronics,East,Online,2,11079.5,22159,UPI,CUST0227
TXN003502,2/11/2025,Non-Stick Pan,Home & Kitchen,North,Offline,1,1166.38,1166.38,UPI,CUST0470
TXN003084,2/12/2025,Kids Hoodie,Clothing,South,Offline,1,858.66,858.66,UPI,CUST0218
TXN000016,2/12/2025,Toor Dal 1kg,Grocery,West,Online,1,160.55,160.55,Credit Card,CUST0400
TXN002118,2/12/2025,Bed Sheet Set,Home & Kitchen,South,Offline,4,680.15,2720.6,UPI,CUST0377
TXN003591,2/12/2025,LED Bulb Pack,Home & Kitchen,North,Online,1,331.32,331.32,Credit Card,CUST0246
TXN004878,2/12/2025,Sunscreen SPF50,Beauty & Personal Care,South,Offline,2,502.85,1005.7,Net Banking,CUST0140
TXN004371,2/12/2025,Smartwatch,Electronics,East,Offline,1,2167.88,2167.88,UPI,CUST0186
TXN001877,2/12/2025,Shampoo 400ml,Beauty & Personal Care,East,Offline,1,252.11,252.11,UPI,CUST0045
TXN002676,2/12/2025,Smartwatch,Electronics,North,Online,3,5873.53,17620.59,Credit Card,CUST0344
TXN004220,2/12/2025,Wheat Flour 5kg,Grocery,East,Offline,5,223.83,1119.15,Credit Card,CUST0258
TXN004978,2/12/2025,Women's Kurti,Clothing,West,Offline,4,1294.93,5179.72,UPI,CUST0572
TXN005949,2/12/2025,Pressure Cooker,Home & Kitchen,South,Online,2,1339.74,2679.48,UPI,CUST0523
TXN003960,2/13/2025,Denim Jeans,Clothing,West,Online,2,1421.89,2843.78,UPI,CUST0793
TXN003493,2/13/2025,Laptop Bag,Electronics,North,Offline,2,1576.46,3152.92,Net Banking,CUST0548
TXN000518,2/13/2025,Smartwatch,Electronics,South,Offline,1,2972.27,2972.27,Credit Card,CUST0118
TXN002911,2/13/2025,Non-Stick Pan,Home & Kitchen,North,Offline,1,938.01,938.01,Net Banking,CUST0595
TXN000984,2/13/2025,Winter Jacket,Clothing,East,Offline,2,2991.3,5982.6,Cash,CUST0678
TXN005727,2/13/2025,Formal Shirt,Clothing,West,Offline,3,818.44,2455.32,Credit Card,CUST0718
TXN000099,2/13/2025,Smartwatch,Electronics,West,Online,1,2780.38,2780.38,Net Banking,CUST0844
TXN002995,2/13/2025,Women's Kurti,Clothing,South,Offline,3,588.7,1766.1,UPI,CUST0646
TXN005741,2/13/2025,LED Bulb Pack,Home & Kitchen,South,Online,1,319.46,319.46,UPI,CUST0676
TXN000229,2/13/2025,Sugar 1kg,Grocery,East,Offline,4,55.42,221.68,Credit Card,CUST0346
TXN004007,2/13/2025,Tea Powder 500g,Grocery,North,Online,2,335.49,670.98,Net Banking,CUST0859
TXN005150,2/13/2025,Tea Powder 500g,Grocery,East,Online,2,341.84,683.68,UPI,CUST0829
TXN004766,2/13/2025,Sunflower Oil 1L,Grocery,East,Online,1,166.72,166.72,Credit Card,CUST0696
TXN000039,2/13/2025,Face Wash,Beauty & Personal Care,North,Online,1,413.44,413.44,Net Banking,CUST0115
TXN001646,2/13/2025,Basmati Rice 5kg,Grocery,South,Online,1,480.61,480.61,Credit Card,CUST0446
TXN003363,2/13/2025,Sugar 1kg,Grocery,East,Offline,1,57.7,57.7,Credit Card,CUST0386
TXN002089,2/13/2025,Bed Sheet Set,Home & Kitchen,South,Offline,1,1229.39,1229.39,Credit Card,CUST0628
TXN005881,2/13/2025,Sunflower Oil 1L,Grocery,East,Online,1,141.4,141.4,Credit Card,CUST0325
TXN000945,2/13/2025,Water Bottle,Home & Kitchen,West,Offline,2,368.33,736.66,Cash,CUST0838
TXN001893,2/14/2025,Bed Sheet Set,Home & Kitchen,South,Online,2,1104.59,2209.18,UPI,CUST0504
TXN000100,2/14/2025,Sunscreen SPF50,Beauty & Personal Care,South,Online,1,317.05,317.05,Credit Card,CUST0409
TXN002430,2/14/2025,Water Bottle,Home & Kitchen,East,Offline,2,393.4,786.8,Credit Card,CUST0574
TXN002163,2/14/2025,Face Wash,Beauty & Personal Care,East,Online,1,437.94,437.94,Net Banking,CUST0523
TXN000880,2/14/2025,Laptop Bag,Electronics,West,Online,2,1681.69,3363.38,Net Banking,CUST0749
TXN001339,2/14/2025,Smartwatch,Electronics,West,Online,1,3735.56,3735.56,Credit Card,CUST0074
TXN003585,2/14/2025,Mixer Grinder,Home & Kitchen,West,Online,1,3531.64,3531.64,UPI,CUST0199
TXN003579,2/14/2025,Wireless Earbuds,Electronics,East,Online,2,2256,4512,Cash,CUST0519
TXN004758,2/14/2025,Mixer Grinder,Home & Kitchen,North,Offline,1,3241.03,3241.03,Credit Card,CUST0766
TXN001805,2/14/2025,Body Lotion,Beauty & Personal Care,East,Online,4,583.31,2333.24,UPI,CUST0683
TXN000621,2/14/2025,Tea Powder 500g,Grocery,North,Online,3,179.22,537.66,Credit Card,CUST0056
TXN004929,2/15/2025,Winter Jacket,Clothing,East,Online,1,1582.23,1582.23,UPI,CUST0329
TXN001885,2/15/2025,Power Bank 10000mAh,Electronics,West,Online,2,976.75,1953.5,UPI,CUST0759
TXN004615,2/15/2025,Winter Jacket,Clothing,North,Online,1,3274.31,3274.31,Net Banking,CUST0105
TXN002303,2/15/2025,Men's T-Shirt,Clothing,North,Offline,1,451.93,451.93,Credit Card,CUST0186
TXN004984,2/15/2025,Denim Jeans,Clothing,South,Online,1,1339.66,1339.66,Credit Card,CUST0895
TXN002333,2/15/2025,Basmati Rice 5kg,Grocery,South,Online,4,486.48,1945.92,Cash,CUST0233
TXN001527,2/15/2025,Toor Dal 1kg,Grocery,South,Offline,2,145.26,290.52,Credit Card,CUST0114
TXN002376,2/15/2025,Women's Kurti,Clothing,North,Online,4,815.13,3260.52,UPI,CUST0732
TXN002160,2/15/2025,Pressure Cooker,Home & Kitchen,West,Online,3,1831.16,5493.48,UPI,CUST0848
TXN003004,2/15/2025,Formal Shirt,Clothing,East,Offline,1,684.1,684.1,Credit Card,CUST0241
TXN005788,2/15/2025,LED Bulb Pack,Home & Kitchen,South,Online,1,289.15,289.15,Cash,CUST0322
TXN004877,2/15/2025,Kids Hoodie,Clothing,South,Offline,2,729.45,1458.9,Credit Card,CUST0533
TXN004063,2/15/2025,Non-Stick Pan,Home & Kitchen,East,Online,2,488.73,977.46,Credit Card,CUST0265
TXN002830,2/15/2025,LED Bulb Pack,Home & Kitchen,North,Online,1,195.56,195.56,Credit Card,CUST0519
TXN005862,2/15/2025,Formal Shirt,Clothing,East,Online,1,1496.11,1496.11,UPI,CUST0154
TXN001053,2/15/2025,Mixer Grinder,Home & Kitchen,West,Online,3,3135.94,9407.82,UPI,CUST0522
TXN000443,2/15/2025,Non-Stick Pan,Home & Kitchen,West,Offline,1,780.17,780.17,UPI,CUST0774
TXN003093,2/15/2025,Toor Dal 1kg,Grocery,North,Online,1,153.9,153.9,Credit Card,CUST0672
TXN002506,2/16/2025,Formal Shirt,Clothing,North,Online,2,1458.13,2916.26,UPI,CUST0718
TXN002529,2/16/2025,Kids Hoodie,Clothing,North,Offline,1,520.33,520.33,UPI,CUST0770
TXN004087,2/16/2025,Toor Dal 1kg,Grocery,North,Online,3,126.76,380.28,Net Banking,CUST0642
TXN005252,2/16/2025,Tea Powder 500g,Grocery,North,Online,3,264.8,794.4,UPI,CUST0482
TXN002946,2/16/2025,Denim Jeans,Clothing,South,Online,1,1652.51,1652.51,UPI,CUST0556
TXN002598,2/16/2025,LED TV 32in,Electronics,West,Online,1,12810.55,12810.55,Net Banking,CUST0790
TXN000595,2/16/2025,Tea Powder 500g,Grocery,East,Online,1,169.97,169.97,UPI,CUST0524
TXN003259,2/16/2025,Winter Jacket,Clothing,North,Offline,4,2807.05,11228.2,UPI,CUST0848
TXN005514,2/16/2025,Sunflower Oil 1L,Grocery,South,Online,1,218.22,218.22,Cash,CUST0367
TXN003357,2/16/2025,Bed Sheet Set,Home & Kitchen,East,Offline,3,1308.35,3925.05,Net Banking,CUST0898
TXN004607,2/16/2025,Shampoo 400ml,Beauty & Personal Care,South,Online,4,354.91,1419.64,Credit Card,CUST0456
TXN004398,2/16/2025,Non-Stick Pan,Home & Kitchen,North,Online,1,1173.33,1173.33,UPI,CUST0525
TXN002835,2/16/2025,Hair Oil,Beauty & Personal Care,East,Offline,1,318.64,318.64,UPI,CUST0234
TXN003140,2/16/2025,Winter Jacket,Clothing,South,Offline,4,2988.15,11952.6,Credit Card,CUST0509
TXN000837,2/17/2025,Basmati Rice 5kg,Grocery,South,Offline,1,573.58,573.58,Cash,CUST0412
TXN004115,2/17/2025,Power Bank 10000mAh,Electronics,West,Online,1,1412.03,1412.03,Cash,CUST0188
TXN001807,2/17/2025,Mixer Grinder,Home & Kitchen,East,Online,2,3317.07,6634.14,Cash,CUST0117
TXN002722,2/17/2025,LED Bulb Pack,Home & Kitchen,West,Online,1,372.64,372.64,UPI,CUST0211
TXN004243,2/17/2025,Shampoo 400ml,Beauty & Personal Care,North,Online,2,307.07,614.14,Cash,CUST0510
TXN003043,2/17/2025,Pressure Cooker,Home & Kitchen,West,Offline,2,1679.17,3358.34,UPI,CUST0079
TXN002966,2/17/2025,Women's Kurti,Clothing,East,Online,2,976.05,1952.1,Net Banking,CUST0325
TXN004069,2/17/2025,Bed Sheet Set,Home & Kitchen,East,Online,1,1559.16,1559.16,Credit Card,CUST0848
TXN004465,2/17/2025,Bed Sheet Set,Home & Kitchen,South,Online,1,1099.61,1099.61,UPI,CUST0468
TXN001057,2/17/2025,Hair Oil,Beauty & Personal Care,West,Online,1,224.39,224.39,Cash,CUST0544
TXN003160,2/17/2025,Hair Oil,Beauty & Personal Care,East,Offline,1,156.61,156.61,UPI,CUST0892
TXN002014,2/17/2025,Sunscreen SPF50,Beauty & Personal Care,South,Online,2,560.46,1120.92,UPI,CUST0861
TXN004689,2/17/2025,Kids Hoodie,Clothing,East,Offline,2,776.61,1553.22,Credit Card,CUST0821
TXN005661,2/17/2025,Face Wash,Beauty & Personal Care,West,Online,2,228.32,456.64,UPI,CUST0229
TXN002298,2/17/2025,Formal Shirt,Clothing,North,Offline,3,613.62,1840.86,Cash,CUST0782
TXN005108,2/17/2025,Tea Powder 500g,Grocery,West,Offline,3,316.51,949.53,Cash,CUST0070
TXN004275,2/17/2025,Basmati Rice 5kg,Grocery,South,Online,2,351.95,703.9,Cash,CUST0407
TXN002744,2/17/2025,Sugar 1kg,Grocery,North,Offline,1,46.26,46.26,Net Banking,CUST0424
TXN003799,2/17/2025,Body Lotion,Beauty & Personal Care,South,Online,2,407.53,815.06,UPI,CUST0135
TXN004150,2/17/2025,Toor Dal 1kg,Grocery,South,Online,3,167.02,501.06,Credit Card,CUST0470
TXN001733,2/17/2025,Water Bottle,Home & Kitchen,North,Offline,1,457.54,457.54,UPI,CUST0003
TXN004738,2/17/2025,Power Bank 10000mAh,Electronics,East,Offline,1,1194.46,1194.46,Credit Card,CUST0749
TXN004060,2/18/2025,Wireless Earbuds,Electronics,North,Online,2,2181.22,4362.44,Cash,CUST0663
TXN004659,2/18/2025,LED Bulb Pack,Home & Kitchen,West,Offline,3,166.39,499.17,UPI,CUST0253
TXN001832,2/18/2025,Men's T-Shirt,Clothing,North,Offline,2,814.3,1628.6,Net Banking,CUST0433
TXN000151,2/18/2025,Water Bottle,Home & Kitchen,South,Online,2,172.99,345.98,Credit Card,CUST0780
TXN003388,2/18/2025,Sugar 1kg,Grocery,South,Offline,4,41.13,164.52,Credit Card,CUST0508
TXN000300,2/18/2025,Perfume 100ml,Beauty & Personal Care,North,Online,1,730.11,730.11,UPI,CUST0123
TXN004091,2/18/2025,Hair Oil,Beauty & Personal Care,East,Online,1,181.43,181.43,Net Banking,CUST0870
TXN000252,2/18/2025,Toor Dal 1kg,Grocery,East,Offline,1,175.36,175.36,Credit Card,CUST0746
TXN005152,2/18/2025,Bed Sheet Set,Home & Kitchen,West,Online,1,866.71,866.71,UPI,CUST0844
TXN000589,2/18/2025,LED TV 32in,Electronics,West,Online,4,13021.64,52086.56,Net Banking,CUST0363
TXN005756,2/18/2025,Shampoo 400ml,Beauty & Personal Care,South,Offline,2,345.41,690.82,UPI,CUST0390
TXN000359,2/18/2025,LED TV 32in,Electronics,East,Offline,2,10112.84,20225.68,Credit Card,CUST0061
TXN001554,2/18/2025,Women's Kurti,Clothing,East,Online,2,931.1,1862.2,UPI,CUST0315
TXN005893,2/18/2025,Bluetooth Speaker,Electronics,West,Online,1,2682.99,2682.99,Cash,CUST0368
TXN003186,2/18/2025,Non-Stick Pan,Home & Kitchen,West,Offline,4,923.13,3692.52,Credit Card,CUST0055
TXN000676,2/18/2025,Tea Powder 500g,Grocery,South,Online,3,277.37,832.11,UPI,CUST0092
TXN001642,2/18/2025,Kids Hoodie,Clothing,East,Offline,2,1165.92,2331.84,Cash,CUST0680
TXN003151,2/18/2025,Bed Sheet Set,Home & Kitchen,South,Offline,4,1063.92,4255.68,Credit Card,CUST0827
TXN005293,2/18/2025,Water Bottle,Home & Kitchen,West,Online,2,494.37,988.74,UPI,CUST0698
TXN004748,2/18/2025,Sunscreen SPF50,Beauty & Personal Care,North,Online,1,588.88,588.88,Net Banking,CUST0649
TXN001060,2/18/2025,Shampoo 400ml,Beauty & Personal Care,West,Offline,3,425.91,1277.73,Credit Card,CUST0704
TXN002422,2/19/2025,Men's T-Shirt,Clothing,South,Online,5,624.73,3123.65,Credit Card,CUST0063
TXN001672,2/19/2025,Non-Stick Pan,Home & Kitchen,North,Offline,1,513.93,513.93,UPI,CUST0807
TXN000041,2/19/2025,Sugar 1kg,Grocery,West,Offline,1,48.47,48.47,UPI,CUST0252
TXN002475,2/19/2025,Men's T-Shirt,Clothing,South,Online,1,775.79,775.79,Credit Card,CUST0725
TXN000541,2/19/2025,Tea Powder 500g,Grocery,East,Online,3,278.17,834.51,UPI,CUST0864
TXN002779,2/19/2025,Denim Jeans,Clothing,North,Online,3,2032.65,6097.95,Credit Card,CUST0716
TXN002370,2/19/2025,Tea Powder 500g,Grocery,South,Online,1,313.26,313.26,Credit Card,CUST0586
TXN001560,2/19/2025,Sugar 1kg,Grocery,West,Offline,3,55.57,166.71,Cash,CUST0374
TXN003053,2/19/2025,Formal Shirt,Clothing,West,Offline,2,1405.98,2811.96,Net Banking,CUST0870
TXN000085,2/19/2025,Winter Jacket,Clothing,East,Offline,4,2812.72,11250.88,Credit Card,CUST0642
TXN004279,2/19/2025,Smartwatch,Electronics,West,Online,2,4725.84,9451.68,Net Banking,CUST0480
TXN002125,2/19/2025,Basmati Rice 5kg,Grocery,East,Online,5,383.08,1915.4,UPI,CUST0054
TXN005461,2/19/2025,Perfume 100ml,Beauty & Personal Care,East,Online,1,1287.21,1287.21,Credit Card,CUST0063
TXN003891,2/19/2025,Hair Oil,Beauty & Personal Care,South,Offline,2,174.3,348.6,Net Banking,CUST0105
TXN001357,2/19/2025,Shampoo 400ml,Beauty & Personal Care,East,Offline,1,313.53,313.53,Net Banking,CUST0470
TXN001180,2/19/2025,Perfume 100ml,Beauty & Personal Care,North,Online,3,1604.01,4812.03,Net Banking,CUST0685
TXN003690,2/19/2025,Bluetooth Speaker,Electronics,North,Online,4,1353.69,5414.76,Credit Card,CUST0646
TXN001427,2/19/2025,Face Wash,Beauty & Personal Care,East,Offline,1,203.94,203.94,Credit Card,CUST0732
TXN004675,2/19/2025,Power Bank 10000mAh,Electronics,West,Offline,2,750.44,1500.88,UPI,CUST0550
TXN003135,2/19/2025,Winter Jacket,Clothing,South,Offline,4,3088.17,12352.68,Cash,CUST0150
TXN000579,2/19/2025,Bluetooth Speaker,Electronics,North,Offline,2,1999.19,3998.38,UPI,CUST0713
TXN001093,2/20/2025,Men's T-Shirt,Clothing,West,Online,2,339.61,679.22,Cash,CUST0530
TXN002752,2/20/2025,Bluetooth Speaker,Electronics,East,Online,1,2709.98,2709.98,Net Banking,CUST0368
TXN004572,2/20/2025,Bed Sheet Set,Home & Kitchen,South,Online,2,1774.19,3548.38,Credit Card,CUST0279
TXN003205,2/20/2025,Tea Powder 500g,Grocery,South,Offline,3,258.95,776.85,Credit Card,CUST0267
TXN002707,2/20/2025,Pressure Cooker,Home & Kitchen,South,Offline,3,2467.44,7402.32,UPI,CUST0736
TXN004010,2/20/2025,Mixer Grinder,Home & Kitchen,East,Offline,2,3400.63,6801.26,Net Banking,CUST0486
TXN003862,2/20/2025,Perfume 100ml,Beauty & Personal Care,North,Online,4,1157.63,4630.52,Credit Card,CUST0885
TXN005064,2/20/2025,Denim Jeans,Clothing,South,Online,1,1941.81,1941.81,Credit Card,CUST0685
TXN005027,2/20/2025,Denim Jeans,Clothing,East,Offline,4,2168.97,8675.88,Credit Card,CUST0689
TXN004513,2/20/2025,Laptop Bag,Electronics,South,Online,2,792.88,1585.76,Cash,CUST0651
TXN004786,2/20/2025,Pressure Cooker,Home & Kitchen,South,Online,2,1357.47,2714.94,Net Banking,CUST0676
TXN000493,2/20/2025,Perfume 100ml,Beauty & Personal Care,South,Offline,2,1133.61,2267.22,Credit Card,CUST0160
TXN003978,2/20/2025,Shampoo 400ml,Beauty & Personal Care,East,Offline,1,229.02,229.02,UPI,CUST0598
TXN002918,2/20/2025,LED Bulb Pack,Home & Kitchen,West,Online,1,241.8,241.8,UPI,CUST0733
TXN000083,2/20/2025,Bed Sheet Set,Home & Kitchen,South,Offline,1,1721.55,1721.55,Credit Card,CUST0105
TXN003836,2/20/2025,Denim Jeans,Clothing,East,Offline,1,1757.31,1757.31,UPI,CUST0116
TXN005620,2/20/2025,Water Bottle,Home & Kitchen,West,Online,2,442.34,884.68,UPI,CUST0148
TXN002036,2/20/2025,Sunscreen SPF50,Beauty & Personal Care,North,Offline,2,607.62,1215.24,Cash,CUST0158
TXN003041,2/20/2025,Toor Dal 1kg,Grocery,East,Offline,1,152.61,152.61,UPI,CUST0676
TXN000893,2/20/2025,Perfume 100ml,Beauty & Personal Care,West,Offline,1,752.46,752.46,Credit Card,CUST0465
TXN002668,2/20/2025,Sunscreen SPF50,Beauty & Personal Care,South,Offline,1,491.46,491.46,UPI,CUST0571
TXN002010,2/21/2025,Power Bank 10000mAh,Electronics,West,Online,4,854.77,3419.08,Cash,CUST0273
TXN002440,2/21/2025,Water Bottle,Home & Kitchen,North,Online,1,223.02,223.02,Net Banking,CUST0555
TXN004515,2/21/2025,Pressure Cooker,Home & Kitchen,South,Online,2,2058.71,4117.42,UPI,CUST0051
TXN002809,2/21/2025,Wireless Earbuds,Electronics,North,Online,2,1686.8,3373.6,Cash,CUST0258
TXN003347,2/21/2025,Denim Jeans,Clothing,North,Online,1,1814.38,1814.38,Cash,CUST0241
TXN001050,2/21/2025,Shampoo 400ml,Beauty & Personal Care,South,Online,1,381.43,381.43,Credit Card,CUST0399
TXN001137,2/21/2025,Bluetooth Speaker,Electronics,West,Offline,4,3276.09,13104.36,Credit Card,CUST0113
TXN001677,2/21/2025,Kids Hoodie,Clothing,West,Offline,1,573.63,573.63,Cash,CUST0873
TXN001500,2/21/2025,Sugar 1kg,Grocery,North,Offline,1,54.61,54.61,Credit Card,CUST0539
TXN000923,2/21/2025,Toor Dal 1kg,Grocery,North,Online,1,118.95,118.95,Credit Card,CUST0532
TXN003573,2/21/2025,Men's T-Shirt,Clothing,East,Offline,2,393.14,786.28,UPI,CUST0198
TXN000407,2/21/2025,Tea Powder 500g,Grocery,East,Online,1,312.14,312.14,UPI,CUST0623
TXN001201,2/21/2025,Tea Powder 500g,Grocery,East,Online,3,187.37,562.11,UPI,CUST0811
TXN005872,2/21/2025,Mixer Grinder,Home & Kitchen,East,Offline,3,2480.76,7442.28,Credit Card,CUST0775
TXN005878,2/21/2025,Winter Jacket,Clothing,North,Offline,2,2874.2,5748.4,Credit Card,CUST0413
TXN002747,2/22/2025,Wheat Flour 5kg,Grocery,North,Online,2,241.46,482.92,Net Banking,CUST0445
TXN001540,2/22/2025,Men's T-Shirt,Clothing,West,Online,1,496.27,496.27,Net Banking,CUST0147
TXN005214,2/22/2025,Denim Jeans,Clothing,South,Offline,1,1922.31,1922.31,UPI,CUST0486
TXN001550,2/22/2025,Body Lotion,Beauty & Personal Care,East,Offline,2,219.42,438.84,UPI,CUST0314
TXN001150,2/22/2025,LED Bulb Pack,Home & Kitchen,West,Online,1,167.96,167.96,Credit Card,CUST0076
TXN005468,2/22/2025,Sugar 1kg,Grocery,South,Offline,2,40.11,80.22,Cash,CUST0155
TXN000090,2/22/2025,Women's Kurti,Clothing,East,Online,5,1024.64,5123.2,UPI,CUST0728
TXN000181,2/22/2025,Kids Hoodie,Clothing,West,Online,1,761,761,UPI,CUST0706
TXN005991,2/22/2025,Mixer Grinder,Home & Kitchen,South,Online,1,4258.08,4258.08,UPI,CUST0419
TXN001456,2/22/2025,Laptop Bag,Electronics,North,Online,3,1043.45,3130.35,Cash,CUST0117
TXN005928,2/22/2025,Body Lotion,Beauty & Personal Care,East,Offline,2,472.46,944.92,Credit Card,CUST0201
TXN003018,2/22/2025,Perfume 100ml,Beauty & Personal Care,East,Offline,3,725.57,2176.71,Net Banking,CUST0314
TXN002015,2/22/2025,Body Lotion,Beauty & Personal Care,South,Online,4,296.49,1185.96,UPI,CUST0215
TXN004079,2/23/2025,Body Lotion,Beauty & Personal Care,South,Online,2,342.16,684.32,UPI,CUST0002
TXN001295,2/23/2025,Water Bottle,Home & Kitchen,North,Offline,1,228.38,228.38,Credit Card,CUST0109
TXN005156,2/23/2025,Wireless Earbuds,Electronics,West,Offline,1,2606.64,2606.64,Cash,CUST0447
TXN004809,2/23/2025,Kids Hoodie,Clothing,South,Offline,1,612.72,612.72,Cash,CUST0556
TXN001967,2/23/2025,LED TV 32in,Electronics,South,Offline,5,12195.05,60975.25,Credit Card,CUST0470
TXN003890,2/23/2025,Power Bank 10000mAh,Electronics,South,Online,2,1246.09,2492.18,UPI,CUST0302
TXN005246,2/23/2025,Mixer Grinder,Home & Kitchen,West,Online,1,3560.32,3560.32,Credit Card,CUST0158
TXN004344,2/23/2025,Formal Shirt,Clothing,East,Online,1,761.76,761.76,UPI,CUST0808
TXN000928,2/23/2025,Bed Sheet Set,Home & Kitchen,East,Offline,1,844.48,844.48,Credit Card,CUST0862
TXN004328,2/23/2025,Bluetooth Speaker,Electronics,West,Offline,4,2579.64,10318.56,Net Banking,CUST0790
TXN004184,2/23/2025,Pressure Cooker,Home & Kitchen,North,Online,1,1084.04,1084.04,Cash,CUST0229
TXN001737,2/23/2025,Kids Hoodie,Clothing,East,Offline,1,875.38,875.38,Net Banking,CUST0859
TXN003006,2/23/2025,Face Wash,Beauty & Personal Care,East,Offline,1,399.7,399.7,Credit Card,CUST0442
TXN004682,2/23/2025,Sugar 1kg,Grocery,North,Online,4,57.69,230.76,Net Banking,CUST0330
TXN000226,2/23/2025,Denim Jeans,Clothing,East,Online,1,2117.27,2117.27,UPI,CUST0490
TXN002823,2/23/2025,Wheat Flour 5kg,Grocery,South,Online,3,348.4,1045.2,UPI,CUST0829
TXN001619,2/23/2025,Perfume 100ml,Beauty & Personal Care,East,Online,2,1488.62,2977.24,Credit Card,CUST0585
TXN001238,2/24/2025,Body Lotion,Beauty & Personal Care,North,Offline,2,320.63,641.26,Credit Card,CUST0646
TXN001207,2/24/2025,Denim Jeans,Clothing,South,Online,2,1250.3,2500.6,Credit Card,CUST0764
TXN005390,2/24/2025,Water Bottle,Home & Kitchen,South,Online,4,360.02,1440.08,Credit Card,CUST0412
TXN003626,2/24/2025,Tea Powder 500g,Grocery,South,Offline,2,213.41,426.82,Credit Card,CUST0396
TXN005971,2/24/2025,Sunflower Oil 1L,Grocery,North,Offline,1,165.51,165.51,Net Banking,CUST0454
TXN005071,2/24/2025,Body Lotion,Beauty & Personal Care,West,Offline,1,503.36,503.36,Credit Card,CUST0707
TXN005404,2/24/2025,Formal Shirt,Clothing,North,Offline,4,1345.85,5383.4,Cash,CUST0689
TXN004555,2/24/2025,Sunflower Oil 1L,Grocery,West,Online,2,168.24,336.48,UPI,CUST0613
TXN003944,2/24/2025,Sunflower Oil 1L,Grocery,East,Online,4,167.13,668.52,Credit Card,CUST0044
TXN001831,2/24/2025,Tea Powder 500g,Grocery,South,Offline,2,262.17,524.34,Credit Card,CUST0662
TXN004600,2/24/2025,Bed Sheet Set,Home & Kitchen,East,Online,4,1629.98,6519.92,Credit Card,CUST0536
TXN003991,2/24/2025,Body Lotion,Beauty & Personal Care,East,Online,2,413.05,826.1,Credit Card,CUST0281
TXN003050,2/24/2025,Denim Jeans,Clothing,East,Online,1,1443.77,1443.77,UPI,CUST0225
TXN002393,2/24/2025,Bluetooth Speaker,Electronics,West,Offline,1,2099.67,2099.67,Credit Card,CUST0364
TXN000177,2/24/2025,Sugar 1kg,Grocery,East,Online,2,41.14,82.28,Credit Card,CUST0359
TXN002636,2/25/2025,Sunflower Oil 1L,Grocery,East,Online,2,149.05,298.1,UPI,CUST0122
TXN001976,2/25/2025,Tea Powder 500g,Grocery,East,Online,1,303.02,303.02,UPI,CUST0438
TXN004186,2/25/2025,Laptop Bag,Electronics,North,Offline,1,1257.09,1257.09,UPI,CUST0458
TXN003829,2/25/2025,Women's Kurti,Clothing,East,Online,3,897.64,2692.92,Credit Card,CUST0659
TXN001453,2/25/2025,Pressure Cooker,Home & Kitchen,East,Offline,1,1164.95,1164.95,Credit Card,CUST0532
TXN004955,2/25/2025,Denim Jeans,Clothing,East,Offline,2,1563.96,3127.92,Cash,CUST0380
TXN005860,2/25/2025,Men's T-Shirt,Clothing,East,Offline,1,577.63,577.63,UPI,CUST0262
TXN001467,2/25/2025,Sugar 1kg,Grocery,West,Online,4,55.1,220.4,Credit Card,CUST0119
TXN002231,2/25/2025,Non-Stick Pan,Home & Kitchen,East,Online,1,438.24,438.24,Credit Card,CUST0718
TXN000584,2/25/2025,Denim Jeans,Clothing,West,Online,3,1168.69,3506.07,UPI,CUST0004
TXN003462,2/25/2025,Bed Sheet Set,Home & Kitchen,South,Online,1,1570.05,1570.05,Credit Card,CUST0524
TXN004537,2/25/2025,Bluetooth Speaker,Electronics,South,Offline,2,2965.95,5931.9,Credit Card,CUST0199
TXN000940,2/26/2025,Kids Hoodie,Clothing,North,Online,2,867.27,1734.54,Cash,CUST0215
TXN004128,2/26/2025,Tea Powder 500g,Grocery,North,Online,2,181.47,362.94,Credit Card,CUST0052
TXN001433,2/26/2025,Water Bottle,Home & Kitchen,West,Offline,1,278.91,278.91,Credit Card,CUST0524
TXN005437,2/26/2025,Water Bottle,Home & Kitchen,North,Offline,1,244.79,244.79,Credit Card,CUST0159
TXN001397,2/26/2025,Basmati Rice 5kg,Grocery,East,Online,1,428.41,428.41,UPI,CUST0208
TXN001200,2/26/2025,Men's T-Shirt,Clothing,North,Online,3,560.6,1681.8,Net Banking,CUST0367
TXN001363,2/26/2025,Men's T-Shirt,Clothing,North,Online,1,850.96,850.96,UPI,CUST0797
TXN001379,2/26/2025,Kids Hoodie,Clothing,North,Online,2,833.31,1666.62,UPI,CUST0537
TXN003752,2/26/2025,Mixer Grinder,Home & Kitchen,South,Offline,1,3605.66,3605.66,Net Banking,CUST0628
TXN005051,2/26/2025,Body Lotion,Beauty & Personal Care,West,Offline,1,565.04,565.04,Net Banking,CUST0140
TXN005087,2/26/2025,Tea Powder 500g,Grocery,East,Online,2,268.41,536.82,UPI,CUST0501
TXN005403,2/26/2025,Perfume 100ml,Beauty & Personal Care,South,Offline,1,1090.32,1090.32,UPI,CUST0444
TXN005181,2/26/2025,Wheat Flour 5kg,Grocery,North,Online,4,318.61,1274.44,Credit Card,CUST0409
TXN005058,2/26/2025,Body Lotion,Beauty & Personal Care,South,Online,2,501.52,1003.04,Net Banking,CUST0339
TXN000546,2/26/2025,Water Bottle,Home & Kitchen,South,Online,3,406.63,1219.89,Credit Card,CUST0170
TXN002940,2/26/2025,Body Lotion,Beauty & Personal Care,South,Online,4,456.78,1827.12,UPI,CUST0582
TXN000098,2/27/2025,Women's Kurti,Clothing,East,Online,2,1093.81,2187.62,Credit Card,CUST0131
TXN005416,2/27/2025,Winter Jacket,Clothing,East,Offline,1,3323.27,3323.27,Cash,CUST0826
TXN002140,2/27/2025,Kids Hoodie,Clothing,South,Online,3,675.54,2026.62,UPI,CUST0470
TXN005807,2/27/2025,Face Wash,Beauty & Personal Care,South,Offline,1,234.44,234.44,Credit Card,CUST0824
TXN001589,2/27/2025,Smartwatch,Electronics,East,Online,1,3323.44,3323.44,Credit Card,CUST0514
TXN004282,2/27/2025,LED Bulb Pack,Home & Kitchen,West,Offline,2,201.49,402.98,Cash,CUST0738
TXN005193,2/27/2025,Face Wash,Beauty & Personal Care,South,Online,1,215.26,215.26,UPI,CUST0307
TXN002001,2/27/2025,Pressure Cooker,Home & Kitchen,East,Online,1,2220.04,2220.04,UPI,CUST0122
TXN003365,2/27/2025,Laptop Bag,Electronics,West,Online,3,1020.12,3060.36,Credit Card,CUST0561
TXN005924,2/27/2025,Wireless Earbuds,Electronics,East,Offline,1,2927.78,2927.78,UPI,CUST0859
TXN005902,2/27/2025,Sunscreen SPF50,Beauty & Personal Care,West,Offline,1,600,600,Net Banking,CUST0108
TXN002243,2/27/2025,Smartwatch,Electronics,West,Online,1,4332.55,4332.55,Credit Card,CUST0513
TXN001889,2/27/2025,Hair Oil,Beauty & Personal Care,West,Offline,1,281.15,281.15,UPI,CUST0848
TXN000819,2/27/2025,Water Bottle,Home & Kitchen,North,Online,1,375.64,375.64,Credit Card,CUST0881
TXN002079,2/27/2025,Face Wash,Beauty & Personal Care,South,Offline,2,182.66,365.32,UPI,CUST0613
TXN000321,2/27/2025,Sugar 1kg,Grocery,South,Online,5,59.37,296.85,Credit Card,CUST0846
TXN004736,2/27/2025,LED TV 32in,Electronics,West,Online,2,10146.72,20293.44,UPI,CUST0054
TXN003387,2/27/2025,Bluetooth Speaker,Electronics,West,Online,2,2216.76,4433.52,UPI,CUST0778
TXN004350,2/27/2025,Denim Jeans,Clothing,West,Online,3,1366.66,4099.98,Credit Card,CUST0436
TXN002711,2/27/2025,Smartwatch,Electronics,South,Online,2,3382.99,6765.98,Credit Card,CUST0504
TXN001189,2/28/2025,Toor Dal 1kg,Grocery,East,Online,1,130.94,130.94,UPI,CUST0732
TXN005267,2/28/2025,Bed Sheet Set,Home & Kitchen,South,Online,3,626.04,1878.12,Cash,CUST0382
TXN004269,2/28/2025,Sugar 1kg,Grocery,West,Offline,3,56.61,169.83,Net Banking,CUST0194
TXN005285,2/28/2025,Sugar 1kg,Grocery,East,Online,2,57.89,115.78,UPI,CUST0023
TXN001693,2/28/2025,Sunflower Oil 1L,Grocery,North,Online,4,130.36,521.44,Cash,CUST0490
TXN005977,2/28/2025,Laptop Bag,Electronics,East,Online,1,1540.53,1540.53,UPI,CUST0186
TXN003974,2/28/2025,Sunscreen SPF50,Beauty & Personal Care,North,Offline,2,461.79,923.58,UPI,CUST0227
TXN005786,2/28/2025,Wheat Flour 5kg,Grocery,North,Online,2,276.54,553.08,Cash,CUST0013
TXN000818,2/28/2025,Basmati Rice 5kg,Grocery,North,Online,2,569.55,1139.1,Net Banking,CUST0597
TXN005333,2/28/2025,Sugar 1kg,Grocery,West,Online,5,48.52,242.6,Cash,CUST0492
TXN000871,2/28/2025,Face Wash,Beauty & Personal Care,South,Offline,2,289.81,579.62,UPI,CUST0418
TXN002825,2/28/2025,Toor Dal 1kg,Grocery,South,Offline,1,171.26,171.26,UPI,CUST0346
TXN002348,2/28/2025,Toor Dal 1kg,Grocery,North,Online,3,134.26,402.78,Credit Card,CUST0384
TXN004230,2/28/2025,Non-Stick Pan,Home & Kitchen,East,Offline,3,642.04,1926.12,UPI,CUST0759
TXN002082,2/28/2025,LED Bulb Pack,Home & Kitchen,West,Online,4,323.85,1295.4,Credit Card,CUST0227
TXN001085,2/28/2025,Winter Jacket,Clothing,South,Offline,1,1431.18,1431.18,Credit Card,CUST0128
TXN001661,3/1/2025,Laptop Bag,Electronics,East,Online,1,1260.56,1260.56,Cash,CUST0710
TXN005250,3/1/2025,Basmati Rice 5kg,Grocery,East,Offline,1,589.38,589.38,Net Banking,CUST0842
TXN000459,3/1/2025,Laptop Bag,Electronics,West,Online,1,1196.85,1196.85,Credit Card,CUST0254
TXN003528,3/1/2025,Sunscreen SPF50,Beauty & Personal Care,South,Online,1,657.07,657.07,UPI,CUST0093
TXN002913,3/1/2025,Sunscreen SPF50,Beauty & Personal Care,South,Online,1,581.1,581.1,Credit Card,CUST0218
TXN002558,3/1/2025,Smartwatch,Electronics,South,Online,3,3362.88,10088.64,UPI,CUST0593
TXN002037,3/1/2025,Wheat Flour 5kg,Grocery,North,Offline,3,229.44,688.32,UPI,CUST0694
TXN000972,3/1/2025,Formal Shirt,Clothing,East,Offline,2,1119.78,2239.56,UPI,CUST0201
TXN005596,3/1/2025,Winter Jacket,Clothing,East,Offline,1,3212.95,3212.95,Credit Card,CUST0125
TXN002564,3/1/2025,Tea Powder 500g,Grocery,South,Offline,1,175.86,175.86,Credit Card,CUST0523
TXN002623,3/1/2025,Denim Jeans,Clothing,South,Online,3,1994.44,5983.32,Net Banking,CUST0249
TXN004784,3/1/2025,Smartwatch,Electronics,East,Online,3,4391.82,13175.46,Credit Card,CUST0199
TXN001423,3/1/2025,Men's T-Shirt,Clothing,West,Offline,5,762.8,3814,Credit Card,CUST0528
TXN002945,3/2/2025,Sunscreen SPF50,Beauty & Personal Care,East,Online,1,268.14,268.14,Cash,CUST0155
TXN000979,3/2/2025,Wheat Flour 5kg,Grocery,North,Online,2,218.71,437.42,Credit Card,CUST0268
TXN004919,3/2/2025,Wheat Flour 5kg,Grocery,East,Online,1,245.07,245.07,Credit Card,CUST0821
TXN004135,3/2/2025,LED TV 32in,Electronics,North,Online,1,9655.34,9655.34,Credit Card,CUST0157
TXN003011,3/2/2025,Sunflower Oil 1L,Grocery,North,Online,2,199.11,398.22,UPI,CUST0039
TXN003044,3/2/2025,Sunflower Oil 1L,Grocery,North,Online,2,172.66,345.32,Cash,CUST0365
TXN002241,3/2/2025,Wireless Earbuds,Electronics,South,Online,2,3404.28,6808.56,UPI,CUST0344
TXN002814,3/2/2025,Face Wash,Beauty & Personal Care,East,Online,1,345.67,345.67,UPI,CUST0533
TXN003143,3/2/2025,Sunflower Oil 1L,Grocery,South,Offline,2,179.24,358.48,Net Banking,CUST0426
TXN003152,3/2/2025,Shampoo 400ml,Beauty & Personal Care,East,Offline,1,242.87,242.87,Net Banking,CUST0588
TXN002589,3/2/2025,Wheat Flour 5kg,Grocery,East,Online,2,314.6,629.2,Cash,CUST0034
TXN003192,3/2/2025,Tea Powder 500g,Grocery,West,Online,5,268.21,1341.05,Credit Card,CUST0310
TXN000534,3/2/2025,Women's Kurti,Clothing,South,Offline,1,1134.05,1134.05,UPI,CUST0570
TXN004463,3/2/2025,Tea Powder 500g,Grocery,North,Online,1,222.8,222.8,Net Banking,CUST0485
TXN003638,3/2/2025,Winter Jacket,Clothing,South,Offline,1,2187.62,2187.62,UPI,CUST0532
TXN003958,3/2/2025,Non-Stick Pan,Home & Kitchen,South,Online,1,690.54,690.54,UPI,CUST0832
TXN000251,3/2/2025,Sugar 1kg,Grocery,West,Offline,1,58.83,58.83,Credit Card,CUST0616
TXN003377,3/2/2025,Power Bank 10000mAh,Electronics,West,Online,2,966.52,1933.04,Credit Card,CUST0374
TXN000936,3/2/2025,Women's Kurti,Clothing,West,Online,5,654.13,3270.65,UPI,CUST0556
TXN004733,3/3/2025,Sunflower Oil 1L,Grocery,West,Online,1,181.48,181.48,Credit Card,CUST0181
TXN000941,3/3/2025,Bed Sheet Set,Home & Kitchen,East,Offline,5,1421.18,7105.9,Credit Card,CUST0346
TXN004775,3/3/2025,Toor Dal 1kg,Grocery,East,Online,1,127.57,127.57,UPI,CUST0849
TXN001641,3/3/2025,Non-Stick Pan,Home & Kitchen,West,Offline,1,1078.25,1078.25,UPI,CUST0560
TXN002848,3/3/2025,Bluetooth Speaker,Electronics,North,Online,4,2133.19,8532.76,UPI,CUST0384
TXN003662,3/3/2025,Non-Stick Pan,Home & Kitchen,West,Offline,4,1054.1,4216.4,UPI,CUST0262
TXN003704,3/3/2025,Tea Powder 500g,Grocery,West,Offline,5,332.95,1664.75,Net Banking,CUST0342
TXN004040,3/3/2025,Mixer Grinder,Home & Kitchen,East,Online,1,1945.35,1945.35,Net Banking,CUST0721
TXN000320,3/3/2025,LED Bulb Pack,Home & Kitchen,West,Online,2,298.6,597.2,UPI,CUST0250
TXN001756,3/3/2025,LED Bulb Pack,Home & Kitchen,North,Online,1,313.06,313.06,Credit Card,CUST0389
TXN005643,3/3/2025,Sunflower Oil 1L,Grocery,South,Offline,1,197.54,197.54,Cash,CUST0861
TXN000054,3/3/2025,Non-Stick Pan,Home & Kitchen,South,Offline,2,499.7,999.4,UPI,CUST0811
TXN001989,3/3/2025,Sunflower Oil 1L,Grocery,West,Offline,4,125.49,501.96,Credit Card,CUST0721
TXN002031,3/3/2025,Mixer Grinder,Home & Kitchen,North,Online,3,2789.93,8369.79,UPI,CUST0518
TXN005368,3/3/2025,Formal Shirt,Clothing,West,Offline,1,1459.2,1459.2,Net Banking,CUST0093
TXN002499,3/3/2025,Denim Jeans,Clothing,West,Online,1,1088.92,1088.92,Credit Card,CUST0239
TXN005325,3/4/2025,Winter Jacket,Clothing,East,Online,4,3137.64,12550.56,Credit Card,CUST0105
TXN000791,3/4/2025,Sunscreen SPF50,Beauty & Personal Care,East,Online,5,532.24,2661.2,Cash,CUST0166
TXN000826,3/4/2025,Power Bank 10000mAh,Electronics,West,Online,2,878.86,1757.72,Cash,CUST0056
TXN000368,3/4/2025,Hair Oil,Beauty & Personal Care,North,Online,1,311.77,311.77,Net Banking,CUST0442
TXN005592,3/4/2025,LED Bulb Pack,Home & Kitchen,South,Offline,2,269.15,538.3,UPI,CUST0271
TXN004845,3/4/2025,Tea Powder 500g,Grocery,North,Online,2,266.45,532.9,Cash,CUST0155
TXN004462,3/4/2025,Bluetooth Speaker,Electronics,West,Offline,2,2364,4728,Credit Card,CUST0218
TXN004353,3/4/2025,Pressure Cooker,Home & Kitchen,South,Online,2,1658.99,3317.98,Credit Card,CUST0603
TXN003211,3/4/2025,Water Bottle,Home & Kitchen,West,Offline,3,253.52,760.56,UPI,CUST0500
TXN000127,3/4/2025,LED Bulb Pack,Home & Kitchen,South,Online,2,264.21,528.42,Net Banking,CUST0768
TXN005850,3/4/2025,Toor Dal 1kg,Grocery,West,Offline,3,172.17,516.51,Net Banking,CUST0382
TXN000138,3/4/2025,Body Lotion,Beauty & Personal Care,South,Online,3,563.76,1691.28,Credit Card,CUST0634
TXN002545,3/4/2025,Kids Hoodie,Clothing,North,Offline,1,702.93,702.93,UPI,CUST0877
TXN000730,3/4/2025,Face Wash,Beauty & Personal Care,West,Offline,2,171.28,342.56,Credit Card,CUST0412
TXN001865,3/4/2025,Men's T-Shirt,Clothing,West,Offline,1,526.03,526.03,UPI,CUST0128
TXN005268,3/4/2025,Shampoo 400ml,Beauty & Personal Care,South,Online,1,205.97,205.97,Cash,CUST0885
TXN001369,3/4/2025,Non-Stick Pan,Home & Kitchen,South,Online,1,512.47,512.47,UPI,CUST0227
TXN001374,3/4/2025,Formal Shirt,Clothing,South,Online,2,1452.26,2904.52,Credit Card,CUST0553
TXN000230,3/4/2025,Formal Shirt,Clothing,West,Offline,2,889.67,1779.34,Cash,CUST0243
TXN000056,3/5/2025,Water Bottle,Home & Kitchen,South,Online,1,441.8,441.8,UPI,CUST0359
TXN001404,3/5/2025,Toor Dal 1kg,Grocery,East,Online,2,140.21,280.42,UPI,CUST0266
TXN001828,3/5/2025,Formal Shirt,Clothing,North,Online,1,1193.26,1193.26,UPI,CUST0219
TXN004860,3/5/2025,Mixer Grinder,Home & Kitchen,East,Offline,2,3715.51,7431.02,Credit Card,CUST0277
TXN002011,3/5/2025,Winter Jacket,Clothing,South,Online,1,2245.19,2245.19,UPI,CUST0220
TXN001208,3/5/2025,LED Bulb Pack,Home & Kitchen,South,Online,4,240.9,963.6,Credit Card,CUST0807
TXN004866,3/5/2025,Kids Hoodie,Clothing,West,Online,2,1156.96,2313.92,Credit Card,CUST0653
TXN001612,3/5/2025,Perfume 100ml,Beauty & Personal Care,South,Online,2,2241.23,4482.46,Net Banking,CUST0790
TXN000612,3/5/2025,Tea Powder 500g,Grocery,North,Offline,1,201.96,201.96,Cash,CUST0628
TXN000685,3/5/2025,Perfume 100ml,Beauty & Personal Care,West,Offline,1,1416.47,1416.47,Credit Card,CUST0887
TXN004107,3/5/2025,Denim Jeans,Clothing,West,Offline,2,1488.39,2976.78,UPI,CUST0689
TXN000176,3/5/2025,Body Lotion,Beauty & Personal Care,South,Offline,1,376.88,376.88,Credit Card,CUST0395
TXN003506,3/6/2025,Shampoo 400ml,Beauty & Personal Care,South,Online,1,204.48,204.48,Net Banking,CUST0582
TXN004752,3/6/2025,Women's Kurti,Clothing,North,Online,5,1457.25,7286.25,Credit Card,CUST0576
TXN004655,3/6/2025,Laptop Bag,Electronics,East,Online,3,805.83,2417.49,Cash,CUST0746
TXN000988,3/6/2025,Perfume 100ml,Beauty & Personal Care,East,Online,2,911.94,1823.88,Credit Card,CUST0234
TXN001181,3/6/2025,Pressure Cooker,Home & Kitchen,South,Offline,1,2272.67,2272.67,UPI,CUST0029
TXN005007,3/6/2025,Perfume 100ml,Beauty & Personal Care,North,Online,2,2317.08,4634.16,UPI,CUST0409
TXN005701,3/6/2025,Bluetooth Speaker,Electronics,East,Offline,1,2540.29,2540.29,Credit Card,CUST0478
TXN000989,3/6/2025,Wheat Flour 5kg,Grocery,West,Online,3,263.26,789.78,Credit Card,CUST0637
TXN005737,3/6/2025,Basmati Rice 5kg,Grocery,West,Offline,3,496.15,1488.45,Net Banking,CUST0807
TXN000235,3/7/2025,Sugar 1kg,Grocery,North,Online,5,49.34,246.7,Credit Card,CUST0582
TXN004256,3/7/2025,Bluetooth Speaker,Electronics,East,Online,1,3424.14,3424.14,Credit Card,CUST0272
TXN003588,3/7/2025,LED Bulb Pack,Home & Kitchen,West,Online,1,173.99,173.99,UPI,CUST0325
TXN000273,3/7/2025,LED TV 32in,Electronics,East,Online,2,13709.37,27418.74,UPI,CUST0536
TXN003335,3/7/2025,Tea Powder 500g,Grocery,West,Online,1,172.83,172.83,UPI,CUST0021
TXN001633,3/7/2025,Body Lotion,Beauty & Personal Care,South,Offline,1,259.31,259.31,UPI,CUST0266
TXN005328,3/7/2025,Non-Stick Pan,Home & Kitchen,North,Online,1,693,693,Cash,CUST0885
TXN002787,3/7/2025,Sunscreen SPF50,Beauty & Personal Care,South,Online,1,469,469,UPI,CUST0821
TXN001111,3/7/2025,Tea Powder 500g,Grocery,West,Online,3,226.81,680.43,Cash,CUST0035
TXN005762,3/7/2025,Smartwatch,Electronics,East,Online,1,4103.7,4103.7,UPI,CUST0404
TXN003530,3/7/2025,Sunflower Oil 1L,Grocery,South,Offline,1,125.89,125.89,Credit Card,CUST0712
TXN002191,3/7/2025,Toor Dal 1kg,Grocery,South,Offline,2,132.41,264.82,Net Banking,CUST0412
TXN002172,3/7/2025,LED Bulb Pack,Home & Kitchen,East,Offline,1,188.99,188.99,Credit Card,CUST0530
TXN000852,3/7/2025,Basmati Rice 5kg,Grocery,South,Online,2,590.82,1181.64,Credit Card,CUST0204
TXN003503,3/7/2025,Non-Stick Pan,Home & Kitchen,South,Online,1,596.41,596.41,Credit Card,CUST0233
TXN001232,3/7/2025,Toor Dal 1kg,Grocery,East,Online,4,167.08,668.32,UPI,CUST0012
TXN004252,3/8/2025,Bed Sheet Set,Home & Kitchen,West,Online,1,850.34,850.34,UPI,CUST0193
TXN004858,3/8/2025,Tea Powder 500g,Grocery,West,Online,1,271.6,271.6,UPI,CUST0396
TXN005353,3/8/2025,Non-Stick Pan,Home & Kitchen,North,Offline,1,746.71,746.71,UPI,CUST0306
TXN005538,3/8/2025,LED Bulb Pack,Home & Kitchen,East,Offline,4,214.31,857.24,Net Banking,CUST0113
TXN005687,3/8/2025,Laptop Bag,Electronics,West,Online,2,652.56,1305.12,UPI,CUST0428
TXN002984,3/8/2025,Bed Sheet Set,Home & Kitchen,East,Offline,3,1608.43,4825.29,Cash,CUST0211
TXN001705,3/8/2025,Perfume 100ml,Beauty & Personal Care,West,Offline,1,1891.24,1891.24,Credit Card,CUST0001
TXN005789,3/8/2025,Winter Jacket,Clothing,East,Online,2,3069.6,6139.2,Net Banking,CUST0485
TXN002302,3/8/2025,Body Lotion,Beauty & Personal Care,South,Offline,1,405.62,405.62,Cash,CUST0454
TXN003431,3/8/2025,LED TV 32in,Electronics,North,Online,1,14935.19,14935.19,Credit Card,CUST0257
TXN002632,3/8/2025,Water Bottle,Home & Kitchen,West,Online,2,172.86,345.72,UPI,CUST0713
TXN002737,3/8/2025,Men's T-Shirt,Clothing,West,Offline,5,878.42,4392.1,UPI,CUST0814
TXN000611,3/8/2025,Perfume 100ml,Beauty & Personal Care,North,Offline,2,1851.15,3702.3,UPI,CUST0722
TXN001606,3/8/2025,Toor Dal 1kg,Grocery,West,Offline,1,149.29,149.29,Credit Card,CUST0108
TXN004245,3/8/2025,Sunscreen SPF50,Beauty & Personal Care,East,Offline,1,484.38,484.38,UPI,CUST0379
TXN004721,3/8/2025,LED Bulb Pack,Home & Kitchen,South,Offline,1,223.51,223.51,UPI,CUST0097
TXN005191,3/8/2025,Non-Stick Pan,Home & Kitchen,West,Offline,1,920.65,920.65,UPI,CUST0390
TXN002489,3/8/2025,Sunscreen SPF50,Beauty & Personal Care,North,Online,2,422,844,UPI,CUST0039
TXN003921,3/8/2025,Wireless Earbuds,Electronics,North,Online,2,1547.23,3094.46,Credit Card,CUST0261
TXN001955,3/8/2025,Wheat Flour 5kg,Grocery,North,Offline,4,319.14,1276.56,Cash,CUST0097
TXN003656,3/8/2025,Bed Sheet Set,Home & Kitchen,West,Offline,1,935.78,935.78,Net Banking,CUST0500
TXN005273,3/9/2025,Bluetooth Speaker,Electronics,East,Offline,1,3053.72,3053.72,Credit Card,CUST0053
TXN004471,3/9/2025,Women's Kurti,Clothing,North,Online,1,884.87,884.87,Credit Card,CUST0359
TXN001336,3/9/2025,Winter Jacket,Clothing,East,Online,2,3174.46,6348.92,UPI,CUST0519
TXN000077,3/9/2025,Sunflower Oil 1L,Grocery,North,Offline,3,136.38,409.14,UPI,CUST0519
TXN002410,3/9/2025,Shampoo 400ml,Beauty & Personal Care,West,Offline,3,268.36,805.08,Net Banking,CUST0422
TXN003786,3/9/2025,Men's T-Shirt,Clothing,West,Online,4,680.09,2720.36,Net Banking,CUST0365
TXN004214,3/9/2025,Laptop Bag,Electronics,East,Online,2,1059.44,2118.88,Credit Card,CUST0610
TXN003648,3/9/2025,Bluetooth Speaker,Electronics,West,Online,1,1394.26,1394.26,Net Banking,CUST0551
TXN000267,3/9/2025,LED TV 32in,Electronics,West,Online,4,13924.9,55699.6,UPI,CUST0743
TXN005894,3/9/2025,Water Bottle,Home & Kitchen,South,Online,1,456.2,456.2,Cash,CUST0281
TXN001487,3/9/2025,Pressure Cooker,Home & Kitchen,North,Online,3,1303.24,3909.72,Credit Card,CUST0344
TXN004057,3/9/2025,Formal Shirt,Clothing,South,Offline,3,1563.86,4691.58,Net Banking,CUST0325
TXN004761,3/9/2025,Women's Kurti,Clothing,West,Online,1,734.67,734.67,Net Banking,CUST0179
TXN002078,3/9/2025,Sunscreen SPF50,Beauty & Personal Care,East,Online,1,276.08,276.08,UPI,CUST0010
TXN002432,3/9/2025,Sunscreen SPF50,Beauty & Personal Care,North,Offline,1,358.05,358.05,Net Banking,CUST0659
TXN001717,3/9/2025,Winter Jacket,Clothing,East,Online,5,3363.62,16818.1,UPI,CUST0327
TXN003239,3/9/2025,Body Lotion,Beauty & Personal Care,West,Offline,1,260.89,260.89,Credit Card,CUST0569
TXN001036,3/9/2025,Men's T-Shirt,Clothing,East,Online,5,752.62,3763.1,Cash,CUST0718
TXN004516,3/9/2025,Laptop Bag,Electronics,North,Offline,5,1388.78,6943.9,Cash,CUST0360
TXN003194,3/10/2025,Denim Jeans,Clothing,South,Online,1,1733.82,1733.82,Credit Card,CUST0821
TXN000467,3/10/2025,Denim Jeans,Clothing,South,Online,1,2181.3,2181.3,Credit Card,CUST0625
TXN002377,3/10/2025,Power Bank 10000mAh,Electronics,East,Online,1,1181.51,1181.51,Credit Card,CUST0752
TXN003907,3/10/2025,Wireless Earbuds,Electronics,West,Offline,2,3102.12,6204.24,Net Banking,CUST0074
TXN000860,3/10/2025,Smartwatch,Electronics,South,Offline,2,3511.83,7023.66,Cash,CUST0489
TXN004832,3/10/2025,Water Bottle,Home & Kitchen,North,Offline,3,354.39,1063.17,Credit Card,CUST0323
TXN000489,3/10/2025,Winter Jacket,Clothing,South,Online,1,1801.71,1801.71,Cash,CUST0864
TXN000924,3/10/2025,Tea Powder 500g,Grocery,West,Offline,3,202.75,608.25,UPI,CUST0686
TXN002280,3/10/2025,Pressure Cooker,Home & Kitchen,West,Offline,1,1317.95,1317.95,Credit Card,CUST0582
TXN005466,3/10/2025,Shampoo 400ml,Beauty & Personal Care,South,Offline,1,404.5,404.5,Credit Card,CUST0510
TXN000051,3/10/2025,Formal Shirt,Clothing,South,Online,1,1328.55,1328.55,Credit Card,CUST0523
TXN001319,3/10/2025,Tea Powder 500g,Grocery,South,Online,2,224.39,448.78,Credit Card,CUST0779
TXN004686,3/10/2025,Wheat Flour 5kg,Grocery,South,Offline,2,274.26,548.52,Credit Card,CUST0053
TXN002047,3/10/2025,Basmati Rice 5kg,Grocery,South,Offline,3,695.94,2087.82,UPI,CUST0467
TXN004993,3/10/2025,Bluetooth Speaker,Electronics,West,Offline,1,2751.19,2751.19,Credit Card,CUST0447
TXN003616,3/10/2025,Water Bottle,Home & Kitchen,West,Offline,4,473.01,1892.04,Cash,CUST0382
TXN001761,3/10/2025,Bluetooth Speaker,Electronics,East,Online,1,3160.98,3160.98,Net Banking,CUST0432
TXN000603,3/10/2025,Water Bottle,Home & Kitchen,North,Online,1,270.27,270.27,Net Banking,CUST0028
TXN000363,3/10/2025,Water Bottle,Home & Kitchen,East,Online,3,185.85,557.55,Cash,CUST0277
TXN000154,3/10/2025,Bed Sheet Set,Home & Kitchen,South,Online,1,1475.54,1475.54,UPI,CUST0714
TXN001762,3/11/2025,Sunflower Oil 1L,Grocery,South,Offline,1,182.32,182.32,Credit Card,CUST0786
TXN004983,3/11/2025,Smartwatch,Electronics,North,Online,2,2091.89,4183.78,Credit Card,CUST0326
TXN004743,3/11/2025,Bluetooth Speaker,Electronics,South,Offline,1,1295.35,1295.35,Cash,CUST0297
TXN002527,3/11/2025,Basmati Rice 5kg,Grocery,West,Online,2,471.58,943.16,UPI,CUST0500
TXN004303,3/11/2025,Body Lotion,Beauty & Personal Care,South,Offline,2,463.6,927.2,Net Banking,CUST0544
TXN005519,3/11/2025,Hair Oil,Beauty & Personal Care,North,Online,1,257.78,257.78,Credit Card,CUST0679
TXN005844,3/11/2025,Perfume 100ml,Beauty & Personal Care,East,Online,3,1117.66,3352.98,Credit Card,CUST0768
TXN004047,3/11/2025,Sunscreen SPF50,Beauty & Personal Care,East,Offline,3,596.13,1788.39,Net Banking,CUST0533
TXN004195,3/11/2025,Sugar 1kg,Grocery,West,Offline,1,48.62,48.62,Net Banking,CUST0046
TXN002947,3/11/2025,Bed Sheet Set,Home & Kitchen,East,Offline,4,1529.36,6117.44,UPI,CUST0866
TXN005825,3/11/2025,Bluetooth Speaker,Electronics,South,Offline,1,3006.96,3006.96,Net Banking,CUST0519
TXN004896,3/11/2025,Body Lotion,Beauty & Personal Care,West,Online,3,354.44,1063.32,UPI,CUST0711
TXN002069,3/11/2025,Women's Kurti,Clothing,East,Offline,3,757.72,2273.16,Cash,CUST0844
TXN005171,3/11/2025,Water Bottle,Home & Kitchen,East,Online,1,265.27,265.27,UPI,CUST0844
TXN005782,3/11/2025,Water Bottle,Home & Kitchen,South,Online,1,461.21,461.21,Credit Card,CUST0224
TXN000702,3/12/2025,Water Bottle,Home & Kitchen,North,Offline,1,363.1,363.1,Net Banking,CUST0293
TXN005895,3/12/2025,Pressure Cooker,Home & Kitchen,North,Online,5,1448.47,7242.35,Cash,CUST0426
TXN001741,3/12/2025,Pressure Cooker,Home & Kitchen,South,Offline,5,2129.68,10648.4,UPI,CUST0269
TXN005086,3/12/2025,Shampoo 400ml,Beauty & Personal Care,North,Online,1,497.05,497.05,UPI,CUST0012
TXN001793,3/12/2025,Mixer Grinder,Home & Kitchen,East,Offline,1,2176.47,2176.47,Cash,CUST0009
TXN003038,3/12/2025,Women's Kurti,Clothing,North,Offline,1,1275.53,1275.53,Net Banking,CUST0155
TXN003077,3/12/2025,Kids Hoodie,Clothing,South,Online,1,529.9,529.9,Credit Card,CUST0349
TXN003933,3/12/2025,Hair Oil,Beauty & Personal Care,East,Online,2,168.15,336.3,UPI,CUST0548
TXN001297,3/12/2025,Bluetooth Speaker,Electronics,East,Offline,2,2904.86,5809.72,UPI,CUST0419
TXN003505,3/12/2025,Sunscreen SPF50,Beauty & Personal Care,West,Online,2,557.28,1114.56,Credit Card,CUST0891
TXN001283,3/12/2025,Power Bank 10000mAh,Electronics,North,Offline,5,1732.87,8664.35,Credit Card,CUST0035
TXN002541,3/12/2025,Denim Jeans,Clothing,East,Offline,2,1049.48,2098.96,UPI,CUST0311
TXN000737,3/12/2025,Winter Jacket,Clothing,North,Online,1,2767.49,2767.49,UPI,CUST0368
TXN003843,3/13/2025,Women's Kurti,Clothing,East,Online,3,675.21,2025.63,Credit Card,CUST0035
TXN003312,3/13/2025,Water Bottle,Home & Kitchen,East,Online,3,495.92,1487.76,UPI,CUST0513
TXN000219,3/13/2025,Mixer Grinder,Home & Kitchen,South,Online,2,4082.91,8165.82,Credit Card,CUST0248
TXN002146,3/13/2025,Hair Oil,Beauty & Personal Care,South,Online,1,308.52,308.52,UPI,CUST0615
TXN002979,3/13/2025,Toor Dal 1kg,Grocery,West,Offline,2,119.59,239.18,Net Banking,CUST0497
TXN003252,3/13/2025,Mixer Grinder,Home & Kitchen,South,Offline,1,4350.58,4350.58,UPI,CUST0001
TXN000843,3/13/2025,Wireless Earbuds,Electronics,West,Online,1,1081.38,1081.38,UPI,CUST0681
TXN002255,3/13/2025,Non-Stick Pan,Home & Kitchen,North,Online,2,735.03,1470.06,Credit Card,CUST0405
TXN000293,3/13/2025,Wheat Flour 5kg,Grocery,West,Offline,3,308.36,925.08,Cash,CUST0315
TXN005144,3/13/2025,Denim Jeans,Clothing,South,Online,1,1205.71,1205.71,Net Banking,CUST0155
TXN004434,3/13/2025,LED TV 32in,Electronics,West,Online,1,11112.67,11112.67,Credit Card,CUST0273
TXN003354,3/13/2025,Sunscreen SPF50,Beauty & Personal Care,West,Online,3,605.7,1817.1,Cash,CUST0462
TXN004922,3/13/2025,Toor Dal 1kg,Grocery,West,Offline,2,134.1,268.2,UPI,CUST0407
TXN003814,3/13/2025,Non-Stick Pan,Home & Kitchen,West,Online,1,1098.17,1098.17,UPI,CUST0671
TXN001957,3/13/2025,Men's T-Shirt,Clothing,South,Online,1,499.64,499.64,UPI,CUST0211
TXN005487,3/13/2025,Wheat Flour 5kg,Grocery,South,Online,1,281.46,281.46,Credit Card,CUST0497
TXN000890,3/13/2025,Tea Powder 500g,Grocery,East,Online,1,237.08,237.08,UPI,CUST0470
TXN000876,3/14/2025,LED Bulb Pack,Home & Kitchen,West,Offline,1,394.45,394.45,UPI,CUST0281
TXN001333,3/14/2025,Water Bottle,Home & Kitchen,East,Online,2,491.72,983.44,UPI,CUST0804
TXN005275,3/14/2025,Water Bottle,Home & Kitchen,East,Online,2,290.8,581.6,Net Banking,CUST0465
TXN004443,3/14/2025,Smartwatch,Electronics,South,Offline,2,3352.79,6705.58,Net Banking,CUST0088
TXN005331,3/14/2025,Laptop Bag,Electronics,East,Online,2,878.81,1757.62,Credit Card,CUST0509
TXN005372,3/14/2025,Bed Sheet Set,Home & Kitchen,South,Offline,1,1237.36,1237.36,Cash,CUST0821
TXN004927,3/14/2025,Formal Shirt,Clothing,North,Online,4,738.41,2953.64,UPI,CUST0541
TXN002656,3/14/2025,Women's Kurti,Clothing,West,Offline,1,833.86,833.86,Credit Card,CUST0533
TXN000283,3/14/2025,Body Lotion,Beauty & Personal Care,East,Offline,2,509.02,1018.04,UPI,CUST0536
TXN003234,3/14/2025,Non-Stick Pan,Home & Kitchen,East,Offline,1,960.23,960.23,Credit Card,CUST0536
TXN004788,3/14/2025,Perfume 100ml,Beauty & Personal Care,East,Offline,1,1968.34,1968.34,UPI,CUST0809
TXN005292,3/14/2025,Hair Oil,Beauty & Personal Care,South,Online,1,308.9,308.9,Cash,CUST0544
TXN003204,3/15/2025,Sunflower Oil 1L,Grocery,South,Online,1,153.19,153.19,UPI,CUST0166
TXN005806,3/15/2025,Mixer Grinder,Home & Kitchen,North,Online,1,3670.29,3670.29,Net Banking,CUST0727
TXN000018,3/15/2025,Denim Jeans,Clothing,South,Online,2,800.8,1601.6,UPI,CUST0844
TXN000356,3/15/2025,Basmati Rice 5kg,Grocery,South,Online,3,523.15,1569.45,Net Banking,CUST0396
TXN003435,3/15/2025,Wheat Flour 5kg,Grocery,East,Offline,2,310.96,621.92,Credit Card,CUST0356
TXN000413,3/15/2025,Non-Stick Pan,Home & Kitchen,West,Offline,1,541.97,541.97,UPI,CUST0489
TXN003777,3/15/2025,Hair Oil,Beauty & Personal Care,West,Online,1,197.73,197.73,Credit Card,CUST0049
TXN005289,3/15/2025,LED TV 32in,Electronics,South,Online,1,9236.13,9236.13,UPI,CUST0128
TXN003564,3/15/2025,Bed Sheet Set,Home & Kitchen,South,Offline,2,1079.07,2158.14,UPI,CUST0128
TXN005096,3/15/2025,Perfume 100ml,Beauty & Personal Care,North,Offline,1,1279.26,1279.26,Cash,CUST0582
TXN001451,3/15/2025,Basmati Rice 5kg,Grocery,North,Offline,3,499.34,1498.02,UPI,CUST0537
TXN000931,3/15/2025,Wireless Earbuds,Electronics,North,Offline,2,3848.78,7697.56,Cash,CUST0874
TXN003555,3/15/2025,Smartwatch,Electronics,West,Offline,4,3988.43,15953.72,UPI,CUST0772
TXN001092,3/15/2025,Shampoo 400ml,Beauty & Personal Care,South,Online,1,213.88,213.88,Cash,CUST0151
TXN005445,3/15/2025,Water Bottle,Home & Kitchen,East,Online,4,424.2,1696.8,Credit Card,CUST0390
TXN004800,3/15/2025,Body Lotion,Beauty & Personal Care,East,Online,4,570.61,2282.44,Net Banking,CUST0265
TXN000457,3/16/2025,Hair Oil,Beauty & Personal Care,West,Offline,1,169.12,169.12,Cash,CUST0801
TXN001067,3/16/2025,Sunflower Oil 1L,Grocery,West,Offline,3,173.76,521.28,Cash,CUST0179
TXN005349,3/16/2025,Power Bank 10000mAh,Electronics,West,Online,1,1459.56,1459.56,Net Banking,CUST0631
TXN005089,3/16/2025,Perfume 100ml,Beauty & Personal Care,East,Online,4,2265.51,9062.04,Net Banking,CUST0569
TXN004844,3/16/2025,Bed Sheet Set,Home & Kitchen,North,Online,3,731.77,2195.31,Credit Card,CUST0892
TXN005558,3/16/2025,Sunflower Oil 1L,Grocery,West,Online,2,146.95,293.9,UPI,CUST0379
TXN004487,3/16/2025,Perfume 100ml,Beauty & Personal Care,North,Online,1,2381.86,2381.86,UPI,CUST0407
TXN002858,3/16/2025,Winter Jacket,Clothing,West,Offline,1,1233.87,1233.87,UPI,CUST0312
TXN002372,3/16/2025,Shampoo 400ml,Beauty & Personal Care,North,Online,4,468.74,1874.96,Credit Card,CUST0009
TXN003871,3/16/2025,Formal Shirt,Clothing,West,Offline,4,1376.29,5505.16,Credit Card,CUST0008
TXN002811,3/16/2025,Mixer Grinder,Home & Kitchen,South,Online,2,3801.87,7603.74,Credit Card,CUST0010
TXN000084,3/16/2025,Mixer Grinder,Home & Kitchen,South,Online,1,3134.63,3134.63,UPI,CUST0070
TXN004152,3/16/2025,Perfume 100ml,Beauty & Personal Care,South,Offline,3,2400.57,7201.71,UPI,CUST0718
TXN002102,3/16/2025,Kids Hoodie,Clothing,East,Online,1,924.71,924.71,Net Banking,CUST0712
TXN003724,3/16/2025,Power Bank 10000mAh,Electronics,West,Online,1,1511.3,1511.3,UPI,CUST0592
TXN005213,3/16/2025,Laptop Bag,Electronics,East,Online,1,1070.61,1070.61,Credit Card,CUST0815
TXN000438,3/16/2025,Wheat Flour 5kg,Grocery,South,Offline,1,259.6,259.6,Credit Card,CUST0579
TXN000992,3/16/2025,Women's Kurti,Clothing,West,Online,1,1366.35,1366.35,Cash,CUST0374
TXN000681,3/16/2025,Women's Kurti,Clothing,East,Offline,4,989.94,3959.76,Net Banking,CUST0221
TXN005164,3/16/2025,Bed Sheet Set,Home & Kitchen,West,Online,5,1203.89,6019.45,UPI,CUST0506
TXN004690,3/16/2025,Body Lotion,Beauty & Personal Care,North,Online,1,554.92,554.92,UPI,CUST0542
TXN004055,3/16/2025,Winter Jacket,Clothing,West,Offline,2,1526.92,3053.84,UPI,CUST0412
TXN001081,3/16/2025,Bed Sheet Set,Home & Kitchen,South,Online,1,726.27,726.27,Net Banking,CUST0179
TXN001000,3/16/2025,Denim Jeans,Clothing,South,Online,2,882.48,1764.96,Net Banking,CUST0700
TXN005826,3/17/2025,Denim Jeans,Clothing,East,Online,4,1692.17,6768.68,Net Banking,CUST0087
TXN001504,3/17/2025,Basmati Rice 5kg,Grocery,South,Online,1,582.69,582.69,UPI,CUST0278
TXN002161,3/17/2025,Bluetooth Speaker,Electronics,South,Online,1,2243.46,2243.46,Credit Card,CUST0268
TXN003344,3/17/2025,Sunflower Oil 1L,Grocery,West,Offline,5,189.73,948.65,UPI,CUST0413
TXN000910,3/17/2025,LED Bulb Pack,Home & Kitchen,West,Offline,1,298.26,298.26,Credit Card,CUST0094
TXN001991,3/17/2025,Body Lotion,Beauty & Personal Care,East,Online,1,592.5,592.5,Credit Card,CUST0304
TXN001736,3/17/2025,Men's T-Shirt,Clothing,North,Online,2,410.02,820.04,Net Banking,CUST0569
TXN004310,3/17/2025,Bluetooth Speaker,Electronics,East,Offline,1,2484.38,2484.38,UPI,CUST0175
TXN001323,3/17/2025,LED TV 32in,Electronics,West,Offline,1,10197.98,10197.98,Cash,CUST0092
TXN002217,3/17/2025,Smartwatch,Electronics,South,Online,1,3307.87,3307.87,Credit Card,CUST0654
TXN000803,3/17/2025,Perfume 100ml,Beauty & Personal Care,South,Online,3,1143.98,3431.94,UPI,CUST0278
TXN001654,3/17/2025,Water Bottle,Home & Kitchen,North,Online,1,464.84,464.84,Net Banking,CUST0844
TXN004355,3/17/2025,Pressure Cooker,Home & Kitchen,East,Offline,1,1046.96,1046.96,UPI,CUST0768
TXN003033,3/17/2025,Perfume 100ml,Beauty & Personal Care,South,Online,2,1417.47,2834.94,UPI,CUST0533
TXN002895,3/17/2025,Hair Oil,Beauty & Personal Care,North,Offline,1,292.77,292.77,Net Banking,CUST0035
TXN005249,3/17/2025,Formal Shirt,Clothing,South,Online,2,1279,2558,Credit Card,CUST0533
TXN002277,3/17/2025,Wireless Earbuds,Electronics,East,Online,5,3340.56,16702.8,UPI,CUST0569
TXN002073,3/17/2025,Non-Stick Pan,Home & Kitchen,North,Offline,2,803.91,1607.82,Net Banking,CUST0706
TXN002560,3/17/2025,Perfume 100ml,Beauty & Personal Care,South,Online,3,897.52,2692.56,Credit Card,CUST0550
TXN000393,3/17/2025,Women's Kurti,Clothing,West,Offline,1,1331.9,1331.9,Net Banking,CUST0501
TXN003733,3/17/2025,Denim Jeans,Clothing,East,Offline,1,1950.1,1950.1,Cash,CUST0717
TXN003718,3/18/2025,Power Bank 10000mAh,Electronics,East,Online,3,939.17,2817.51,Net Banking,CUST0781
TXN005359,3/18/2025,LED Bulb Pack,Home & Kitchen,East,Offline,2,242.03,484.06,Credit Card,CUST0746
TXN001653,3/18/2025,LED Bulb Pack,Home & Kitchen,South,Online,1,314.84,314.84,Credit Card,CUST0719
TXN002778,3/18/2025,Water Bottle,Home & Kitchen,West,Offline,2,477.5,955,Credit Card,CUST0353
TXN002642,3/18/2025,Non-Stick Pan,Home & Kitchen,South,Offline,4,610.15,2440.6,UPI,CUST0720
TXN001974,3/18/2025,Pressure Cooker,Home & Kitchen,North,Online,1,1587.2,1587.2,UPI,CUST0391
TXN004548,3/18/2025,Wheat Flour 5kg,Grocery,North,Online,2,327.65,655.3,UPI,CUST0532
TXN004976,3/18/2025,Tea Powder 500g,Grocery,North,Offline,4,255.99,1023.96,UPI,CUST0243
TXN000120,3/18/2025,Men's T-Shirt,Clothing,West,Offline,2,689.9,1379.8,Credit Card,CUST0035
TXN005407,3/18/2025,LED TV 32in,Electronics,North,Offline,1,15641.53,15641.53,Cash,CUST0351
TXN000897,3/18/2025,Hair Oil,Beauty & Personal Care,East,Offline,1,301.67,301.67,Credit Card,CUST0626
TXN003897,3/18/2025,LED Bulb Pack,Home & Kitchen,West,Online,1,317.98,317.98,UPI,CUST0155
TXN003549,3/18/2025,Body Lotion,Beauty & Personal Care,West,Offline,1,560.23,560.23,Credit Card,CUST0306
TXN003463,3/18/2025,Denim Jeans,Clothing,East,Online,2,986.97,1973.94,Cash,CUST0679
TXN002710,3/18/2025,Women's Kurti,Clothing,South,Online,1,514.54,514.54,Net Banking,CUST0864
TXN000182,3/18/2025,Bed Sheet Set,Home & Kitchen,South,Offline,2,1001.58,2003.16,Credit Card,CUST0087
TXN005787,3/18/2025,Women's Kurti,Clothing,South,Offline,4,1475.12,5900.48,UPI,CUST0346
TXN004988,3/18/2025,Bluetooth Speaker,Electronics,East,Offline,3,1900.53,5701.59,UPI,CUST0811
TXN000930,3/18/2025,Hair Oil,Beauty & Personal Care,East,Offline,2,123.58,247.16,Credit Card,CUST0265
TXN004299,3/18/2025,Smartwatch,Electronics,East,Offline,1,5704.73,5704.73,Cash,CUST0361
TXN001275,3/18/2025,Smartwatch,Electronics,North,Offline,3,2637.78,7913.34,Net Banking,CUST0218
TXN000401,3/19/2025,Basmati Rice 5kg,Grocery,East,Online,1,395.08,395.08,Net Banking,CUST0034
TXN005978,3/19/2025,Winter Jacket,Clothing,East,Online,1,2564.19,2564.19,UPI,CUST0184
TXN001042,3/19/2025,Power Bank 10000mAh,Electronics,East,Online,1,1508.04,1508.04,UPI,CUST0306
TXN003859,3/19/2025,Kids Hoodie,Clothing,East,Online,1,1197.04,1197.04,UPI,CUST0419
TXN004517,3/19/2025,Smartwatch,Electronics,North,Offline,2,3139.79,6279.58,Credit Card,CUST0323
TXN002501,3/19/2025,Sugar 1kg,Grocery,West,Offline,1,45.97,45.97,Cash,CUST0065
TXN000522,3/19/2025,Winter Jacket,Clothing,North,Online,4,2725.67,10902.68,Credit Card,CUST0463
TXN001101,3/19/2025,Laptop Bag,Electronics,South,Online,3,874.81,2624.43,UPI,CUST0246
TXN001261,3/19/2025,Shampoo 400ml,Beauty & Personal Care,West,Online,1,395.9,395.9,Cash,CUST0552
TXN000262,3/19/2025,Perfume 100ml,Beauty & Personal Care,South,Online,1,2155.86,2155.86,UPI,CUST0122
TXN000088,3/19/2025,Toor Dal 1kg,Grocery,North,Online,1,162.22,162.22,UPI,CUST0399
TXN002237,3/19/2025,Non-Stick Pan,Home & Kitchen,East,Offline,1,648.48,648.48,Cash,CUST0660
TXN000328,3/19/2025,Sunflower Oil 1L,Grocery,North,Online,2,159.96,319.92,Net Banking,CUST0252
TXN000463,3/19/2025,Toor Dal 1kg,Grocery,East,Online,1,165.17,165.17,UPI,CUST0533
TXN000256,3/19/2025,Women's Kurti,Clothing,East,Offline,1,600.2,600.2,Credit Card,CUST0672
TXN003760,3/19/2025,Shampoo 400ml,Beauty & Personal Care,East,Online,3,290.75,872.25,Credit Card,CUST0631
TXN001802,3/19/2025,Toor Dal 1kg,Grocery,South,Offline,2,150.41,300.82,UPI,CUST0870
TXN004390,3/19/2025,Sugar 1kg,Grocery,West,Offline,1,57.41,57.41,Credit Card,CUST0631
TXN003643,3/20/2025,Pressure Cooker,Home & Kitchen,East,Online,2,1180.24,2360.48,Net Banking,CUST0201
TXN005941,3/20/2025,Kids Hoodie,Clothing,North,Offline,2,786.23,1572.46,Net Banking,CUST0811
TXN005431,3/20/2025,Pressure Cooker,Home & Kitchen,West,Online,4,2248.29,8993.16,Credit Card,CUST0036
TXN005029,3/20/2025,Sunscreen SPF50,Beauty & Personal Care,East,Online,5,483.68,2418.4,Credit Card,CUST0532
TXN004111,3/20/2025,Tea Powder 500g,Grocery,West,Online,3,188.77,566.31,Net Banking,CUST0157
TXN001242,3/20/2025,LED Bulb Pack,Home & Kitchen,West,Online,1,348.38,348.38,UPI,CUST0482
TXN002406,3/20/2025,Sugar 1kg,Grocery,East,Online,1,50.71,50.71,Credit Card,CUST0320
TXN001687,3/20/2025,Toor Dal 1kg,Grocery,West,Online,3,169.97,509.91,UPI,CUST0070
TXN003069,3/20/2025,Water Bottle,Home & Kitchen,East,Online,2,159.75,319.5,UPI,CUST0514
TXN004322,3/20/2025,Hair Oil,Beauty & Personal Care,East,Online,1,159.33,159.33,Cash,CUST0433
TXN002441,3/20/2025,Men's T-Shirt,Clothing,East,Online,2,304.75,609.5,Credit Card,CUST0794
TXN002736,3/20/2025,Mixer Grinder,Home & Kitchen,South,Online,1,3479.51,3479.51,UPI,CUST0445
TXN001147,3/20/2025,Water Bottle,Home & Kitchen,South,Online,1,493.4,493.4,UPI,CUST0066
TXN003500,3/20/2025,Women's Kurti,Clothing,South,Offline,2,1458.59,2917.18,Credit Card,CUST0121
TXN000046,3/20/2025,Women's Kurti,Clothing,South,Offline,4,524.79,2099.16,UPI,CUST0010
TXN003432,3/20/2025,Face Wash,Beauty & Personal Care,East,Offline,3,261.47,784.41,UPI,CUST0127
TXN003914,3/20/2025,Kids Hoodie,Clothing,East,Online,3,738.08,2214.24,Cash,CUST0465
TXN005122,3/21/2025,Formal Shirt,Clothing,West,Offline,2,1296.97,2593.94,Cash,CUST0759
TXN003750,3/21/2025,Tea Powder 500g,Grocery,South,Online,1,268.24,268.24,Cash,CUST0160
TXN003565,3/21/2025,Shampoo 400ml,Beauty & Personal Care,West,Online,1,363.95,363.95,Credit Card,CUST0576
TXN001931,3/21/2025,Body Lotion,Beauty & Personal Care,East,Online,1,379.34,379.34,UPI,CUST0442
TXN005595,3/21/2025,Toor Dal 1kg,Grocery,West,Online,1,136.26,136.26,Cash,CUST0859
TXN004291,3/21/2025,Winter Jacket,Clothing,East,Offline,1,2414.07,2414.07,Credit Card,CUST0304
TXN005104,3/21/2025,Mixer Grinder,Home & Kitchen,East,Offline,1,4049.04,4049.04,UPI,CUST0532
TXN005223,3/21/2025,Mixer Grinder,Home & Kitchen,West,Offline,1,4181.64,4181.64,Cash,CUST0002
TXN002398,3/21/2025,Bed Sheet Set,Home & Kitchen,West,Offline,1,1675.66,1675.66,UPI,CUST0070
TXN000420,3/21/2025,Wheat Flour 5kg,Grocery,East,Offline,3,295.87,887.61,Credit Card,CUST0056
TXN002912,3/21/2025,Wheat Flour 5kg,Grocery,East,Offline,2,296.29,592.58,Cash,CUST0415
TXN003967,3/21/2025,LED Bulb Pack,Home & Kitchen,East,Offline,2,183.56,367.12,Net Banking,CUST0325
TXN000709,3/21/2025,Non-Stick Pan,Home & Kitchen,North,Online,4,829.57,3318.28,UPI,CUST0225
TXN004972,3/21/2025,Basmati Rice 5kg,Grocery,South,Online,4,581.28,2325.12,UPI,CUST0227
TXN001459,3/21/2025,Wireless Earbuds,Electronics,South,Offline,1,1385.85,1385.85,Credit Card,CUST0478
TXN003300,3/21/2025,Non-Stick Pan,Home & Kitchen,West,Online,1,1009.81,1009.81,UPI,CUST0532
TXN001825,3/21/2025,Wheat Flour 5kg,Grocery,North,Online,1,291.14,291.14,Credit Card,CUST0368
TXN001432,3/21/2025,Non-Stick Pan,Home & Kitchen,North,Offline,1,1030.53,1030.53,Credit Card,CUST0055
TXN001040,3/21/2025,Water Bottle,Home & Kitchen,North,Online,4,348.13,1392.52,UPI,CUST0071
TXN002135,3/21/2025,Wheat Flour 5kg,Grocery,North,Online,4,254.91,1019.64,Cash,CUST0256
TXN003919,3/22/2025,Face Wash,Beauty & Personal Care,East,Offline,2,262.36,524.72,Credit Card,CUST0793
TXN003924,3/22/2025,Shampoo 400ml,Beauty & Personal Care,North,Online,1,180.78,180.78,UPI,CUST0366
TXN005237,3/22/2025,Women's Kurti,Clothing,West,Offline,2,644.61,1289.22,UPI,CUST0384
TXN001884,3/22/2025,Sunscreen SPF50,Beauty & Personal Care,North,Offline,3,311.77,935.31,UPI,CUST0708
TXN003597,3/22/2025,Toor Dal 1kg,Grocery,North,Online,1,177.33,177.33,Cash,CUST0446
TXN005684,3/22/2025,LED Bulb Pack,Home & Kitchen,East,Offline,2,254.9,509.8,Credit Card,CUST0081
TXN002523,3/22/2025,Women's Kurti,Clothing,South,Offline,1,681.17,681.17,Credit Card,CUST0679
TXN002871,3/22/2025,Basmati Rice 5kg,Grocery,North,Offline,1,525.3,525.3,Credit Card,CUST0486
TXN005117,3/22/2025,Wheat Flour 5kg,Grocery,East,Offline,1,294.43,294.43,Credit Card,CUST0127
TXN002473,3/22/2025,Kids Hoodie,Clothing,South,Online,3,932.55,2797.65,Cash,CUST0248
TXN001325,3/22/2025,LED Bulb Pack,Home & Kitchen,East,Offline,2,281.88,563.76,Credit Card,CUST0012
TXN003046,3/22/2025,Laptop Bag,Electronics,West,Offline,2,1412.2,2824.4,Net Banking,CUST0013
TXN002020,3/22/2025,Body Lotion,Beauty & Personal Care,East,Online,1,218.32,218.32,Credit Card,CUST0273
TXN001446,3/22/2025,Sunflower Oil 1L,Grocery,West,Online,1,209.74,209.74,UPI,CUST0572
TXN004567,3/22/2025,Non-Stick Pan,Home & Kitchen,South,Online,2,980.73,1961.46,Net Banking,CUST0689
TXN000602,3/22/2025,LED TV 32in,Electronics,North,Online,4,13484.06,53936.24,Net Banking,CUST0439
TXN001964,3/22/2025,Winter Jacket,Clothing,East,Online,1,2614.22,2614.22,Cash,CUST0510
TXN004335,3/22/2025,Wheat Flour 5kg,Grocery,South,Online,1,253.35,253.35,Credit Card,CUST0458
TXN001530,3/22/2025,Toor Dal 1kg,Grocery,East,Online,1,143.28,143.28,Net Banking,CUST0794
TXN002083,3/22/2025,Formal Shirt,Clothing,North,Offline,1,621.25,621.25,Credit Card,CUST0615
TXN003383,3/23/2025,Kids Hoodie,Clothing,North,Offline,2,772.88,1545.76,Net Banking,CUST0198
TXN002304,3/23/2025,Bluetooth Speaker,Electronics,North,Online,1,2700.08,2700.08,Credit Card,CUST0766
TXN000957,3/23/2025,Toor Dal 1kg,Grocery,East,Online,1,173.63,173.63,Credit Card,CUST0674
TXN005769,3/23/2025,Water Bottle,Home & Kitchen,West,Online,2,246.8,493.6,UPI,CUST0141
TXN000134,3/23/2025,Body Lotion,Beauty & Personal Care,South,Online,2,522.6,1045.2,UPI,CUST0117
TXN004318,3/23/2025,Water Bottle,Home & Kitchen,West,Online,3,267.79,803.37,UPI,CUST0659
TXN002907,3/23/2025,Basmati Rice 5kg,Grocery,North,Online,2,552.81,1105.62,Credit Card,CUST0397
TXN002408,3/23/2025,Kids Hoodie,Clothing,North,Online,3,1025.29,3075.87,UPI,CUST0068
TXN003058,3/24/2025,LED TV 32in,Electronics,North,Online,4,14763.3,59053.2,UPI,CUST0391
TXN004455,3/24/2025,Women's Kurti,Clothing,North,Online,3,640.48,1921.44,Cash,CUST0478
TXN004846,3/24/2025,Laptop Bag,Electronics,East,Offline,1,1367.07,1367.07,Credit Card,CUST0595
TXN004936,3/24/2025,Sunflower Oil 1L,Grocery,North,Online,4,156.05,624.2,UPI,CUST0519
TXN003678,3/24/2025,Wheat Flour 5kg,Grocery,North,Offline,2,316.98,633.96,Credit Card,CUST0199
TXN004244,3/24/2025,Body Lotion,Beauty & Personal Care,South,Online,2,305.85,611.7,Credit Card,CUST0680
TXN005884,3/24/2025,Perfume 100ml,Beauty & Personal Care,South,Offline,1,1652.21,1652.21,Credit Card,CUST0281
TXN001674,3/24/2025,LED Bulb Pack,Home & Kitchen,South,Online,1,370.06,370.06,UPI,CUST0438
TXN000080,3/24/2025,Laptop Bag,Electronics,South,Online,1,1207.15,1207.15,Cash,CUST0520
TXN004066,3/24/2025,Non-Stick Pan,Home & Kitchen,East,Offline,3,1026.16,3078.48,Cash,CUST0204
TXN005047,3/24/2025,Face Wash,Beauty & Personal Care,North,Online,1,401.81,401.81,Credit Card,CUST0307
TXN001564,3/24/2025,Perfume 100ml,Beauty & Personal Care,North,Online,4,722.62,2890.48,Cash,CUST0503
TXN003870,3/24/2025,Toor Dal 1kg,Grocery,East,Offline,2,138.32,276.64,UPI,CUST0314
TXN004585,3/24/2025,Perfume 100ml,Beauty & Personal Care,South,Offline,1,1260.41,1260.41,Credit Card,CUST0595
TXN003272,3/24/2025,Bluetooth Speaker,Electronics,West,Online,1,3255.34,3255.34,Credit Card,CUST0887
TXN004735,3/25/2025,Wireless Earbuds,Electronics,South,Online,3,1088.01,3264.03,UPI,CUST0179
TXN005969,3/25/2025,LED Bulb Pack,Home & Kitchen,South,Online,1,163.44,163.44,Credit Card,CUST0509
TXN002154,3/25/2025,Sunflower Oil 1L,Grocery,North,Online,2,211.4,422.8,Net Banking,CUST0262
TXN000485,3/25/2025,Denim Jeans,Clothing,West,Online,4,930.13,3720.52,UPI,CUST0558
TXN003893,3/25/2025,Bed Sheet Set,Home & Kitchen,North,Offline,1,1368.3,1368.3,UPI,CUST0056
TXN001904,3/25/2025,Laptop Bag,Electronics,South,Online,1,1650.18,1650.18,UPI,CUST0852
TXN005312,3/25/2025,Basmati Rice 5kg,Grocery,West,Online,3,450.62,1351.86,Credit Card,CUST0119
TXN002155,3/25/2025,Mixer Grinder,Home & Kitchen,South,Online,1,3675.41,3675.41,Net Banking,CUST0558
TXN003957,3/25/2025,Face Wash,Beauty & Personal Care,South,Offline,1,309.06,309.06,UPI,CUST0140
TXN001309,3/25/2025,Basmati Rice 5kg,Grocery,South,Offline,4,391.02,1564.08,UPI,CUST0265
TXN004837,3/25/2025,Power Bank 10000mAh,Electronics,South,Offline,2,1534.65,3069.3,Credit Card,CUST0534
TXN003586,3/25/2025,Toor Dal 1kg,Grocery,West,Online,3,168.18,504.54,UPI,CUST0659
TXN005847,3/25/2025,Laptop Bag,Electronics,West,Offline,2,891.52,1783.04,Net Banking,CUST0578
TXN000732,3/25/2025,Wireless Earbuds,Electronics,East,Offline,5,2658.35,13291.75,Cash,CUST0315
TXN001710,3/25/2025,Sunscreen SPF50,Beauty & Personal Care,South,Online,2,312.33,624.66,Cash,CUST0056
TXN001608,3/25/2025,Mixer Grinder,Home & Kitchen,East,Offline,1,4127.48,4127.48,UPI,CUST0402
TXN000424,3/25/2025,Non-Stick Pan,Home & Kitchen,South,Online,1,483.78,483.78,Credit Card,CUST0208
TXN002964,3/25/2025,Winter Jacket,Clothing,West,Online,2,2490.02,4980.04,UPI,CUST0242
TXN003833,3/25/2025,Women's Kurti,Clothing,South,Offline,3,1158.59,3475.77,UPI,CUST0633
TXN000460,3/25/2025,Tea Powder 500g,Grocery,West,Offline,5,313.2,1566,UPI,CUST0519
TXN003376,3/26/2025,Sunflower Oil 1L,Grocery,South,Online,5,150.86,754.3,UPI,CUST0510
TXN002867,3/26/2025,Winter Jacket,Clothing,West,Offline,2,1703.76,3407.52,Credit Card,CUST0519
TXN005736,3/26/2025,LED TV 32in,Electronics,East,Online,3,10602.69,31808.07,Cash,CUST0307
TXN000203,3/26/2025,Non-Stick Pan,Home & Kitchen,North,Offline,1,1030.82,1030.82,Credit Card,CUST0790
TXN002106,3/26/2025,Sunscreen SPF50,Beauty & Personal Care,East,Offline,2,507.81,1015.62,Credit Card,CUST0743
TXN005101,3/26/2025,Toor Dal 1kg,Grocery,North,Offline,1,113.14,113.14,UPI,CUST0550
TXN001185,3/26/2025,Non-Stick Pan,Home & Kitchen,North,Offline,3,962.07,2886.21,UPI,CUST0480
TXN001767,3/26/2025,Pressure Cooker,Home & Kitchen,North,Online,2,1974.82,3949.64,Credit Card,CUST0131
TXN003972,3/26/2025,Wireless Earbuds,Electronics,West,Online,2,3406.88,6813.76,Cash,CUST0127
TXN000738,3/26/2025,Sugar 1kg,Grocery,South,Offline,4,54.36,217.44,Net Banking,CUST0143
TXN003340,3/26/2025,LED TV 32in,Electronics,East,Online,1,13501.9,13501.9,Net Banking,CUST0304
TXN003523,3/26/2025,LED Bulb Pack,Home & Kitchen,West,Online,4,244.2,976.8,Net Banking,CUST0523
TXN002120,3/26/2025,Men's T-Shirt,Clothing,South,Offline,3,402.75,1208.25,Credit Card,CUST0700
TXN001749,3/26/2025,Toor Dal 1kg,Grocery,North,Online,2,152.88,305.76,UPI,CUST0397
TXN001566,3/26/2025,LED Bulb Pack,Home & Kitchen,West,Offline,1,271.63,271.63,UPI,CUST0193
TXN000973,3/26/2025,Bed Sheet Set,Home & Kitchen,South,Offline,3,976.43,2929.29,Net Banking,CUST0462
TXN000232,3/26/2025,Bed Sheet Set,Home & Kitchen,West,Online,4,983.18,3932.72,Credit Card,CUST0448
TXN000757,3/26/2025,Bed Sheet Set,Home & Kitchen,South,Online,2,853.03,1706.06,Cash,CUST0491
TXN001508,3/27/2025,Perfume 100ml,Beauty & Personal Care,North,Online,4,2087.34,8349.36,Net Banking,CUST0205
TXN001326,3/27/2025,Bluetooth Speaker,Electronics,West,Offline,1,1929.54,1929.54,Cash,CUST0428
TXN002471,3/27/2025,Kids Hoodie,Clothing,West,Offline,1,1198,1198,UPI,CUST0208
TXN003390,3/27/2025,Formal Shirt,Clothing,West,Offline,3,909.68,2729.04,Net Banking,CUST0717
TXN000491,3/27/2025,Sugar 1kg,Grocery,North,Offline,2,44.97,89.94,Credit Card,CUST0227
TXN005149,3/27/2025,Hair Oil,Beauty & Personal Care,West,Online,3,270.76,812.28,Credit Card,CUST0724
TXN000885,3/27/2025,Face Wash,Beauty & Personal Care,North,Online,2,278.13,556.26,UPI,CUST0560
TXN001682,3/27/2025,Sugar 1kg,Grocery,North,Offline,1,54.89,54.89,Cash,CUST0794
TXN000668,3/27/2025,Bluetooth Speaker,Electronics,East,Online,1,1561.11,1561.11,Credit Card,CUST0092
TXN000279,3/27/2025,Tea Powder 500g,Grocery,North,Online,3,199.5,598.5,UPI,CUST0678
TXN005052,3/27/2025,Bed Sheet Set,Home & Kitchen,South,Offline,1,1446.78,1446.78,Credit Card,CUST0154
TXN000309,3/27/2025,Body Lotion,Beauty & Personal Care,West,Offline,2,231.37,462.74,UPI,CUST0250
TXN005885,3/28/2025,Bluetooth Speaker,Electronics,West,Offline,2,1321.21,2642.42,UPI,CUST0646
TXN003293,3/28/2025,Sunflower Oil 1L,Grocery,East,Offline,4,216.43,865.72,Cash,CUST0452
TXN000331,3/28/2025,Non-Stick Pan,Home & Kitchen,West,Offline,3,984.12,2952.36,Credit Card,CUST0797
TXN000631,3/28/2025,Water Bottle,Home & Kitchen,West,Online,1,215.32,215.32,UPI,CUST0278
TXN001648,3/28/2025,Non-Stick Pan,Home & Kitchen,North,Offline,1,480.09,480.09,UPI,CUST0382
TXN002204,3/28/2025,Bluetooth Speaker,Electronics,South,Offline,4,3366.2,13464.8,Credit Card,CUST0399
TXN002392,3/28/2025,Bed Sheet Set,Home & Kitchen,South,Offline,1,792.82,792.82,Credit Card,CUST0784
TXN000277,3/28/2025,Bed Sheet Set,Home & Kitchen,West,Offline,2,1384.24,2768.48,UPI,CUST0693
TXN004551,3/28/2025,Basmati Rice 5kg,Grocery,East,Online,2,557.61,1115.22,Credit Card,CUST0262
TXN005692,3/28/2025,Hair Oil,Beauty & Personal Care,East,Offline,1,221.65,221.65,UPI,CUST0272
TXN003581,3/28/2025,Sugar 1kg,Grocery,North,Online,3,56.42,169.26,UPI,CUST0155
TXN003666,3/28/2025,Smartwatch,Electronics,North,Offline,2,4019.38,8038.76,Credit Card,CUST0800
TXN005974,3/28/2025,Water Bottle,Home & Kitchen,East,Online,4,379.23,1516.92,Cash,CUST0309
TXN002508,3/28/2025,Men's T-Shirt,Clothing,South,Offline,1,810.98,810.98,Cash,CUST0898
TXN004522,3/28/2025,Pressure Cooker,Home & Kitchen,North,Online,1,1991.91,1991.91,UPI,CUST0277
TXN001418,3/28/2025,Winter Jacket,Clothing,East,Online,1,2445.56,2445.56,Credit Card,CUST0367
TXN005552,3/28/2025,LED TV 32in,Electronics,North,Online,1,11488.47,11488.47,Credit Card,CUST0896
TXN005843,3/28/2025,Pressure Cooker,Home & Kitchen,East,Offline,1,2414.87,2414.87,Cash,CUST0504
TXN002740,3/29/2025,Bed Sheet Set,Home & Kitchen,South,Online,3,1064.91,3194.73,UPI,CUST0198
TXN005023,3/29/2025,Winter Jacket,Clothing,North,Online,1,3029.74,3029.74,Net Banking,CUST0166
TXN000074,3/29/2025,Tea Powder 500g,Grocery,East,Online,2,349.98,699.96,Credit Card,CUST0204
TXN002355,3/29/2025,Pressure Cooker,Home & Kitchen,South,Offline,2,994.27,1988.54,Cash,CUST0306
TXN002459,3/29/2025,LED TV 32in,Electronics,South,Offline,1,13357.04,13357.04,Credit Card,CUST0732
TXN003590,3/29/2025,Formal Shirt,Clothing,South,Online,1,1044.94,1044.94,UPI,CUST0500
TXN004248,3/29/2025,LED Bulb Pack,Home & Kitchen,North,Online,1,234.51,234.51,Credit Card,CUST0800
TXN003190,3/29/2025,Formal Shirt,Clothing,East,Online,2,711.32,1422.64,Credit Card,CUST0046
TXN003869,3/29/2025,Sugar 1kg,Grocery,South,Online,1,46.08,46.08,Cash,CUST0615
TXN005014,3/29/2025,LED TV 32in,Electronics,West,Online,1,15473.07,15473.07,Credit Card,CUST0390
TXN002981,3/29/2025,Laptop Bag,Electronics,East,Online,2,1017.43,2034.86,UPI,CUST0454
TXN005136,3/29/2025,Laptop Bag,Electronics,North,Offline,1,972.6,972.6,Cash,CUST0227
TXN000422,3/29/2025,LED TV 32in,Electronics,West,Online,1,15172.39,15172.39,Credit Card,CUST0154
TXN005905,3/29/2025,Power Bank 10000mAh,Electronics,South,Offline,4,1288.66,5154.64,Credit Card,CUST0398
TXN002847,3/29/2025,Toor Dal 1kg,Grocery,West,Offline,2,122.08,244.16,Cash,CUST0568
TXN004271,3/29/2025,Mixer Grinder,Home & Kitchen,East,Online,1,3965.19,3965.19,Cash,CUST0393
TXN000450,3/29/2025,Smartwatch,Electronics,West,Offline,4,4264.9,17059.6,Credit Card,CUST0040
TXN001791,3/30/2025,Tea Powder 500g,Grocery,West,Offline,2,158.54,317.08,Credit Card,CUST0476
TXN002592,3/30/2025,Face Wash,Beauty & Personal Care,North,Offline,2,226.47,452.94,Credit Card,CUST0526
TXN005322,3/30/2025,Sunflower Oil 1L,Grocery,North,Offline,1,172.68,172.68,Credit Card,CUST0616
TXN003541,3/30/2025,Sugar 1kg,Grocery,East,Offline,4,58.94,235.76,UPI,CUST0780
TXN001166,3/30/2025,Body Lotion,Beauty & Personal Care,North,Online,2,409.07,818.14,UPI,CUST0706
TXN001352,3/30/2025,Water Bottle,Home & Kitchen,West,Online,1,310.56,310.56,UPI,CUST0808
TXN000204,3/30/2025,Kids Hoodie,Clothing,North,Online,3,593.39,1780.17,UPI,CUST0821
TXN001316,3/30/2025,Sunscreen SPF50,Beauty & Personal Care,East,Online,1,339.87,339.87,Credit Card,CUST0274
TXN001268,3/30/2025,Non-Stick Pan,Home & Kitchen,West,Online,1,861.21,861.21,Credit Card,CUST0121
TXN000130,3/30/2025,Sunscreen SPF50,Beauty & Personal Care,West,Offline,3,523.18,1569.54,Credit Card,CUST0738
TXN001906,3/30/2025,Laptop Bag,Electronics,South,Offline,1,861.51,861.51,Credit Card,CUST0870
TXN003913,3/30/2025,Kids Hoodie,Clothing,North,Online,1,890.22,890.22,Cash,CUST0012
TXN001361,3/30/2025,Non-Stick Pan,Home & Kitchen,East,Offline,2,404.07,808.14,Credit Card,CUST0685
TXN000338,3/30/2025,Pressure Cooker,Home & Kitchen,South,Online,1,1082.77,1082.77,Cash,CUST0432
TXN001474,3/30/2025,Face Wash,Beauty & Personal Care,South,Online,3,249.99,749.97,Cash,CUST0396
TXN002164,3/31/2025,Kids Hoodie,Clothing,South,Offline,3,561,1683,Credit Card,CUST0533
TXN000585,3/31/2025,LED TV 32in,Electronics,North,Offline,4,12335.89,49343.56,Credit Card,CUST0293
TXN004273,3/31/2025,Pressure Cooker,Home & Kitchen,East,Offline,1,1025.29,1025.29,Credit Card,CUST0021
TXN001505,3/31/2025,Sugar 1kg,Grocery,South,Online,3,54.12,162.36,Cash,CUST0578
TXN002055,3/31/2025,Non-Stick Pan,Home & Kitchen,West,Online,2,768.02,1536.04,UPI,CUST0814
TXN005607,3/31/2025,Sunscreen SPF50,Beauty & Personal Care,West,Offline,3,515.68,1547.04,Credit Card,CUST0685
TXN001769,3/31/2025,Power Bank 10000mAh,Electronics,East,Offline,3,1565.23,4695.69,Credit Card,CUST0654
TXN005731,3/31/2025,Perfume 100ml,Beauty & Personal Care,West,Offline,2,1476.62,2953.24,Credit Card,CUST0385
TXN004810,3/31/2025,Non-Stick Pan,Home & Kitchen,West,Offline,1,447.64,447.64,UPI,CUST0807
TXN003048,3/31/2025,Wheat Flour 5kg,Grocery,East,Offline,3,345.42,1036.26,Net Banking,CUST0524
TXN005233,3/31/2025,Sunscreen SPF50,Beauty & Personal Care,North,Offline,5,282.38,1411.9,Net Banking,CUST0481
TXN001066,3/31/2025,Sunflower Oil 1L,Grocery,North,Online,1,201.04,201.04,Net Banking,CUST0514
TXN005823,3/31/2025,Shampoo 400ml,Beauty & Personal Care,North,Offline,2,443.3,886.6,UPI,CUST0737
TXN004873,4/1/2025,Sunflower Oil 1L,Grocery,West,Offline,2,127.22,254.44,Credit Card,CUST0243
TXN003014,4/1/2025,Men's T-Shirt,Clothing,South,Online,3,697.42,2092.26,Cash,CUST0872
TXN005953,4/1/2025,LED TV 32in,Electronics,North,Offline,2,13634.02,27268.04,UPI,CUST0807
TXN002265,4/1/2025,Sunflower Oil 1L,Grocery,East,Online,1,134.23,134.23,UPI,CUST0053
TXN002512,4/1/2025,Smartwatch,Electronics,South,Online,1,3452.63,3452.63,Net Banking,CUST0123
TXN002511,4/1/2025,Kids Hoodie,Clothing,North,Online,1,1016.11,1016.11,UPI,CUST0384
TXN000844,4/1/2025,Water Bottle,Home & Kitchen,East,Online,1,469.24,469.24,Credit Card,CUST0010
TXN003134,4/1/2025,Perfume 100ml,Beauty & Personal Care,West,Online,3,1750.02,5250.06,UPI,CUST0892
TXN002200,4/1/2025,LED Bulb Pack,Home & Kitchen,North,Offline,4,316.84,1267.36,UPI,CUST0398
TXN003529,4/1/2025,Bluetooth Speaker,Electronics,West,Online,1,3230.1,3230.1,Credit Card,CUST0173
TXN005329,4/1/2025,LED TV 32in,Electronics,South,Offline,1,10628.46,10628.46,Credit Card,CUST0694
TXN003880,4/1/2025,Toor Dal 1kg,Grocery,East,Offline,2,172.45,344.9,Credit Card,CUST0224
TXN003804,4/1/2025,Bluetooth Speaker,Electronics,East,Online,1,1875.57,1875.57,Net Banking,CUST0519
TXN005539,4/1/2025,Sunscreen SPF50,Beauty & Personal Care,West,Offline,4,553.17,2212.68,Credit Card,CUST0121
TXN003964,4/1/2025,Hair Oil,Beauty & Personal Care,North,Offline,3,119.09,357.27,UPI,CUST0306
TXN005167,4/1/2025,Bluetooth Speaker,Electronics,South,Offline,2,1539.4,3078.8,UPI,CUST0445
TXN002603,4/1/2025,Toor Dal 1kg,Grocery,West,Offline,4,164.5,658,Credit Card,CUST0897
TXN004419,4/1/2025,LED Bulb Pack,Home & Kitchen,North,Offline,1,162.18,162.18,UPI,CUST0138
TXN000587,4/1/2025,Kids Hoodie,Clothing,East,Online,3,1085.43,3256.29,Credit Card,CUST0367
TXN002105,4/2/2025,Hair Oil,Beauty & Personal Care,West,Online,3,201.56,604.68,UPI,CUST0505
TXN000123,4/2/2025,LED TV 32in,Electronics,East,Online,1,9392.83,9392.83,Credit Card,CUST0815
TXN000342,4/2/2025,Shampoo 400ml,Beauty & Personal Care,West,Online,2,197.16,394.32,Credit Card,CUST0688
TXN003570,4/2/2025,LED Bulb Pack,Home & Kitchen,West,Online,3,167.99,503.97,Cash,CUST0786
TXN003367,4/2/2025,Laptop Bag,Electronics,East,Online,4,965.32,3861.28,Cash,CUST0550
TXN001303,4/2/2025,Laptop Bag,Electronics,West,Offline,2,1357.8,2715.6,Credit Card,CUST0391
TXN003744,4/2/2025,Basmati Rice 5kg,Grocery,West,Online,2,525.34,1050.68,UPI,CUST0127
TXN002497,4/2/2025,Pressure Cooker,Home & Kitchen,East,Online,4,1804.69,7218.76,Credit Card,CUST0736
TXN000004,4/2/2025,LED Bulb Pack,Home & Kitchen,East,Online,1,244.98,244.98,UPI,CUST0511
TXN002550,4/2/2025,Denim Jeans,Clothing,East,Offline,3,1024.03,3072.09,Cash,CUST0052
TXN002341,4/2/2025,Power Bank 10000mAh,Electronics,North,Online,1,1669.3,1669.3,Net Banking,CUST0388
TXN000292,4/2/2025,Winter Jacket,Clothing,South,Online,1,2427.4,2427.4,UPI,CUST0510
TXN001131,4/3/2025,Water Bottle,Home & Kitchen,East,Offline,3,155.82,467.46,Net Banking,CUST0192
TXN005966,4/3/2025,Sunscreen SPF50,Beauty & Personal Care,South,Offline,1,680.9,680.9,UPI,CUST0273
TXN004005,4/3/2025,Wireless Earbuds,Electronics,East,Online,2,3858.46,7716.92,Net Banking,CUST0817
TXN003594,4/3/2025,LED TV 32in,Electronics,West,Offline,4,11420.42,45681.68,Credit Card,CUST0711
TXN001908,4/3/2025,Shampoo 400ml,Beauty & Personal Care,North,Online,1,362.93,362.93,UPI,CUST0155
TXN003909,4/3/2025,LED TV 32in,Electronics,East,Online,1,15533.43,15533.43,Net Banking,CUST0235
TXN000380,4/3/2025,Sugar 1kg,Grocery,East,Offline,1,49.1,49.1,UPI,CUST0451
TXN004223,4/3/2025,LED Bulb Pack,Home & Kitchen,East,Offline,3,247.51,742.53,UPI,CUST0053
TXN003106,4/3/2025,Shampoo 400ml,Beauty & Personal Care,East,Offline,2,452.47,904.94,Cash,CUST0249
TXN000370,4/3/2025,Bed Sheet Set,Home & Kitchen,East,Online,2,1773.24,3546.48,UPI,CUST0265
TXN000428,4/3/2025,Wheat Flour 5kg,Grocery,East,Online,3,223.04,669.12,UPI,CUST0706
TXN005967,4/3/2025,Wheat Flour 5kg,Grocery,East,Online,4,331.52,1326.08,UPI,CUST0365
TXN004206,4/3/2025,Mixer Grinder,Home & Kitchen,East,Offline,3,1822.29,5466.87,Credit Card,CUST0105
TXN005253,4/3/2025,Mixer Grinder,Home & Kitchen,West,Offline,1,4074.13,4074.13,UPI,CUST0051
TXN004037,4/3/2025,Hair Oil,Beauty & Personal Care,North,Offline,2,175.5,351,UPI,CUST0808
TXN005571,4/3/2025,LED Bulb Pack,Home & Kitchen,West,Offline,5,389.44,1947.2,UPI,CUST0559
TXN000968,4/3/2025,Winter Jacket,Clothing,West,Online,1,2936.14,2936.14,Credit Card,CUST0155
TXN003113,4/3/2025,Formal Shirt,Clothing,East,Online,1,852.69,852.69,Credit Card,CUST0603
TXN000270,4/4/2025,Women's Kurti,Clothing,North,Offline,2,1028.17,2056.34,UPI,CUST0262
TXN001023,4/4/2025,Wireless Earbuds,Electronics,West,Offline,2,2346.42,4692.84,Credit Card,CUST0532
TXN004888,4/4/2025,Kids Hoodie,Clothing,West,Online,1,1127.07,1127.07,Credit Card,CUST0728
TXN002183,4/4/2025,Mixer Grinder,Home & Kitchen,South,Offline,1,3816.43,3816.43,Cash,CUST0193
TXN001209,4/4/2025,Bluetooth Speaker,Electronics,North,Offline,1,2029.31,2029.31,UPI,CUST0254
TXN000792,4/4/2025,Tea Powder 500g,Grocery,East,Online,2,169.14,338.28,Credit Card,CUST0454
TXN001114,4/4/2025,Power Bank 10000mAh,Electronics,West,Online,2,1713.62,3427.24,Credit Card,CUST0135
TXN000604,4/4/2025,Toor Dal 1kg,Grocery,West,Online,1,141.14,141.14,UPI,CUST0310
TXN001438,4/4/2025,LED Bulb Pack,Home & Kitchen,East,Offline,1,210.77,210.77,Credit Card,CUST0340
TXN003827,4/4/2025,Water Bottle,Home & Kitchen,South,Offline,1,497.15,497.15,Net Banking,CUST0811
TXN005855,4/4/2025,Pressure Cooker,Home & Kitchen,East,Offline,2,1591.46,3182.92,Credit Card,CUST0002
TXN001676,4/4/2025,LED Bulb Pack,Home & Kitchen,East,Online,2,299.76,599.52,Net Banking,CUST0541
TXN001766,4/4/2025,Smartwatch,Electronics,South,Online,3,4261.94,12785.82,Cash,CUST0267
TXN004263,4/4/2025,Wireless Earbuds,Electronics,West,Online,5,3677,18385,UPI,CUST0296
TXN001888,4/4/2025,Formal Shirt,Clothing,South,Online,1,1287.1,1287.1,UPI,CUST0189
TXN000900,4/4/2025,Sugar 1kg,Grocery,West,Offline,4,58.74,234.96,Net Banking,CUST0012
TXN005901,4/4/2025,Tea Powder 500g,Grocery,South,Online,1,290.4,290.4,UPI,CUST0054
TXN005685,4/4/2025,Women's Kurti,Clothing,North,Online,2,1017.48,2034.96,Cash,CUST0572
TXN003520,4/5/2025,Sugar 1kg,Grocery,South,Online,4,55.52,222.08,Net Banking,CUST0170
TXN002339,4/5/2025,Face Wash,Beauty & Personal Care,West,Offline,2,334.31,668.62,UPI,CUST0532
TXN003876,4/5/2025,Shampoo 400ml,Beauty & Personal Care,West,Offline,3,391.44,1174.32,Net Banking,CUST0737
TXN003307,4/5/2025,Men's T-Shirt,Clothing,South,Offline,3,544.6,1633.8,UPI,CUST0513
TXN000053,4/5/2025,Laptop Bag,Electronics,South,Online,3,1404.75,4214.25,UPI,CUST0166
TXN004317,4/5/2025,Sunflower Oil 1L,Grocery,North,Offline,1,207.08,207.08,Credit Card,CUST0406
TXN005780,4/5/2025,Body Lotion,Beauty & Personal Care,East,Offline,4,349.39,1397.56,Credit Card,CUST0475
TXN002771,4/5/2025,Basmati Rice 5kg,Grocery,West,Offline,3,670.04,2010.12,Credit Card,CUST0227
TXN003351,4/5/2025,LED Bulb Pack,Home & Kitchen,West,Online,2,265.18,530.36,Credit Card,CUST0352
TXN000382,4/5/2025,Smartwatch,Electronics,South,Online,1,1993.12,1993.12,Net Banking,CUST0612
TXN005749,4/5/2025,Kids Hoodie,Clothing,East,Online,2,890.79,1781.58,UPI,CUST0582
TXN000007,4/5/2025,Denim Jeans,Clothing,South,Offline,1,1434.77,1434.77,Net Banking,CUST0726
TXN003726,4/5/2025,Perfume 100ml,Beauty & Personal Care,North,Offline,3,1497.17,4491.51,UPI,CUST0582
TXN005380,4/5/2025,Basmati Rice 5kg,Grocery,West,Online,4,369.39,1477.56,UPI,CUST0187
TXN000540,4/5/2025,Tea Powder 500g,Grocery,West,Offline,2,263.11,526.22,Credit Card,CUST0575
TXN001287,4/5/2025,Mixer Grinder,Home & Kitchen,West,Offline,2,1838.8,3677.6,Net Banking,CUST0778
TXN000414,4/5/2025,Bluetooth Speaker,Electronics,East,Offline,1,2410.48,2410.48,Credit Card,CUST0726
TXN001698,4/5/2025,Water Bottle,Home & Kitchen,East,Offline,3,300.96,902.88,Cash,CUST0448
TXN004021,4/6/2025,Formal Shirt,Clothing,West,Online,3,1262.8,3788.4,Credit Card,CUST0848
TXN002478,4/6/2025,Laptop Bag,Electronics,South,Offline,3,1168.23,3504.69,Credit Card,CUST0183
TXN003425,4/6/2025,Men's T-Shirt,Clothing,South,Online,2,888.64,1777.28,Credit Card,CUST0720
TXN004654,4/6/2025,Smartwatch,Electronics,North,Offline,4,2321.64,9286.56,Credit Card,CUST0530
TXN000240,4/6/2025,Face Wash,Beauty & Personal Care,East,Online,5,317.35,1586.75,Cash,CUST0519
TXN004507,4/6/2025,Tea Powder 500g,Grocery,East,Online,1,196.88,196.88,Credit Card,CUST0861
TXN004999,4/6/2025,Face Wash,Beauty & Personal Care,East,Online,2,310.21,620.42,UPI,CUST0848
TXN002434,4/6/2025,Kids Hoodie,Clothing,South,Offline,5,630.66,3153.3,Net Banking,CUST0187
TXN002622,4/6/2025,Wireless Earbuds,Electronics,West,Online,1,2362.01,2362.01,Cash,CUST0428
TXN004378,4/6/2025,Sugar 1kg,Grocery,South,Online,1,49.68,49.68,Net Banking,CUST0305
TXN003012,4/6/2025,Smartwatch,Electronics,South,Online,4,3787.62,15150.48,UPI,CUST0250
TXN005779,4/6/2025,Shampoo 400ml,Beauty & Personal Care,North,Online,1,396.4,396.4,UPI,CUST0494
TXN004140,4/7/2025,Body Lotion,Beauty & Personal Care,West,Offline,1,465.01,465.01,Cash,CUST0815
TXN004043,4/7/2025,Women's Kurti,Clothing,East,Offline,5,763.5,3817.5,Credit Card,CUST0756
TXN003449,4/7/2025,Sunflower Oil 1L,Grocery,North,Offline,1,200.85,200.85,Credit Card,CUST0736
TXN000386,4/7/2025,LED TV 32in,Electronics,South,Offline,1,12197.22,12197.22,Credit Card,CUST0470
TXN005084,4/7/2025,Tea Powder 500g,Grocery,West,Offline,2,262.09,524.18,UPI,CUST0046
TXN004333,4/7/2025,Mixer Grinder,Home & Kitchen,North,Online,1,2564.17,2564.17,Credit Card,CUST0610
TXN003174,4/7/2025,Water Bottle,Home & Kitchen,East,Offline,1,447.2,447.2,Credit Card,CUST0524
TXN000639,4/7/2025,Non-Stick Pan,Home & Kitchen,West,Offline,3,1112.34,3337.02,Cash,CUST0177
TXN000208,4/7/2025,Denim Jeans,Clothing,West,Offline,1,974.27,974.27,Net Banking,CUST0676
TXN005447,4/7/2025,Face Wash,Beauty & Personal Care,East,Online,1,302.07,302.07,Cash,CUST0251
TXN005402,4/7/2025,Men's T-Shirt,Clothing,South,Offline,4,888.82,3555.28,UPI,CUST0405
TXN004482,4/7/2025,Denim Jeans,Clothing,South,Online,1,1659.87,1659.87,UPI,CUST0456
TXN001113,4/7/2025,LED Bulb Pack,Home & Kitchen,South,Offline,3,308.74,926.22,Credit Card,CUST0807
TXN005888,4/7/2025,Laptop Bag,Electronics,South,Online,2,728.78,1457.56,Cash,CUST0718
TXN001513,4/8/2025,Bed Sheet Set,Home & Kitchen,East,Offline,2,724.66,1449.32,UPI,CUST0445
TXN000739,4/8/2025,Laptop Bag,Electronics,East,Offline,1,953.02,953.02,Cash,CUST0892
TXN000043,4/8/2025,Pressure Cooker,Home & Kitchen,East,Online,4,1772.94,7091.76,Net Banking,CUST0552
TXN002784,4/8/2025,Perfume 100ml,Beauty & Personal Care,East,Offline,1,1226.89,1226.89,Credit Card,CUST0227
TXN005916,4/8/2025,Pressure Cooker,Home & Kitchen,South,Offline,2,1006.45,2012.9,Credit Card,CUST0126
TXN000288,4/8/2025,Hair Oil,Beauty & Personal Care,East,Online,2,330.56,661.12,Credit Card,CUST0066
TXN004180,4/8/2025,Water Bottle,Home & Kitchen,East,Online,1,285.92,285.92,Credit Card,CUST0396
TXN003182,4/8/2025,Pressure Cooker,Home & Kitchen,West,Online,1,993.37,993.37,Net Banking,CUST0224
TXN002401,4/8/2025,Winter Jacket,Clothing,North,Offline,4,1525.37,6101.48,UPI,CUST0398
TXN000141,4/8/2025,Water Bottle,Home & Kitchen,East,Online,5,161.45,807.25,Cash,CUST0481
TXN002092,4/8/2025,Non-Stick Pan,Home & Kitchen,East,Offline,1,481.98,481.98,UPI,CUST0716
TXN003332,4/8/2025,Sugar 1kg,Grocery,South,Online,3,58.24,174.72,Credit Card,CUST0496
TXN002976,4/8/2025,Sunflower Oil 1L,Grocery,East,Online,1,214.28,214.28,Credit Card,CUST0390
TXN004339,4/8/2025,Bluetooth Speaker,Electronics,West,Offline,1,2289.39,2289.39,Credit Card,CUST0039
TXN005501,4/8/2025,Face Wash,Beauty & Personal Care,South,Online,1,409.68,409.68,UPI,CUST0582
TXN001945,4/8/2025,Basmati Rice 5kg,Grocery,West,Offline,2,360.71,721.42,Credit Card,CUST0508
TXN001800,4/8/2025,Laptop Bag,Electronics,East,Online,3,1636.92,4910.76,UPI,CUST0685
TXN001015,4/8/2025,Body Lotion,Beauty & Personal Care,West,Offline,5,249.91,1249.55,UPI,CUST0410
TXN004389,4/8/2025,Sunflower Oil 1L,Grocery,North,Online,1,182.96,182.96,UPI,CUST0093
TXN002782,4/9/2025,Face Wash,Beauty & Personal Care,South,Offline,1,220.26,220.26,Credit Card,CUST0120
TXN000822,4/9/2025,LED Bulb Pack,Home & Kitchen,North,Offline,3,206.7,620.1,Credit Card,CUST0117
TXN003762,4/9/2025,Bed Sheet Set,Home & Kitchen,North,Online,1,1098.82,1098.82,UPI,CUST0524
TXN000215,4/9/2025,Wheat Flour 5kg,Grocery,West,Online,2,342.32,684.64,UPI,CUST0519
TXN005457,4/9/2025,Kids Hoodie,Clothing,East,Offline,2,658.54,1317.08,UPI,CUST0482
TXN004304,4/9/2025,Shampoo 400ml,Beauty & Personal Care,East,Offline,1,380.43,380.43,Net Banking,CUST0628
TXN000378,4/9/2025,Smartwatch,Electronics,West,Online,3,2888.84,8666.52,UPI,CUST0885
TXN003694,4/9/2025,Body Lotion,Beauty & Personal Care,West,Online,1,205.36,205.36,Net Banking,CUST0279
TXN004113,4/9/2025,Women's Kurti,Clothing,South,Online,1,671.83,671.83,Net Banking,CUST0479
TXN001494,4/9/2025,Sugar 1kg,Grocery,North,Online,1,52.28,52.28,UPI,CUST0138
TXN003772,4/9/2025,Bluetooth Speaker,Electronics,East,Online,4,1860.03,7440.12,Credit Card,CUST0786
TXN001431,4/9/2025,Basmati Rice 5kg,Grocery,East,Online,1,464.03,464.03,UPI,CUST0243
TXN002803,4/9/2025,LED TV 32in,Electronics,East,Online,1,15181.29,15181.29,UPI,CUST0281
TXN001842,4/9/2025,Wheat Flour 5kg,Grocery,East,Online,2,255.99,511.98,UPI,CUST0216
TXN002613,4/9/2025,Tea Powder 500g,Grocery,West,Offline,1,307.09,307.09,Credit Card,CUST0870
TXN000384,4/9/2025,Mixer Grinder,Home & Kitchen,West,Online,1,2010.3,2010.3,UPI,CUST0009
TXN004722,4/9/2025,Shampoo 400ml,Beauty & Personal Care,East,Online,4,333.91,1335.64,Net Banking,CUST0808
TXN002442,4/9/2025,Body Lotion,Beauty & Personal Care,West,Offline,1,257.04,257.04,Credit Card,CUST0509
TXN003090,4/9/2025,Toor Dal 1kg,Grocery,East,Offline,1,136.31,136.31,Credit Card,CUST0777
TXN001532,4/10/2025,Pressure Cooker,Home & Kitchen,North,Online,3,1304.12,3912.36,Cash,CUST0736
TXN003268,4/10/2025,Women's Kurti,Clothing,East,Online,4,1430.53,5722.12,Net Banking,CUST0090
TXN001005,4/10/2025,Sugar 1kg,Grocery,West,Online,1,59.36,59.36,UPI,CUST0662
TXN003256,4/10/2025,Wireless Earbuds,Electronics,South,Offline,2,3619.38,7238.76,UPI,CUST0012
TXN005588,4/10/2025,Mixer Grinder,Home & Kitchen,South,Online,1,4037.41,4037.41,UPI,CUST0359
TXN002986,4/10/2025,Smartwatch,Electronics,East,Offline,2,1914.13,3828.26,Credit Card,CUST0827
TXN002531,4/10/2025,LED TV 32in,Electronics,North,Offline,1,9364.83,9364.83,UPI,CUST0510
TXN001890,4/10/2025,Women's Kurti,Clothing,North,Offline,4,1309.58,5238.32,Credit Card,CUST0893
TXN005132,4/10/2025,Women's Kurti,Clothing,West,Online,2,997.85,1995.7,Net Banking,CUST0325
TXN002436,4/10/2025,Men's T-Shirt,Clothing,East,Offline,2,543.4,1086.8,UPI,CUST0663
TXN005636,4/10/2025,Perfume 100ml,Beauty & Personal Care,West,Online,2,2295.66,4591.32,UPI,CUST0241
TXN002254,4/10/2025,LED Bulb Pack,Home & Kitchen,North,Offline,5,393.13,1965.65,Credit Card,CUST0395
TXN001878,4/10/2025,Non-Stick Pan,Home & Kitchen,South,Online,1,554.08,554.08,Credit Card,CUST0157
TXN004169,4/10/2025,Smartwatch,Electronics,South,Offline,1,4076.3,4076.3,Net Banking,CUST0814
TXN003225,4/10/2025,LED TV 32in,Electronics,East,Offline,1,10704.63,10704.63,Credit Card,CUST0708
TXN004315,4/10/2025,Denim Jeans,Clothing,South,Online,1,1961.81,1961.81,UPI,CUST0366
TXN004370,4/10/2025,Laptop Bag,Electronics,South,Online,1,1008.4,1008.4,Net Banking,CUST0274
TXN004277,4/10/2025,LED Bulb Pack,Home & Kitchen,East,Offline,5,281.24,1406.2,Credit Card,CUST0790
TXN000195,4/10/2025,Smartwatch,Electronics,South,Offline,1,3465.11,3465.11,Net Banking,CUST0220
TXN003117,4/10/2025,Bed Sheet Set,Home & Kitchen,North,Online,1,1234,1234,UPI,CUST0790
TXN003577,4/10/2025,Sugar 1kg,Grocery,East,Offline,1,54.96,54.96,Credit Card,CUST0390
TXN002822,4/10/2025,Women's Kurti,Clothing,East,Offline,1,653.96,653.96,Credit Card,CUST0745
TXN004023,4/10/2025,Water Bottle,Home & Kitchen,West,Offline,3,182.39,547.17,UPI,CUST0521
TXN005986,4/10/2025,Wheat Flour 5kg,Grocery,North,Online,1,285.98,285.98,Net Banking,CUST0826
TXN001615,4/10/2025,LED Bulb Pack,Home & Kitchen,East,Offline,3,223.7,671.1,Credit Card,CUST0533
TXN002409,4/11/2025,Winter Jacket,Clothing,North,Offline,1,2459.22,2459.22,UPI,CUST0341
TXN003109,4/11/2025,Sunscreen SPF50,Beauty & Personal Care,West,Offline,1,558.39,558.39,Credit Card,CUST0578
TXN000389,4/11/2025,Body Lotion,Beauty & Personal Care,North,Offline,1,503.57,503.57,Credit Card,CUST0035
TXN002586,4/11/2025,Mixer Grinder,Home & Kitchen,North,Online,3,3694.04,11082.12,UPI,CUST0519
TXN005482,4/11/2025,Men's T-Shirt,Clothing,North,Online,4,661.64,2646.56,Cash,CUST0476
TXN001156,4/11/2025,Men's T-Shirt,Clothing,East,Online,2,403.49,806.98,Credit Card,CUST0572
TXN000188,4/11/2025,Sunscreen SPF50,Beauty & Personal Care,South,Online,3,308.97,926.91,Credit Card,CUST0158
TXN001014,4/11/2025,Laptop Bag,Electronics,East,Offline,2,1023.59,2047.18,UPI,CUST0338
TXN005363,4/11/2025,Kids Hoodie,Clothing,East,Offline,1,753.56,753.56,Cash,CUST0151
TXN002286,4/11/2025,Sunflower Oil 1L,Grocery,West,Offline,1,212.05,212.05,Credit Card,CUST0479
TXN005589,4/11/2025,Bed Sheet Set,Home & Kitchen,South,Online,1,1150.94,1150.94,Cash,CUST0391
TXN002696,4/11/2025,Laptop Bag,Electronics,East,Offline,3,1659.96,4979.88,Cash,CUST0546
TXN002989,4/11/2025,Basmati Rice 5kg,Grocery,East,Offline,2,369.82,739.64,Credit Card,CUST0535
TXN002543,4/11/2025,Formal Shirt,Clothing,West,Online,1,744.34,744.34,Cash,CUST0199
TXN001947,4/11/2025,Mixer Grinder,Home & Kitchen,West,Offline,1,2683.29,2683.29,Credit Card,CUST0706
TXN005460,4/11/2025,Water Bottle,Home & Kitchen,East,Offline,3,235.21,705.63,Credit Card,CUST0576
TXN005665,4/11/2025,Men's T-Shirt,Clothing,South,Offline,2,875.13,1750.26,UPI,CUST0147
TXN000311,4/11/2025,Basmati Rice 5kg,Grocery,North,Offline,1,543.56,543.56,Cash,CUST0394
TXN001920,4/12/2025,Kids Hoodie,Clothing,East,Online,3,546.95,1640.85,UPI,CUST0325
TXN004486,4/12/2025,Toor Dal 1kg,Grocery,North,Offline,1,134.26,134.26,Net Banking,CUST0465
TXN005771,4/12/2025,LED Bulb Pack,Home & Kitchen,West,Offline,1,304.87,304.87,Net Banking,CUST0314
TXN002007,4/12/2025,Mixer Grinder,Home & Kitchen,East,Offline,1,4438.58,4438.58,Credit Card,CUST0869
TXN003936,4/12/2025,Formal Shirt,Clothing,South,Online,3,1307.44,3922.32,Cash,CUST0082
TXN001178,4/12/2025,Pressure Cooker,Home & Kitchen,East,Online,1,1102.19,1102.19,UPI,CUST0412
TXN005458,4/12/2025,Sugar 1kg,Grocery,West,Offline,1,48.76,48.76,Credit Card,CUST0416
TXN001304,4/12/2025,Women's Kurti,Clothing,North,Online,3,1226.31,3678.93,Credit Card,CUST0044
TXN005938,4/12/2025,LED TV 32in,Electronics,North,Online,4,13132.22,52528.88,Credit Card,CUST0532
TXN004684,4/12/2025,Smartwatch,Electronics,West,Offline,1,4789.3,4789.3,UPI,CUST0612
TXN003296,4/12/2025,Tea Powder 500g,Grocery,West,Online,2,294.69,589.38,Credit Card,CUST0181
TXN004900,4/12/2025,Laptop Bag,Electronics,North,Online,2,1735.58,3471.16,Credit Card,CUST0155
TXN002491,4/12/2025,Men's T-Shirt,Clothing,East,Offline,1,509.46,509.46,Cash,CUST0293
TXN003469,4/12/2025,Mixer Grinder,Home & Kitchen,South,Offline,2,2885.31,5770.62,UPI,CUST0155
TXN002340,4/12/2025,Wireless Earbuds,Electronics,South,Online,3,2664.98,7994.94,Cash,CUST0497
TXN005654,4/12/2025,Sunscreen SPF50,Beauty & Personal Care,East,Online,5,482.33,2411.65,Cash,CUST0008
TXN003100,4/12/2025,Men's T-Shirt,Clothing,North,Online,2,659.87,1319.74,Cash,CUST0155
TXN002051,4/12/2025,Perfume 100ml,Beauty & Personal Care,West,Online,2,2294.43,4588.86,Credit Card,CUST0737
TXN004726,4/13/2025,Denim Jeans,Clothing,North,Online,3,1034.82,3104.46,Credit Card,CUST0752
TXN003945,4/13/2025,Wireless Earbuds,Electronics,East,Online,1,2272.17,2272.17,UPI,CUST0173
TXN005993,4/13/2025,LED Bulb Pack,Home & Kitchen,North,Offline,3,161.12,483.36,Credit Card,CUST0824
TXN000073,4/13/2025,Mixer Grinder,Home & Kitchen,East,Online,1,3855.32,3855.32,Credit Card,CUST0647
TXN004424,4/13/2025,Smartwatch,Electronics,West,Offline,2,2058.64,4117.28,UPI,CUST0898
TXN001046,4/13/2025,Women's Kurti,Clothing,East,Offline,1,1177.45,1177.45,Net Banking,CUST0470
TXN001637,4/13/2025,Water Bottle,Home & Kitchen,South,Online,1,219.52,219.52,Credit Card,CUST0655
TXN000633,4/13/2025,Winter Jacket,Clothing,West,Online,1,2667.46,2667.46,Cash,CUST0625
TXN001449,4/13/2025,Hair Oil,Beauty & Personal Care,East,Offline,1,262.35,262.35,UPI,CUST0519
TXN002658,4/13/2025,Mixer Grinder,Home & Kitchen,North,Online,3,2112.36,6337.08,Cash,CUST0446
TXN003149,4/13/2025,Kids Hoodie,Clothing,West,Online,3,831.79,2495.37,Credit Card,CUST0758
TXN004954,4/13/2025,Sugar 1kg,Grocery,North,Online,2,58.18,116.36,UPI,CUST0770
TXN003956,4/13/2025,Bed Sheet Set,Home & Kitchen,South,Online,3,1329.51,3988.53,UPI,CUST0184
TXN004064,4/13/2025,Basmati Rice 5kg,Grocery,West,Online,1,424.96,424.96,Credit Card,CUST0662
TXN004629,4/13/2025,Wireless Earbuds,Electronics,South,Offline,5,2914.7,14573.5,Credit Card,CUST0399
TXN001903,4/13/2025,Bluetooth Speaker,Electronics,West,Online,4,3156.35,12625.4,Credit Card,CUST0839
TXN001405,4/13/2025,Men's T-Shirt,Clothing,South,Online,1,664.88,664.88,UPI,CUST0826
TXN001594,4/13/2025,Tea Powder 500g,Grocery,South,Online,2,185.08,370.16,Credit Card,CUST0360
TXN002654,4/13/2025,Winter Jacket,Clothing,East,Online,3,2341.24,7023.72,UPI,CUST0461
TXN003989,4/14/2025,Shampoo 400ml,Beauty & Personal Care,West,Online,2,405.57,811.14,Credit Card,CUST0027
TXN003108,4/14/2025,Winter Jacket,Clothing,East,Online,1,3280.57,3280.57,UPI,CUST0382
TXN003265,4/14/2025,Kids Hoodie,Clothing,North,Online,2,988.12,1976.24,UPI,CUST0526
TXN000276,4/14/2025,Women's Kurti,Clothing,South,Offline,1,1492.86,1492.86,UPI,CUST0481
TXN003677,4/14/2025,Basmati Rice 5kg,Grocery,East,Online,3,361.55,1084.65,Cash,CUST0384
TXN000838,4/14/2025,Mixer Grinder,Home & Kitchen,North,Offline,1,2302.22,2302.22,UPI,CUST0187
TXN000117,4/14/2025,Formal Shirt,Clothing,West,Offline,1,1072.98,1072.98,Cash,CUST0175
TXN002955,4/14/2025,Sunscreen SPF50,Beauty & Personal Care,North,Online,1,344.05,344.05,UPI,CUST0566
TXN001031,4/14/2025,Sugar 1kg,Grocery,North,Online,2,45.9,91.8,UPI,CUST0509
TXN004910,4/14/2025,Kids Hoodie,Clothing,North,Offline,1,769.38,769.38,Cash,CUST0389
TXN002958,4/14/2025,Face Wash,Beauty & Personal Care,East,Online,1,441.25,441.25,UPI,CUST0490
TXN001435,4/14/2025,Sunscreen SPF50,Beauty & Personal Care,West,Online,1,576.82,576.82,UPI,CUST0113
TXN005303,4/14/2025,Wheat Flour 5kg,Grocery,East,Offline,4,324.38,1297.52,UPI,CUST0814
TXN004540,4/14/2025,Sunflower Oil 1L,Grocery,South,Online,3,155.41,466.23,Credit Card,CUST0752
TXN005442,4/14/2025,Sunscreen SPF50,Beauty & Personal Care,West,Online,4,450.38,1801.52,Net Banking,CUST0548
TXN000514,4/14/2025,Mixer Grinder,Home & Kitchen,West,Offline,2,1926.85,3853.7,UPI,CUST0054
TXN000774,4/15/2025,Bed Sheet Set,Home & Kitchen,West,Offline,1,871.02,871.02,UPI,CUST0718
TXN001543,4/15/2025,Power Bank 10000mAh,Electronics,East,Online,1,802.14,802.14,Credit Card,CUST0679
TXN001229,4/15/2025,Non-Stick Pan,Home & Kitchen,North,Online,1,479.78,479.78,UPI,CUST0788
TXN000731,4/15/2025,Perfume 100ml,Beauty & Personal Care,West,Online,2,2453.01,4906.02,UPI,CUST0675
TXN005259,4/15/2025,Women's Kurti,Clothing,West,Online,1,674.15,674.15,Net Banking,CUST0130
TXN004258,4/15/2025,Hair Oil,Beauty & Personal Care,East,Online,5,124.31,621.55,UPI,CUST0676
TXN003508,4/15/2025,Wireless Earbuds,Electronics,North,Offline,2,3561.35,7122.7,Cash,CUST0138
TXN002671,4/15/2025,Power Bank 10000mAh,Electronics,South,Offline,5,1567.72,7838.6,Net Banking,CUST0280
TXN005467,4/15/2025,Non-Stick Pan,Home & Kitchen,North,Offline,2,1110.07,2220.14,Net Banking,CUST0325
TXN003416,4/15/2025,Kids Hoodie,Clothing,South,Offline,1,1154.53,1154.53,UPI,CUST0170
TXN001116,4/15/2025,Hair Oil,Beauty & Personal Care,South,Offline,3,261.1,783.3,Credit Card,CUST0384
TXN004580,4/16/2025,Men's T-Shirt,Clothing,East,Offline,5,718.14,3590.7,UPI,CUST0273
TXN002086,4/16/2025,Shampoo 400ml,Beauty & Personal Care,West,Online,3,424.08,1272.24,UPI,CUST0861
TXN001071,4/16/2025,Shampoo 400ml,Beauty & Personal Care,East,Offline,1,202.24,202.24,Cash,CUST0026
TXN001335,4/16/2025,Kids Hoodie,Clothing,East,Offline,1,651.29,651.29,Credit Card,CUST0571
TXN004824,4/16/2025,Non-Stick Pan,Home & Kitchen,East,Online,3,738.07,2214.21,Cash,CUST0136
TXN001748,4/16/2025,Laptop Bag,Electronics,North,Online,2,1285.79,2571.58,UPI,CUST0453
TXN001928,4/16/2025,Women's Kurti,Clothing,South,Offline,1,965.09,965.09,Credit Card,CUST0092
TXN002657,4/16/2025,Non-Stick Pan,Home & Kitchen,West,Offline,1,920.53,920.53,Cash,CUST0250
TXN005927,4/16/2025,Bed Sheet Set,Home & Kitchen,East,Offline,2,1697.43,3394.86,Net Banking,CUST0189
TXN001069,4/16/2025,Hair Oil,Beauty & Personal Care,North,Online,4,115.93,463.72,Cash,CUST0306
TXN003861,4/16/2025,LED TV 32in,Electronics,North,Online,4,11983.91,47935.64,Cash,CUST0442
TXN001582,4/16/2025,Bluetooth Speaker,Electronics,South,Offline,2,2281.48,4562.96,Cash,CUST0783
TXN004687,4/16/2025,Laptop Bag,Electronics,West,Offline,2,1282.66,2565.32,UPI,CUST0394
TXN001655,4/16/2025,LED Bulb Pack,Home & Kitchen,North,Online,1,376.5,376.5,Net Banking,CUST0070
TXN005868,4/16/2025,Power Bank 10000mAh,Electronics,South,Offline,2,782.76,1565.52,Credit Card,CUST0222
TXN002317,4/16/2025,Face Wash,Beauty & Personal Care,East,Online,2,412.24,824.48,UPI,CUST0156
TXN002111,4/17/2025,Pressure Cooker,Home & Kitchen,West,Offline,1,2233.94,2233.94,Credit Card,CUST0489
TXN001830,4/17/2025,Wireless Earbuds,Electronics,East,Offline,1,3835.06,3835.06,Net Banking,CUST0442
TXN002772,4/17/2025,Men's T-Shirt,Clothing,West,Offline,4,794.07,3176.28,UPI,CUST0051
TXN004272,4/17/2025,Perfume 100ml,Beauty & Personal Care,South,Offline,2,1880.48,3760.96,UPI,CUST0500
TXN002758,4/17/2025,Perfume 100ml,Beauty & Personal Care,South,Online,3,2292.33,6876.99,Credit Card,CUST0465
TXN001739,4/17/2025,Mixer Grinder,Home & Kitchen,East,Offline,1,2417.34,2417.34,Cash,CUST0846
TXN003178,4/17/2025,Wireless Earbuds,Electronics,East,Online,1,2951.86,2951.86,UPI,CUST0253
TXN001753,4/17/2025,Sunflower Oil 1L,Grocery,South,Online,3,164.39,493.17,Cash,CUST0341
TXN002309,4/17/2025,LED Bulb Pack,Home & Kitchen,North,Offline,3,301.69,905.07,Credit Card,CUST0402
TXN004856,4/17/2025,Winter Jacket,Clothing,South,Offline,1,1995.57,1995.57,UPI,CUST0359
TXN002715,4/17/2025,Sunscreen SPF50,Beauty & Personal Care,North,Offline,3,528,1584,UPI,CUST0338
TXN002923,4/17/2025,Water Bottle,Home & Kitchen,South,Online,1,361.69,361.69,Credit Card,CUST0718
TXN001731,4/18/2025,Basmati Rice 5kg,Grocery,South,Offline,1,411.97,411.97,Net Banking,CUST0536
TXN005792,4/18/2025,Winter Jacket,Clothing,South,Offline,1,1442.19,1442.19,UPI,CUST0205
TXN003291,4/18/2025,Laptop Bag,Electronics,West,Online,2,1204.75,2409.5,UPI,CUST0672
TXN002062,4/18/2025,Mixer Grinder,Home & Kitchen,East,Offline,2,1910.1,3820.2,Credit Card,CUST0314
TXN000615,4/18/2025,Sunflower Oil 1L,Grocery,West,Online,1,193.71,193.71,Cash,CUST0187
TXN003813,4/18/2025,Smartwatch,Electronics,East,Online,3,5653.13,16959.39,Credit Card,CUST0242
TXN001198,4/18/2025,Water Bottle,Home & Kitchen,North,Online,4,325.65,1302.6,UPI,CUST0537
TXN004199,4/18/2025,Kids Hoodie,Clothing,West,Offline,1,584.67,584.67,Cash,CUST0391
TXN002861,4/18/2025,Wheat Flour 5kg,Grocery,North,Offline,4,307.31,1229.24,Credit Card,CUST0116
TXN000202,4/18/2025,Body Lotion,Beauty & Personal Care,East,Online,5,421.66,2108.3,UPI,CUST0863
TXN001176,4/18/2025,Body Lotion,Beauty & Personal Care,North,Offline,1,578.6,578.6,Net Banking,CUST0777
TXN004990,4/18/2025,Face Wash,Beauty & Personal Care,North,Online,2,259.38,518.76,UPI,CUST0412
TXN000308,4/18/2025,Kids Hoodie,Clothing,South,Offline,2,896.69,1793.38,Credit Card,CUST0407
TXN000030,4/18/2025,Winter Jacket,Clothing,West,Online,1,2071.64,2071.64,Cash,CUST0243
TXN001073,4/18/2025,Tea Powder 500g,Grocery,West,Offline,1,298.63,298.63,Credit Card,CUST0250
TXN004447,4/18/2025,Men's T-Shirt,Clothing,South,Offline,1,450.4,450.4,UPI,CUST0012
TXN001982,4/18/2025,Sunscreen SPF50,Beauty & Personal Care,North,Online,2,263.41,526.82,Net Banking,CUST0760
TXN002681,4/18/2025,Denim Jeans,Clothing,North,Online,3,1464.54,4393.62,UPI,CUST0442
TXN003632,4/18/2025,Wheat Flour 5kg,Grocery,South,Offline,1,281.26,281.26,Credit Card,CUST0192
TXN004204,4/18/2025,Denim Jeans,Clothing,East,Online,1,1958.93,1958.93,Credit Card,CUST0305
TXN003841,4/18/2025,Smartwatch,Electronics,South,Online,1,4864.89,4864.89,UPI,CUST0628
TXN001480,4/19/2025,Non-Stick Pan,Home & Kitchen,East,Offline,1,988.7,988.7,UPI,CUST0714
TXN000184,4/19/2025,Basmati Rice 5kg,Grocery,North,Online,5,594.47,2972.35,Credit Card,CUST0786
TXN004407,4/19/2025,Power Bank 10000mAh,Electronics,West,Offline,1,1334.2,1334.2,Cash,CUST0438
TXN004451,4/19/2025,Hair Oil,Beauty & Personal Care,South,Online,5,189.37,946.85,Cash,CUST0648
TXN002889,4/19/2025,Water Bottle,Home & Kitchen,South,Online,3,160.41,481.23,Cash,CUST0116
TXN003339,4/19/2025,Bluetooth Speaker,Electronics,East,Offline,1,2680.62,2680.62,Credit Card,CUST0612
TXN002977,4/19/2025,Perfume 100ml,Beauty & Personal Care,North,Online,2,2183.88,4367.76,Net Banking,CUST0159
TXN001572,4/19/2025,Power Bank 10000mAh,Electronics,South,Offline,1,1289.19,1289.19,UPI,CUST0854
TXN002258,4/19/2025,Sunflower Oil 1L,Grocery,North,Online,1,192.62,192.62,Net Banking,CUST0061
TXN005242,4/19/2025,Perfume 100ml,Beauty & Personal Care,West,Online,1,1694.22,1694.22,Net Banking,CUST0329
TXN003740,4/19/2025,Toor Dal 1kg,Grocery,West,Offline,4,172.59,690.36,Cash,CUST0721
TXN002643,4/19/2025,Wireless Earbuds,Electronics,South,Online,4,2521.52,10086.08,Cash,CUST0140
TXN003663,4/19/2025,Bed Sheet Set,Home & Kitchen,South,Online,5,1291.36,6456.8,Credit Card,CUST0786
TXN005444,4/19/2025,Sugar 1kg,Grocery,West,Offline,3,55.74,167.22,Credit Card,CUST0735
TXN002725,4/19/2025,Formal Shirt,Clothing,West,Offline,1,1560.97,1560.97,Credit Card,CUST0239
TXN005453,4/19/2025,Sugar 1kg,Grocery,North,Online,2,57.57,115.14,Credit Card,CUST0036
TXN004518,4/19/2025,Shampoo 400ml,Beauty & Personal Care,South,Online,2,256.3,512.6,Net Banking,CUST0281
TXN005056,4/19/2025,Tea Powder 500g,Grocery,South,Online,4,301.8,1207.2,UPI,CUST0533
TXN003894,4/19/2025,Toor Dal 1kg,Grocery,East,Offline,5,117.64,588.2,UPI,CUST0268
TXN000727,4/19/2025,Bed Sheet Set,Home & Kitchen,East,Online,2,1695.43,3390.86,Net Banking,CUST0193
TXN004006,4/19/2025,Perfume 100ml,Beauty & Personal Care,North,Offline,2,1119.12,2238.24,Cash,CUST0155
TXN005340,4/19/2025,Wireless Earbuds,Electronics,South,Online,2,3400,6800,Credit Card,CUST0797
TXN000952,4/19/2025,Bed Sheet Set,Home & Kitchen,West,Offline,1,1283.32,1283.32,UPI,CUST0726
TXN003846,4/19/2025,Denim Jeans,Clothing,North,Online,1,1745.58,1745.58,Credit Card,CUST0053
TXN001370,4/20/2025,Formal Shirt,Clothing,West,Online,2,893.34,1786.68,UPI,CUST0465
TXN002972,4/20/2025,Non-Stick Pan,Home & Kitchen,East,Online,1,1050.08,1050.08,Cash,CUST0177
TXN004945,4/20/2025,Mixer Grinder,Home & Kitchen,East,Offline,1,3066.54,3066.54,Credit Card,CUST0779
TXN002439,4/20/2025,Sunflower Oil 1L,Grocery,West,Online,2,205.72,411.44,Cash,CUST0521
TXN005815,4/20/2025,Pressure Cooker,Home & Kitchen,South,Offline,3,2137.12,6411.36,Cash,CUST0764
TXN003245,4/20/2025,Wireless Earbuds,Electronics,North,Online,1,3071.02,3071.02,Cash,CUST0812
TXN000682,4/20/2025,Mixer Grinder,Home & Kitchen,West,Offline,3,3744.54,11233.62,UPI,CUST0365
TXN004261,4/20/2025,Perfume 100ml,Beauty & Personal Care,West,Online,5,1751.26,8756.3,Cash,CUST0532
TXN002596,4/20/2025,Wireless Earbuds,Electronics,West,Online,2,2495.79,4991.58,UPI,CUST0199
TXN000242,4/20/2025,Perfume 100ml,Beauty & Personal Care,East,Offline,4,1273.35,5093.4,Credit Card,CUST0315
TXN004283,4/20/2025,Bed Sheet Set,Home & Kitchen,West,Online,5,1744.7,8723.5,UPI,CUST0128
TXN005814,4/20/2025,Sunscreen SPF50,Beauty & Personal Care,North,Online,2,693.31,1386.62,UPI,CUST0734
TXN005350,4/20/2025,Bed Sheet Set,Home & Kitchen,South,Online,1,740.45,740.45,UPI,CUST0081
TXN004795,4/20/2025,Bed Sheet Set,Home & Kitchen,North,Offline,1,1411.82,1411.82,Cash,CUST0674
TXN002789,4/20/2025,Toor Dal 1kg,Grocery,West,Online,2,133.26,266.52,Credit Card,CUST0063
TXN000903,4/20/2025,Toor Dal 1kg,Grocery,East,Offline,1,173.69,173.69,Net Banking,CUST0323
TXN001385,4/20/2025,Tea Powder 500g,Grocery,North,Offline,3,210.59,631.77,Credit Card,CUST0135
TXN000011,4/21/2025,Basmati Rice 5kg,Grocery,East,Offline,1,579.4,579.4,Net Banking,CUST0518
TXN004711,4/21/2025,Shampoo 400ml,Beauty & Personal Care,North,Online,1,188.85,188.85,Credit Card,CUST0071
TXN002283,4/21/2025,Water Bottle,Home & Kitchen,North,Online,3,344.33,1032.99,UPI,CUST0277
TXN002466,4/21/2025,Shampoo 400ml,Beauty & Personal Care,South,Online,1,219.9,219.9,Credit Card,CUST0538
TXN004109,4/21/2025,Toor Dal 1kg,Grocery,South,Offline,1,139.89,139.89,Cash,CUST0177
TXN000397,4/21/2025,Face Wash,Beauty & Personal Care,East,Offline,3,440.52,1321.56,Credit Card,CUST0158
TXN001553,4/21/2025,LED Bulb Pack,Home & Kitchen,West,Online,3,282.82,848.46,Credit Card,CUST0498
TXN003797,4/21/2025,Hair Oil,Beauty & Personal Care,West,Online,1,180.53,180.53,Cash,CUST0461
TXN001018,4/21/2025,Tea Powder 500g,Grocery,South,Offline,1,314.22,314.22,Credit Card,CUST0519
TXN002571,4/21/2025,Bluetooth Speaker,Electronics,East,Offline,2,1644.8,3289.6,UPI,CUST0018
TXN001814,4/21/2025,Sunflower Oil 1L,Grocery,West,Offline,2,184.63,369.26,UPI,CUST0345
TXN000626,4/21/2025,Men's T-Shirt,Clothing,East,Online,3,650.82,1952.46,Credit Card,CUST0242
TXN003572,4/21/2025,Laptop Bag,Electronics,South,Online,1,1602.08,1602.08,UPI,CUST0892
TXN000707,4/21/2025,Wireless Earbuds,Electronics,West,Online,1,1933.18,1933.18,UPI,CUST0066
TXN003610,4/22/2025,Pressure Cooker,Home & Kitchen,West,Offline,1,1987.85,1987.85,Net Banking,CUST0837
TXN000135,4/22/2025,LED TV 32in,Electronics,South,Online,4,14069.52,56278.08,Net Banking,CUST0071
TXN001260,4/22/2025,Bluetooth Speaker,Electronics,West,Offline,1,1849.53,1849.53,Credit Card,CUST0662
TXN005904,4/22/2025,Mixer Grinder,Home & Kitchen,North,Offline,3,3768.8,11306.4,Credit Card,CUST0422
TXN000372,4/22/2025,Bluetooth Speaker,Electronics,North,Online,4,3381.96,13527.84,Credit Card,CUST0767
TXN000310,4/22/2025,Bluetooth Speaker,Electronics,West,Offline,3,3396.17,10188.51,Credit Card,CUST0897
TXN005097,4/22/2025,Body Lotion,Beauty & Personal Care,East,Offline,3,426.02,1278.06,UPI,CUST0454
TXN002464,4/22/2025,Sunflower Oil 1L,Grocery,East,Online,1,123.48,123.48,Credit Card,CUST0248
TXN001656,4/22/2025,Smartwatch,Electronics,South,Online,3,2798.88,8396.64,UPI,CUST0848
TXN002291,4/22/2025,Mixer Grinder,Home & Kitchen,South,Online,3,1946.32,5838.96,Cash,CUST0275
TXN004732,4/22/2025,Water Bottle,Home & Kitchen,East,Offline,1,216.08,216.08,Credit Card,CUST0511
TXN001542,4/22/2025,Shampoo 400ml,Beauty & Personal Care,South,Online,3,375.38,1126.14,Credit Card,CUST0483
TXN004705,4/22/2025,Kids Hoodie,Clothing,North,Online,4,801.3,3205.2,Credit Card,CUST0040
TXN000302,4/22/2025,Laptop Bag,Electronics,East,Online,3,920.79,2762.37,UPI,CUST0026
TXN002694,4/22/2025,Wheat Flour 5kg,Grocery,South,Offline,1,213.93,213.93,Credit Card,CUST0509
TXN001119,4/22/2025,Bluetooth Speaker,Electronics,North,Offline,1,2922.08,2922.08,Credit Card,CUST0023
TXN005298,4/22/2025,Laptop Bag,Electronics,East,Online,1,992.97,992.97,Net Banking,CUST0750
TXN003214,4/22/2025,Basmati Rice 5kg,Grocery,West,Online,1,436.31,436.31,Credit Card,CUST0087
TXN004872,4/22/2025,Wireless Earbuds,Electronics,West,Online,3,1289.99,3869.97,Credit Card,CUST0632
TXN005871,4/22/2025,Laptop Bag,Electronics,West,Offline,4,882.17,3528.68,Credit Card,CUST0113
TXN005819,4/22/2025,Denim Jeans,Clothing,North,Offline,1,1154.01,1154.01,Cash,CUST0220
TXN004645,4/22/2025,Shampoo 400ml,Beauty & Personal Care,North,Online,2,285.02,570.04,Net Banking,CUST0533
TXN002856,4/23/2025,LED TV 32in,Electronics,South,Offline,2,9260.9,18521.8,Credit Card,CUST0184
TXN005374,4/23/2025,Formal Shirt,Clothing,North,Online,2,1025.1,2050.2,Cash,CUST0489
TXN004875,4/23/2025,Basmati Rice 5kg,Grocery,East,Online,1,381.24,381.24,Cash,CUST0031
TXN000867,4/23/2025,LED Bulb Pack,Home & Kitchen,South,Offline,3,350.25,1050.75,UPI,CUST0652
TXN000649,4/23/2025,Denim Jeans,Clothing,West,Offline,3,928.67,2786.01,Credit Card,CUST0044
TXN003547,4/23/2025,Basmati Rice 5kg,Grocery,West,Online,2,507.9,1015.8,Credit Card,CUST0175
TXN001943,4/23/2025,Winter Jacket,Clothing,South,Offline,2,2149.08,4298.16,UPI,CUST0812
TXN004117,4/23/2025,Hair Oil,Beauty & Personal Care,South,Online,3,319.94,959.82,UPI,CUST0044
TXN002851,4/23/2025,Sunscreen SPF50,Beauty & Personal Care,North,Online,1,310.47,310.47,UPI,CUST0798
TXN005260,4/23/2025,Power Bank 10000mAh,Electronics,North,Online,1,1536.59,1536.59,Cash,CUST0746
TXN005281,4/23/2025,Power Bank 10000mAh,Electronics,South,Offline,1,1641.37,1641.37,UPI,CUST0519
TXN005535,4/23/2025,LED TV 32in,Electronics,South,Online,5,11614.61,58073.05,Credit Card,CUST0686
TXN005196,4/24/2025,Denim Jeans,Clothing,East,Offline,2,1794.27,3588.54,UPI,CUST0659
TXN001570,4/24/2025,LED TV 32in,Electronics,East,Offline,1,10113.82,10113.82,UPI,CUST0484
TXN003758,4/24/2025,Bluetooth Speaker,Electronics,West,Online,2,3029.89,6059.78,Credit Card,CUST0489
TXN002563,4/24/2025,Perfume 100ml,Beauty & Personal Care,East,Online,3,1397.89,4193.67,Credit Card,CUST0537
TXN005742,4/24/2025,Laptop Bag,Electronics,North,Online,1,941.2,941.2,Net Banking,CUST0710
TXN004757,4/24/2025,Smartwatch,Electronics,North,Online,2,4216.37,8432.74,Net Banking,CUST0576
TXN003419,4/24/2025,Shampoo 400ml,Beauty & Personal Care,East,Online,2,496.45,992.9,Cash,CUST0379
TXN005436,4/24/2025,Perfume 100ml,Beauty & Personal Care,North,Offline,2,1701.98,3403.96,Cash,CUST0662
TXN003406,4/24/2025,Perfume 100ml,Beauty & Personal Care,South,Offline,1,891.79,891.79,Credit Card,CUST0075
TXN000594,4/24/2025,Wheat Flour 5kg,Grocery,East,Online,3,254.76,764.28,Cash,CUST0070
TXN005880,4/24/2025,Sunscreen SPF50,Beauty & Personal Care,East,Offline,1,572.3,572.3,Cash,CUST0053
TXN000010,4/24/2025,Kids Hoodie,Clothing,West,Offline,3,1063.53,3190.59,Credit Card,CUST0353
TXN003302,4/24/2025,LED TV 32in,Electronics,North,Offline,1,9228.88,9228.88,Cash,CUST0188
TXN005517,4/24/2025,Men's T-Shirt,Clothing,North,Offline,1,464.55,464.55,Net Banking,CUST0359
TXN003725,4/24/2025,Wheat Flour 5kg,Grocery,North,Online,1,237.29,237.29,Net Banking,CUST0840
TXN002553,4/24/2025,Tea Powder 500g,Grocery,East,Online,3,290.23,870.69,Credit Card,CUST0578
TXN000574,4/24/2025,Bluetooth Speaker,Electronics,East,Online,3,3340.58,10021.74,UPI,CUST0377
TXN003183,4/24/2025,Laptop Bag,Electronics,South,Offline,2,1726.9,3453.8,Credit Card,CUST0533
TXN000264,4/24/2025,Women's Kurti,Clothing,North,Offline,1,827.93,827.93,Cash,CUST0660
TXN002792,4/24/2025,Non-Stick Pan,Home & Kitchen,South,Offline,1,838.79,838.79,Net Banking,CUST0474
TXN004166,4/24/2025,Shampoo 400ml,Beauty & Personal Care,East,Online,1,408.84,408.84,UPI,CUST0036
TXN000385,4/24/2025,Laptop Bag,Electronics,North,Online,2,655.11,1310.22,Credit Card,CUST0297
TXN004155,4/25/2025,Hair Oil,Beauty & Personal Care,East,Online,1,110.85,110.85,Credit Card,CUST0400
TXN001387,4/25/2025,Body Lotion,Beauty & Personal Care,East,Online,1,446.99,446.99,Net Banking,CUST0866
TXN002577,4/25/2025,Laptop Bag,Electronics,West,Online,2,1573.59,3147.18,UPI,CUST0852
TXN002800,4/25/2025,Smartwatch,Electronics,South,Online,1,2682.24,2682.24,Credit Card,CUST0248
TXN005627,4/25/2025,Denim Jeans,Clothing,East,Online,1,2005.68,2005.68,Credit Card,CUST0026
TXN001921,4/25/2025,Men's T-Shirt,Clothing,West,Online,3,630.19,1890.57,Cash,CUST0817
TXN005803,4/25/2025,Wheat Flour 5kg,Grocery,East,Offline,1,288.2,288.2,UPI,CUST0352
TXN001995,4/25/2025,Hair Oil,Beauty & Personal Care,South,Online,2,125.11,250.22,Net Banking,CUST0141
TXN001177,4/25/2025,Denim Jeans,Clothing,South,Offline,2,2034.83,4069.66,UPI,CUST0228
TXN005425,4/25/2025,Non-Stick Pan,Home & Kitchen,East,Online,2,741.08,1482.16,Credit Card,CUST0076
TXN001499,4/25/2025,Wheat Flour 5kg,Grocery,South,Offline,1,293.68,293.68,UPI,CUST0548
TXN004429,4/25/2025,Sugar 1kg,Grocery,South,Online,1,51.17,51.17,UPI,CUST0402
TXN001155,4/25/2025,Men's T-Shirt,Clothing,East,Online,1,389.14,389.14,Credit Card,CUST0757
TXN004467,4/25/2025,Bluetooth Speaker,Electronics,East,Online,1,1435.38,1435.38,Credit Card,CUST0531
TXN002116,4/25/2025,Bed Sheet Set,Home & Kitchen,North,Online,4,1662.52,6650.08,Credit Card,CUST0306
TXN005226,4/25/2025,Winter Jacket,Clothing,West,Offline,5,3107.28,15536.4,Cash,CUST0706
TXN005388,4/25/2025,Body Lotion,Beauty & Personal Care,South,Offline,2,370.55,741.1,UPI,CUST0397
TXN001709,4/25/2025,Women's Kurti,Clothing,East,Offline,1,594.16,594.16,UPI,CUST0616
TXN003771,4/25/2025,Hair Oil,Beauty & Personal Care,South,Online,2,181.83,363.66,Credit Card,CUST0332
TXN002985,4/26/2025,Perfume 100ml,Beauty & Personal Care,East,Online,2,2063.98,4127.96,Cash,CUST0790
TXN001344,4/26/2025,Laptop Bag,Electronics,East,Online,1,1344.26,1344.26,Credit Card,CUST0895
TXN001946,4/26/2025,Wireless Earbuds,Electronics,East,Offline,5,2724.11,13620.55,Cash,CUST0325
TXN001692,4/26/2025,Pressure Cooker,Home & Kitchen,North,Online,2,2303.09,4606.18,Credit Card,CUST0717
TXN005115,4/26/2025,Kids Hoodie,Clothing,West,Online,3,643.23,1929.69,UPI,CUST0413
TXN001941,4/26/2025,Men's T-Shirt,Clothing,West,Online,1,883.66,883.66,Net Banking,CUST0365
TXN001592,4/26/2025,Sunflower Oil 1L,Grocery,North,Online,3,219.61,658.83,UPI,CUST0194
TXN003692,4/26/2025,Mixer Grinder,Home & Kitchen,South,Online,3,2759.88,8279.64,UPI,CUST0198
TXN003691,4/26/2025,Perfume 100ml,Beauty & Personal Care,North,Offline,1,2298.48,2298.48,UPI,CUST0507
TXN004760,4/26/2025,Sunflower Oil 1L,Grocery,North,Offline,2,186.15,372.3,UPI,CUST0534
TXN000808,4/26/2025,Pressure Cooker,Home & Kitchen,South,Online,3,2298.72,6896.16,Cash,CUST0204
TXN002223,4/26/2025,Kids Hoodie,Clothing,North,Online,1,931.3,931.3,Credit Card,CUST0056
TXN002290,4/26/2025,Formal Shirt,Clothing,South,Online,4,969.53,3878.12,Credit Card,CUST0706
TXN003120,4/26/2025,Bluetooth Speaker,Electronics,West,Online,1,2614.82,2614.82,UPI,CUST0220
TXN000530,4/26/2025,Sugar 1kg,Grocery,East,Offline,1,49.02,49.02,Net Banking,CUST0774
TXN003825,4/26/2025,Face Wash,Beauty & Personal Care,South,Offline,3,318.2,954.6,Net Banking,CUST0208
TXN005631,4/26/2025,Smartwatch,Electronics,North,Online,2,3223.26,6446.52,Credit Card,CUST0492
TXN005783,4/26/2025,Mixer Grinder,Home & Kitchen,North,Offline,1,1937.14,1937.14,Net Banking,CUST0770
TXN004134,4/26/2025,Smartwatch,Electronics,West,Online,4,4527.27,18109.08,Cash,CUST0523
TXN003709,4/26/2025,Perfume 100ml,Beauty & Personal Care,East,Offline,2,1307.61,2615.22,Cash,CUST0848
TXN001922,4/26/2025,Perfume 100ml,Beauty & Personal Care,South,Offline,2,1993.04,3986.08,Cash,CUST0219
TXN005738,4/26/2025,Mixer Grinder,Home & Kitchen,East,Online,2,3399.62,6799.24,Cash,CUST0514
TXN002337,4/26/2025,Pressure Cooker,Home & Kitchen,East,Online,3,1803.36,5410.08,Cash,CUST0208
TXN000734,4/26/2025,Laptop Bag,Electronics,North,Online,1,969.64,969.64,Credit Card,CUST0711
TXN003979,4/27/2025,Body Lotion,Beauty & Personal Care,South,Online,3,467.63,1402.89,Credit Card,CUST0331
TXN002270,4/27/2025,Toor Dal 1kg,Grocery,South,Offline,5,171.12,855.6,UPI,CUST0384
TXN002080,4/27/2025,Women's Kurti,Clothing,West,Online,2,1256.52,2513.04,UPI,CUST0864
TXN005923,4/27/2025,Denim Jeans,Clothing,South,Online,3,1293.98,3881.94,Cash,CUST0870
TXN003866,4/27/2025,Denim Jeans,Clothing,East,Online,1,1653.78,1653.78,Credit Card,CUST0892
TXN003669,4/27/2025,Bed Sheet Set,Home & Kitchen,West,Online,2,1283.4,2566.8,Credit Card,CUST0135
TXN001482,4/27/2025,Men's T-Shirt,Clothing,East,Offline,1,355.84,355.84,Cash,CUST0764
TXN003723,4/27/2025,Face Wash,Beauty & Personal Care,North,Offline,1,402.73,402.73,UPI,CUST0140
TXN003531,4/27/2025,Basmati Rice 5kg,Grocery,West,Online,1,366.61,366.61,UPI,CUST0578
TXN003382,4/27/2025,Kids Hoodie,Clothing,South,Online,2,724.49,1448.98,Credit Card,CUST0649
TXN002576,4/27/2025,Hair Oil,Beauty & Personal Care,South,Offline,1,303.64,303.64,Net Banking,CUST0717
TXN003424,4/27/2025,Non-Stick Pan,Home & Kitchen,West,Offline,5,965.25,4826.25,UPI,CUST0442
TXN001441,4/27/2025,Mixer Grinder,Home & Kitchen,North,Offline,2,3896.41,7792.82,Credit Card,CUST0668
TXN002969,4/27/2025,Body Lotion,Beauty & Personal Care,North,Online,3,521.56,1564.68,Cash,CUST0559
TXN000025,4/27/2025,Formal Shirt,Clothing,East,Offline,2,1384.62,2769.24,UPI,CUST0393
TXN005816,4/27/2025,Men's T-Shirt,Clothing,South,Online,2,408.78,817.56,Cash,CUST0386
TXN002230,4/28/2025,Power Bank 10000mAh,Electronics,East,Online,1,1259.2,1259.2,Credit Card,CUST0748
TXN001439,4/28/2025,Winter Jacket,Clothing,West,Offline,1,3402.5,3402.5,UPI,CUST0117
TXN001317,4/28/2025,Toor Dal 1kg,Grocery,South,Online,5,127.71,638.55,Net Banking,CUST0738
TXN003601,4/28/2025,Tea Powder 500g,Grocery,South,Online,4,169.54,678.16,Cash,CUST0523
TXN000275,4/28/2025,Laptop Bag,Electronics,South,Offline,4,638.08,2552.32,Credit Card,CUST0537
TXN004884,4/28/2025,Kids Hoodie,Clothing,West,Online,3,969.95,2909.85,Credit Card,CUST0105
TXN000500,4/28/2025,Toor Dal 1kg,Grocery,East,Offline,3,161.98,485.94,Cash,CUST0616
TXN000119,4/28/2025,Basmati Rice 5kg,Grocery,South,Online,2,602.86,1205.72,UPI,CUST0811
TXN002663,4/28/2025,LED Bulb Pack,Home & Kitchen,North,Online,3,379.76,1139.28,UPI,CUST0054
TXN002741,4/28/2025,Mixer Grinder,Home & Kitchen,South,Online,4,4174.17,16696.68,Credit Card,CUST0227
TXN005818,4/28/2025,Mixer Grinder,Home & Kitchen,South,Online,1,3809.4,3809.4,Credit Card,CUST0402
TXN003125,4/28/2025,Sunflower Oil 1L,Grocery,East,Offline,3,122.73,368.19,Credit Card,CUST0575
TXN005146,4/28/2025,Mixer Grinder,Home & Kitchen,North,Online,2,2437.86,4875.72,Net Banking,CUST0676
TXN003902,4/28/2025,Women's Kurti,Clothing,East,Offline,1,1404.19,1404.19,Credit Card,CUST0069
TXN000969,4/28/2025,Women's Kurti,Clothing,South,Online,1,928.82,928.82,UPI,CUST0127
TXN004250,4/28/2025,Laptop Bag,Electronics,East,Online,1,1515.67,1515.67,Credit Card,CUST0126
TXN004851,4/28/2025,Pressure Cooker,Home & Kitchen,West,Online,2,1870.43,3740.86,UPI,CUST0231
TXN005157,4/28/2025,Wireless Earbuds,Electronics,North,Online,1,1473.2,1473.2,Credit Card,CUST0432
TXN004372,4/29/2025,Women's Kurti,Clothing,South,Offline,4,1399.04,5596.16,UPI,CUST0122
TXN003501,4/29/2025,LED Bulb Pack,Home & Kitchen,East,Offline,4,182.53,730.12,Net Banking,CUST0119
TXN004445,4/29/2025,Smartwatch,Electronics,West,Online,1,5906.26,5906.26,Credit Card,CUST0852
TXN001118,4/29/2025,Toor Dal 1kg,Grocery,West,Offline,1,131.56,131.56,UPI,CUST0800
TXN001860,4/29/2025,Perfume 100ml,Beauty & Personal Care,East,Online,4,1089.8,4359.2,UPI,CUST0056
TXN001368,4/29/2025,Sugar 1kg,Grocery,South,Offline,1,48.41,48.41,Cash,CUST0612
TXN005527,4/29/2025,Sunflower Oil 1L,Grocery,West,Offline,3,177.96,533.88,UPI,CUST0844
TXN002590,4/29/2025,Formal Shirt,Clothing,South,Online,2,1364.83,2729.66,Credit Card,CUST0391
TXN005009,4/29/2025,Denim Jeans,Clothing,East,Offline,2,1072.87,2145.74,Net Banking,CUST0211
TXN005440,4/29/2025,Basmati Rice 5kg,Grocery,East,Offline,5,658.7,3293.5,UPI,CUST0262
TXN000559,4/29/2025,Basmati Rice 5kg,Grocery,East,Offline,2,426.78,853.56,Cash,CUST0204
TXN005441,4/29/2025,Body Lotion,Beauty & Personal Care,South,Offline,1,301.91,301.91,Cash,CUST0236
TXN003908,4/29/2025,Wheat Flour 5kg,Grocery,North,Offline,5,205.51,1027.55,Credit Card,CUST0848
TXN004861,4/30/2025,Mixer Grinder,Home & Kitchen,South,Online,1,2722.16,2722.16,UPI,CUST0679
TXN000705,4/30/2025,LED TV 32in,Electronics,North,Online,3,15992.91,47978.73,UPI,CUST0068
TXN004231,4/30/2025,Sugar 1kg,Grocery,North,Online,3,56.27,168.81,UPI,CUST0499
TXN002227,4/30/2025,Face Wash,Beauty & Personal Care,South,Offline,1,157.99,157.99,UPI,CUST0575
TXN005128,4/30/2025,Laptop Bag,Electronics,East,Offline,1,1308.52,1308.52,UPI,CUST0122
TXN000465,4/30/2025,Face Wash,Beauty & Personal Care,West,Online,2,308.95,617.9,Credit Card,CUST0648
TXN005933,4/30/2025,Face Wash,Beauty & Personal Care,South,Online,1,203.53,203.53,Net Banking,CUST0465
TXN004207,4/30/2025,Denim Jeans,Clothing,East,Online,2,1320.05,2640.1,UPI,CUST0337
TXN004596,4/30/2025,Wheat Flour 5kg,Grocery,East,Offline,1,237.22,237.22,Net Banking,CUST0305
TXN002805,4/30/2025,Pressure Cooker,Home & Kitchen,East,Offline,1,2337.58,2337.58,UPI,CUST0844
TXN004146,4/30/2025,Water Bottle,Home & Kitchen,South,Online,5,411.06,2055.3,Cash,CUST0524
TXN004703,4/30/2025,Tea Powder 500g,Grocery,North,Online,4,293.57,1174.28,Credit Card,CUST0120
TXN003243,4/30/2025,Pressure Cooker,Home & Kitchen,North,Online,1,1992.82,1992.82,UPI,CUST0090
TXN000247,4/30/2025,Men's T-Shirt,Clothing,North,Offline,1,551.27,551.27,Credit Card,CUST0712
TXN004266,4/30/2025,Face Wash,Beauty & Personal Care,South,Online,2,204.87,409.74,Cash,CUST0882
TXN000713,4/30/2025,Face Wash,Beauty & Personal Care,South,Offline,1,159.49,159.49,UPI,CUST0476
TXN001817,4/30/2025,Shampoo 400ml,Beauty & Personal Care,South,Online,5,288.21,1441.05,UPI,CUST0549
TXN005660,4/30/2025,Wireless Earbuds,Electronics,North,Online,3,979.57,2938.71,Net Banking,CUST0848
TXN005525,4/30/2025,Denim Jeans,Clothing,North,Online,3,1061.4,3184.2,UPI,CUST0400
TXN005498,4/30/2025,Mixer Grinder,Home & Kitchen,East,Online,4,3571.58,14286.32,UPI,CUST0302
TXN004923,4/30/2025,Bed Sheet Set,Home & Kitchen,West,Online,2,672.34,1344.68,Net Banking,CUST0616
TXN003769,4/30/2025,Water Bottle,Home & Kitchen,South,Online,2,486.62,973.24,Cash,CUST0574
TXN001332,4/30/2025,Formal Shirt,Clothing,West,Online,3,1487.8,4463.4,Net Banking,CUST0051
TXN005354,4/30/2025,Body Lotion,Beauty & Personal Care,East,Online,1,209,209,Credit Card,CUST0016
TXN000298,4/30/2025,Laptop Bag,Electronics,East,Offline,2,1517.21,3034.42,Net Banking,CUST0863
TXN005061,4/30/2025,Toor Dal 1kg,Grocery,South,Online,1,174.18,174.18,Cash,CUST0369
TXN005210,5/1/2025,LED Bulb Pack,Home & Kitchen,West,Online,3,185.86,557.58,UPI,CUST0839
TXN002549,5/1/2025,Winter Jacket,Clothing,West,Offline,4,2904.49,11617.96,Credit Card,CUST0519
TXN001696,5/1/2025,Women's Kurti,Clothing,East,Online,2,1337.93,2675.86,Credit Card,CUST0687
TXN005346,5/1/2025,Basmati Rice 5kg,Grocery,South,Online,3,626.37,1879.11,UPI,CUST0526
TXN000998,5/1/2025,Body Lotion,Beauty & Personal Care,West,Online,1,374.81,374.81,Net Banking,CUST0183
TXN000353,5/1/2025,Sunflower Oil 1L,Grocery,South,Offline,2,146.87,293.74,Cash,CUST0115
TXN004337,5/1/2025,Denim Jeans,Clothing,South,Offline,5,1870.01,9350.05,Cash,CUST0595
TXN000112,5/1/2025,Non-Stick Pan,Home & Kitchen,North,Online,1,964.33,964.33,Net Banking,CUST0887
TXN002885,5/1/2025,Body Lotion,Beauty & Personal Care,North,Offline,2,282.1,564.2,Credit Card,CUST0716
TXN001644,5/1/2025,Non-Stick Pan,Home & Kitchen,East,Offline,2,697.36,1394.72,Net Banking,CUST0532
TXN001296,5/1/2025,Toor Dal 1kg,Grocery,East,Offline,1,126.91,126.91,UPI,CUST0409
TXN004530,5/1/2025,Denim Jeans,Clothing,West,Offline,2,1588.13,3176.26,Cash,CUST0625
TXN002075,5/1/2025,Smartwatch,Electronics,East,Online,2,3205.27,6410.54,UPI,CUST0359
TXN000886,5/1/2025,Power Bank 10000mAh,Electronics,South,Online,2,1044.69,2089.38,Credit Card,CUST0798
TXN005050,5/1/2025,Power Bank 10000mAh,Electronics,East,Online,1,1152.03,1152.03,Credit Card,CUST0736
TXN005378,5/1/2025,Toor Dal 1kg,Grocery,West,Offline,3,155.65,466.95,UPI,CUST0334
TXN003976,5/1/2025,Laptop Bag,Electronics,South,Online,5,1780.47,8902.35,Net Banking,CUST0544
TXN002417,5/2/2025,Smartwatch,Electronics,West,Online,3,3914.02,11742.06,Net Banking,CUST0442
TXN001798,5/2/2025,Toor Dal 1kg,Grocery,West,Online,4,166.25,665,Credit Card,CUST0278
TXN000804,5/2/2025,Pressure Cooker,Home & Kitchen,East,Offline,4,2337.2,9348.8,Net Banking,CUST0462
TXN002559,5/2/2025,Sunscreen SPF50,Beauty & Personal Care,South,Online,1,445.95,445.95,Cash,CUST0602
TXN002959,5/2/2025,Toor Dal 1kg,Grocery,West,Offline,3,133.98,401.94,Net Banking,CUST0377
TXN000445,5/2/2025,Smartwatch,Electronics,East,Offline,3,2931.56,8794.68,Cash,CUST0659
TXN005597,5/2/2025,Formal Shirt,Clothing,North,Offline,1,1490.96,1490.96,UPI,CUST0345
TXN000742,5/2/2025,Kids Hoodie,Clothing,East,Online,3,752.2,2256.6,UPI,CUST0750
TXN005198,5/2/2025,Face Wash,Beauty & Personal Care,East,Offline,2,378.18,756.36,Net Banking,CUST0759
TXN003746,5/2/2025,Laptop Bag,Electronics,East,Offline,1,1699.75,1699.75,Credit Card,CUST0659
TXN003410,5/2/2025,Mixer Grinder,Home & Kitchen,North,Online,1,3974.95,3974.95,Net Banking,CUST0699
TXN000287,5/2/2025,Women's Kurti,Clothing,West,Offline,4,1062.39,4249.56,UPI,CUST0585
TXN003578,5/2/2025,Perfume 100ml,Beauty & Personal Care,West,Offline,1,1170.19,1170.19,Credit Card,CUST0325
TXN000985,5/2/2025,Perfume 100ml,Beauty & Personal Care,North,Offline,4,2017.09,8068.36,UPI,CUST0154
TXN002424,5/2/2025,Bed Sheet Set,Home & Kitchen,East,Online,4,1762.61,7050.44,Cash,CUST0512
TXN004446,5/2/2025,Toor Dal 1kg,Grocery,East,Online,1,132.63,132.63,UPI,CUST0479
TXN003422,5/2/2025,Men's T-Shirt,Clothing,West,Online,1,501.45,501.45,UPI,CUST0829
TXN003984,5/3/2025,Laptop Bag,Electronics,West,Offline,2,1649.21,3298.42,Credit Card,CUST0175
TXN003929,5/3/2025,Smartwatch,Electronics,West,Online,1,3547.02,3547.02,Credit Card,CUST0277
TXN002892,5/3/2025,Power Bank 10000mAh,Electronics,South,Offline,2,1318.04,2636.08,Net Banking,CUST0065
TXN001847,5/3/2025,Formal Shirt,Clothing,East,Offline,2,681.74,1363.48,Credit Card,CUST0509
TXN000439,5/3/2025,Sugar 1kg,Grocery,West,Offline,2,50.45,100.9,UPI,CUST0070
TXN005591,5/3/2025,Smartwatch,Electronics,West,Online,2,3738.04,7476.08,Cash,CUST0524
TXN002675,5/3/2025,Face Wash,Beauty & Personal Care,North,Online,1,397.77,397.77,Net Banking,CUST0796
TXN001436,5/3/2025,Bluetooth Speaker,Electronics,South,Offline,5,2649.75,13248.75,UPI,CUST0359
TXN003535,5/3/2025,LED TV 32in,Electronics,West,Online,3,9720.85,29162.55,UPI,CUST0070
TXN001206,5/3/2025,Perfume 100ml,Beauty & Personal Care,North,Online,1,1331.84,1331.84,Credit Card,CUST0281
TXN000478,5/3/2025,Wireless Earbuds,Electronics,West,Online,2,3072.25,6144.5,UPI,CUST0468
TXN000069,5/3/2025,Bed Sheet Set,Home & Kitchen,East,Online,4,1744.12,6976.48,UPI,CUST0500
TXN004802,5/3/2025,Basmati Rice 5kg,Grocery,East,Offline,3,640.31,1920.93,Net Banking,CUST0325
TXN003911,5/3/2025,Face Wash,Beauty & Personal Care,South,Online,3,154.28,462.84,UPI,CUST0160
TXN005625,5/3/2025,Perfume 100ml,Beauty & Personal Care,East,Online,1,2373.83,2373.83,Credit Card,CUST0063
TXN004493,5/3/2025,LED TV 32in,Electronics,East,Offline,1,10825.7,10825.7,Net Banking,CUST0774
TXN000340,5/3/2025,Denim Jeans,Clothing,East,Online,2,1515.15,3030.3,Credit Card,CUST0179
TXN004764,5/3/2025,Sunflower Oil 1L,Grocery,South,Online,3,172.82,518.46,Cash,CUST0509
TXN001514,5/3/2025,Laptop Bag,Electronics,South,Online,4,757.98,3031.92,UPI,CUST0031
TXN001868,5/3/2025,Toor Dal 1kg,Grocery,West,Offline,1,148.04,148.04,Net Banking,CUST0230
TXN000162,5/3/2025,Non-Stick Pan,Home & Kitchen,East,Offline,3,572.11,1716.33,Credit Card,CUST0882
TXN003519,5/3/2025,Basmati Rice 5kg,Grocery,West,Online,2,418.46,836.92,Credit Card,CUST0306
TXN003857,5/3/2025,Toor Dal 1kg,Grocery,East,Online,2,110.9,221.8,Credit Card,CUST0009
TXN005021,5/3/2025,Face Wash,Beauty & Personal Care,West,Online,4,187.83,751.32,Cash,CUST0108
TXN002943,5/3/2025,Bed Sheet Set,Home & Kitchen,East,Online,5,674.53,3372.65,Cash,CUST0436
TXN001640,5/4/2025,Body Lotion,Beauty & Personal Care,West,Online,1,352.01,352.01,Net Banking,CUST0681
TXN005235,5/4/2025,Wireless Earbuds,Electronics,North,Online,3,938.17,2814.51,UPI,CUST0015
TXN003063,5/4/2025,Tea Powder 500g,Grocery,South,Offline,1,308.21,308.21,UPI,CUST0034
TXN003658,5/4/2025,Power Bank 10000mAh,Electronics,South,Offline,1,990.62,990.62,Credit Card,CUST0578
TXN004649,5/4/2025,Power Bank 10000mAh,Electronics,West,Online,2,1397.2,2794.4,Cash,CUST0243
TXN001667,5/4/2025,Mixer Grinder,Home & Kitchen,East,Offline,1,4232.58,4232.58,Net Banking,CUST0222
TXN001442,5/4/2025,Sunscreen SPF50,Beauty & Personal Care,East,Online,1,286.68,286.68,Credit Card,CUST0070
TXN000486,5/4/2025,Men's T-Shirt,Clothing,West,Offline,1,810.4,810.4,Credit Card,CUST0294
TXN001544,5/4/2025,Winter Jacket,Clothing,East,Online,2,1800.34,3600.68,UPI,CUST0744
TXN003436,5/4/2025,Face Wash,Beauty & Personal Care,North,Offline,3,399.62,1198.86,Net Banking,CUST0053
TXN004520,5/4/2025,Non-Stick Pan,Home & Kitchen,North,Online,1,813.25,813.25,Credit Card,CUST0288
TXN003803,5/5/2025,Pressure Cooker,Home & Kitchen,East,Offline,1,2025.57,2025.57,Credit Card,CUST0567
TXN002908,5/5/2025,Shampoo 400ml,Beauty & Personal Care,North,Online,1,352.75,352.75,Credit Card,CUST0315
TXN003745,5/5/2025,Pressure Cooker,Home & Kitchen,West,Offline,2,2008.37,4016.74,Credit Card,CUST0615
TXN002832,5/5/2025,Bed Sheet Set,Home & Kitchen,East,Online,1,1080.94,1080.94,Cash,CUST0861
TXN005373,5/5/2025,Denim Jeans,Clothing,South,Online,4,1436.41,5745.64,UPI,CUST0063
TXN004839,5/5/2025,Bed Sheet Set,Home & Kitchen,South,Online,1,1441.26,1441.26,UPI,CUST0039
TXN005100,5/5/2025,Water Bottle,Home & Kitchen,South,Online,2,485.51,971.02,Net Banking,CUST0141
TXN001445,5/5/2025,Non-Stick Pan,Home & Kitchen,North,Offline,4,1134.9,4539.6,Credit Card,CUST0837
TXN005451,5/5/2025,Sunflower Oil 1L,Grocery,West,Online,2,142.2,284.4,Cash,CUST0008
TXN004187,5/5/2025,Basmati Rice 5kg,Grocery,West,Online,1,426,426,Credit Card,CUST0681
TXN000510,5/5/2025,Sunscreen SPF50,Beauty & Personal Care,North,Offline,2,644.86,1289.72,Net Banking,CUST0774
TXN002647,5/5/2025,Men's T-Shirt,Clothing,West,Online,1,816.87,816.87,Cash,CUST0077
TXN003103,5/5/2025,Denim Jeans,Clothing,North,Online,5,1815.28,9076.4,Credit Card,CUST0676
TXN005241,5/5/2025,Hair Oil,Beauty & Personal Care,East,Online,2,145.98,291.96,UPI,CUST0424
TXN005499,5/5/2025,Winter Jacket,Clothing,West,Offline,2,2695.39,5390.78,UPI,CUST0404
TXN005508,5/5/2025,Winter Jacket,Clothing,East,Online,5,2781.81,13909.05,Credit Card,CUST0280
TXN003474,5/5/2025,Tea Powder 500g,Grocery,West,Online,1,295.59,295.59,UPI,CUST0368
TXN001315,5/5/2025,Hair Oil,Beauty & Personal Care,West,Offline,2,320.71,641.42,Net Banking,CUST0638
TXN003085,5/5/2025,Bed Sheet Set,Home & Kitchen,North,Online,5,1583.28,7916.4,Net Banking,CUST0726
TXN003456,5/5/2025,Power Bank 10000mAh,Electronics,South,Online,1,1341.39,1341.39,Cash,CUST0525
TXN005287,5/5/2025,Body Lotion,Beauty & Personal Care,East,Offline,1,567.74,567.74,UPI,CUST0706
TXN003281,5/5/2025,Sugar 1kg,Grocery,East,Online,2,51.76,103.52,Cash,CUST0377
TXN003278,5/5/2025,Non-Stick Pan,Home & Kitchen,East,Online,5,813.89,4069.45,Cash,CUST0721
TXN004190,5/6/2025,Perfume 100ml,Beauty & Personal Care,South,Online,2,1124.95,2249.9,UPI,CUST0116
TXN001183,5/6/2025,Bluetooth Speaker,Electronics,South,Online,4,3412.98,13651.92,Cash,CUST0421
TXN002268,5/6/2025,Tea Powder 500g,Grocery,West,Offline,1,265.15,265.15,UPI,CUST0104
TXN003168,5/6/2025,Wheat Flour 5kg,Grocery,North,Offline,1,229.62,229.62,Net Banking,CUST0873
TXN000835,5/6/2025,Kids Hoodie,Clothing,South,Offline,1,614.65,614.65,Cash,CUST0125
TXN001491,5/6/2025,Formal Shirt,Clothing,South,Online,5,639.06,3195.3,Cash,CUST0349
TXN001105,5/6/2025,Women's Kurti,Clothing,West,Online,1,697.54,697.54,Cash,CUST0250
TXN002018,5/6/2025,Pressure Cooker,Home & Kitchen,West,Online,3,2053.41,6160.23,Credit Card,CUST0756
TXN004855,5/6/2025,LED TV 32in,Electronics,West,Offline,1,14778.47,14778.47,UPI,CUST0808
TXN003681,5/6/2025,LED Bulb Pack,Home & Kitchen,South,Online,2,364.91,729.82,UPI,CUST0828
TXN003918,5/6/2025,Winter Jacket,Clothing,North,Offline,3,3380.49,10141.47,Net Banking,CUST0728
TXN003937,5/6/2025,Basmati Rice 5kg,Grocery,West,Online,2,575.92,1151.84,Credit Card,CUST0352
TXN004546,5/6/2025,Kids Hoodie,Clothing,South,Offline,2,721.17,1442.34,UPI,CUST0192
TXN002780,5/6/2025,Bed Sheet Set,Home & Kitchen,East,Offline,3,1302.25,3906.75,Cash,CUST0365
TXN005470,5/6/2025,Tea Powder 500g,Grocery,East,Online,1,319.75,319.75,UPI,CUST0739
TXN000866,5/6/2025,Wireless Earbuds,Electronics,South,Online,5,1280.56,6402.8,UPI,CUST0293
TXN001551,5/6/2025,Bluetooth Speaker,Electronics,South,Online,2,2049.38,4098.76,Credit Card,CUST0249
TXN000833,5/7/2025,LED Bulb Pack,Home & Kitchen,North,Online,2,249.39,498.78,Credit Card,CUST0475
TXN004162,5/7/2025,LED Bulb Pack,Home & Kitchen,West,Offline,2,370.34,740.68,UPI,CUST0815
TXN004033,5/7/2025,Smartwatch,Electronics,East,Offline,2,5548.47,11096.94,UPI,CUST0853
TXN005177,5/7/2025,Toor Dal 1kg,Grocery,North,Online,1,126.89,126.89,Credit Card,CUST0293
TXN001117,5/7/2025,Water Bottle,Home & Kitchen,North,Offline,1,298.03,298.03,UPI,CUST0315
TXN003181,5/7/2025,Pressure Cooker,Home & Kitchen,North,Offline,2,2355.71,4711.42,Credit Card,CUST0595
TXN005443,5/7/2025,Face Wash,Beauty & Personal Care,West,Online,1,229.4,229.4,Cash,CUST0552
TXN003324,5/7/2025,Water Bottle,Home & Kitchen,South,Offline,1,434.3,434.3,UPI,CUST0721
TXN000699,5/7/2025,Basmati Rice 5kg,Grocery,East,Online,1,373.68,373.68,Cash,CUST0081
TXN005485,5/7/2025,Shampoo 400ml,Beauty & Personal Care,South,Online,1,275.19,275.19,Credit Card,CUST0419
TXN001660,5/7/2025,Water Bottle,Home & Kitchen,East,Offline,1,423.68,423.68,UPI,CUST0453
TXN001631,5/7/2025,LED TV 32in,Electronics,North,Online,1,10576.61,10576.61,UPI,CUST0576
TXN005139,5/7/2025,Tea Powder 500g,Grocery,West,Offline,3,295.97,887.91,Cash,CUST0121
TXN004415,5/7/2025,Mixer Grinder,Home & Kitchen,North,Online,1,3320.55,3320.55,Net Banking,CUST0464
TXN002233,5/7/2025,Bluetooth Speaker,Electronics,North,Online,2,2017.27,4034.54,UPI,CUST0826
TXN000211,5/7/2025,Body Lotion,Beauty & Personal Care,West,Online,1,441.05,441.05,UPI,CUST0726
TXN004288,5/7/2025,Pressure Cooker,Home & Kitchen,North,Online,1,2235.24,2235.24,Credit Card,CUST0332
TXN004925,5/8/2025,Denim Jeans,Clothing,West,Offline,2,1512.8,3025.6,Credit Card,CUST0166
TXN004692,5/8/2025,Water Bottle,Home & Kitchen,East,Online,1,249.66,249.66,Cash,CUST0474
TXN005705,5/8/2025,Smartwatch,Electronics,South,Online,1,2048.84,2048.84,Cash,CUST0472
TXN000379,5/8/2025,Kids Hoodie,Clothing,South,Online,3,520.55,1561.65,Net Banking,CUST0138
TXN001280,5/8/2025,Bed Sheet Set,Home & Kitchen,North,Offline,3,710.93,2132.79,Credit Card,CUST0465
TXN004893,5/8/2025,Water Bottle,Home & Kitchen,South,Offline,1,488.84,488.84,Credit Card,CUST0859
TXN004804,5/8/2025,Pressure Cooker,Home & Kitchen,South,Offline,2,2117.26,4234.52,UPI,CUST0241
TXN003491,5/8/2025,Mixer Grinder,Home & Kitchen,South,Offline,4,3044.66,12178.64,Credit Card,CUST0179
TXN003284,5/8/2025,LED Bulb Pack,Home & Kitchen,North,Online,3,382.26,1146.78,Credit Card,CUST0281
TXN003404,5/8/2025,Mixer Grinder,Home & Kitchen,North,Online,1,2302.37,2302.37,Cash,CUST0513
TXN004849,5/8/2025,Tea Powder 500g,Grocery,North,Online,4,278.25,1113,Credit Card,CUST0885
TXN002167,5/8/2025,Hair Oil,Beauty & Personal Care,South,Online,1,182.72,182.72,Credit Card,CUST0012
TXN003061,5/8/2025,Smartwatch,Electronics,South,Online,2,1950.83,3901.66,UPI,CUST0507
TXN003702,5/8/2025,Sugar 1kg,Grocery,South,Offline,1,42.5,42.5,Cash,CUST0699
TXN002367,5/8/2025,Sunflower Oil 1L,Grocery,West,Online,5,163.54,817.7,Net Banking,CUST0433
TXN005732,5/8/2025,Laptop Bag,Electronics,East,Offline,1,1638.84,1638.84,Credit Card,CUST0135
TXN005479,5/8/2025,LED Bulb Pack,Home & Kitchen,North,Online,5,166.94,834.7,Credit Card,CUST0861
TXN003440,5/8/2025,Perfume 100ml,Beauty & Personal Care,North,Offline,2,1871.1,3742.2,UPI,CUST0204
TXN004491,5/8/2025,Bluetooth Speaker,Electronics,North,Online,2,3447.85,6895.7,Credit Card,CUST0135
TXN002880,5/8/2025,Water Bottle,Home & Kitchen,South,Online,5,277.17,1385.85,Credit Card,CUST0800
TXN003145,5/8/2025,Shampoo 400ml,Beauty & Personal Care,West,Online,1,285.13,285.13,UPI,CUST0384
TXN001237,5/8/2025,Basmati Rice 5kg,Grocery,West,Offline,1,402.89,402.89,Credit Card,CUST0075
TXN003629,5/8/2025,Smartwatch,Electronics,North,Offline,2,2708.83,5417.66,UPI,CUST0505
TXN004622,5/8/2025,LED Bulb Pack,Home & Kitchen,South,Offline,1,275.4,275.4,Credit Card,CUST0508
TXN003029,5/8/2025,Hair Oil,Beauty & Personal Care,South,Offline,3,181.14,543.42,Cash,CUST0585
TXN002336,5/9/2025,Sugar 1kg,Grocery,West,Online,3,55.2,165.6,Credit Card,CUST0226
TXN005530,5/9/2025,Sugar 1kg,Grocery,South,Online,1,51.95,51.95,Net Banking,CUST0518
TXN004815,5/9/2025,Body Lotion,Beauty & Personal Care,West,Online,1,461.08,461.08,UPI,CUST0576
TXN001340,5/9/2025,LED TV 32in,Electronics,North,Online,4,9588.47,38353.88,Credit Card,CUST0229
TXN003854,5/9/2025,LED Bulb Pack,Home & Kitchen,South,Online,1,303.27,303.27,UPI,CUST0464
TXN002939,5/9/2025,Sunflower Oil 1L,Grocery,North,Online,1,213.64,213.64,UPI,CUST0826
TXN004331,5/9/2025,Denim Jeans,Clothing,West,Online,4,1887.13,7548.52,Net Banking,CUST0569
TXN002852,5/9/2025,Wireless Earbuds,Electronics,South,Offline,1,2700.21,2700.21,UPI,CUST0808
TXN000167,5/9/2025,Sunflower Oil 1L,Grocery,South,Offline,1,169.74,169.74,Credit Card,CUST0228
TXN004242,5/9/2025,Shampoo 400ml,Beauty & Personal Care,East,Online,3,386.03,1158.09,Credit Card,CUST0121
TXN003353,5/9/2025,Pressure Cooker,Home & Kitchen,North,Offline,1,2294.03,2294.03,UPI,CUST0309
TXN000314,5/9/2025,Bluetooth Speaker,Electronics,South,Online,1,1400.78,1400.78,UPI,CUST0710
TXN002633,5/9/2025,Women's Kurti,Clothing,South,Online,1,876.07,876.07,UPI,CUST0297
TXN004145,5/9/2025,Non-Stick Pan,Home & Kitchen,South,Offline,1,838.97,838.97,Credit Card,CUST0533
TXN004699,5/9/2025,Wheat Flour 5kg,Grocery,West,Offline,1,284.3,284.3,Cash,CUST0566
TXN003013,5/9/2025,Shampoo 400ml,Beauty & Personal Care,West,Online,4,449.39,1797.56,Cash,CUST0004
TXN005025,5/10/2025,Men's T-Shirt,Clothing,South,Online,1,788.36,788.36,UPI,CUST0233
TXN001078,5/10/2025,Tea Powder 500g,Grocery,North,Offline,1,329.99,329.99,Credit Card,CUST0396
TXN005081,5/10/2025,Hair Oil,Beauty & Personal Care,South,Online,4,231.58,926.32,Credit Card,CUST0548
TXN001630,5/10/2025,Basmati Rice 5kg,Grocery,East,Online,3,608.81,1826.43,Cash,CUST0898
TXN005965,5/10/2025,Wireless Earbuds,Electronics,South,Online,2,1565.88,3131.76,Net Banking,CUST0476
TXN005397,5/10/2025,Toor Dal 1kg,Grocery,North,Online,2,126.22,252.44,Net Banking,CUST0319
TXN004192,5/10/2025,Sugar 1kg,Grocery,East,Offline,2,46.81,93.62,UPI,CUST0052
TXN005391,5/10/2025,Kids Hoodie,Clothing,West,Online,3,1061.38,3184.14,Cash,CUST0138
TXN005599,5/10/2025,Non-Stick Pan,Home & Kitchen,South,Online,1,443.67,443.67,Cash,CUST0212
TXN004529,5/10/2025,Sugar 1kg,Grocery,West,Online,1,45.47,45.47,UPI,CUST0581
TXN005448,5/10/2025,Tea Powder 500g,Grocery,West,Online,2,309.83,619.66,Cash,CUST0874
TXN001683,5/10/2025,Bed Sheet Set,Home & Kitchen,North,Online,3,1353.74,4061.22,Net Banking,CUST0454
TXN002574,5/10/2025,Kids Hoodie,Clothing,South,Offline,2,873.79,1747.58,Credit Card,CUST0609
TXN001844,5/10/2025,Wheat Flour 5kg,Grocery,East,Offline,2,261.17,522.34,Net Banking,CUST0135
TXN005055,5/10/2025,Non-Stick Pan,Home & Kitchen,South,Online,1,1074.74,1074.74,Credit Card,CUST0046
TXN005265,5/10/2025,Sunflower Oil 1L,Grocery,South,Offline,1,167.18,167.18,Cash,CUST0242
TXN004499,5/10/2025,Men's T-Shirt,Clothing,South,Offline,1,444.44,444.44,UPI,CUST0367
TXN003756,5/11/2025,Winter Jacket,Clothing,West,Online,1,1281.23,1281.23,Cash,CUST0159
TXN004791,5/11/2025,Perfume 100ml,Beauty & Personal Care,North,Offline,3,1401.91,4205.73,UPI,CUST0222
TXN005587,5/11/2025,Basmati Rice 5kg,Grocery,North,Online,1,578.56,578.56,Credit Card,CUST0845
TXN000528,5/11/2025,Kids Hoodie,Clothing,West,Online,3,1183.36,3550.08,UPI,CUST0848
TXN000794,5/11/2025,Bed Sheet Set,Home & Kitchen,East,Offline,2,942.08,1884.16,Credit Card,CUST0140
TXN005516,5/11/2025,Winter Jacket,Clothing,East,Offline,4,2298.46,9193.84,Cash,CUST0392
TXN002644,5/11/2025,Face Wash,Beauty & Personal Care,East,Offline,1,300.83,300.83,UPI,CUST0314
TXN005034,5/11/2025,Denim Jeans,Clothing,South,Offline,5,1564.63,7823.15,UPI,CUST0887
TXN005492,5/11/2025,Winter Jacket,Clothing,East,Online,1,3120.6,3120.6,UPI,CUST0386
TXN004561,5/11/2025,Wheat Flour 5kg,Grocery,South,Online,1,213.89,213.89,Credit Card,CUST0716
TXN003331,5/11/2025,Sugar 1kg,Grocery,North,Online,2,49.3,98.6,Credit Card,CUST0612
TXN001526,5/11/2025,Men's T-Shirt,Clothing,South,Offline,2,896.25,1792.5,Credit Card,CUST0801
TXN003295,5/11/2025,Non-Stick Pan,Home & Kitchen,North,Offline,1,967.82,967.82,Cash,CUST0532
TXN001966,5/11/2025,Body Lotion,Beauty & Personal Care,North,Offline,2,444.89,889.78,Net Banking,CUST0509
TXN000392,5/11/2025,Laptop Bag,Electronics,East,Online,1,1281.38,1281.38,UPI,CUST0127
TXN000946,5/11/2025,Sunflower Oil 1L,Grocery,East,Online,1,187.34,187.34,Net Banking,CUST0229
TXN005617,5/11/2025,Face Wash,Beauty & Personal Care,South,Offline,2,355.71,711.42,Net Banking,CUST0752
TXN000212,5/11/2025,Kids Hoodie,Clothing,West,Online,4,930.4,3721.6,UPI,CUST0215
TXN002628,5/11/2025,Wireless Earbuds,Electronics,South,Online,1,3464.35,3464.35,Cash,CUST0676
TXN002927,5/11/2025,Bed Sheet Set,Home & Kitchen,North,Online,2,1046.6,2093.2,Cash,CUST0424
TXN004616,5/11/2025,Smartwatch,Electronics,South,Online,1,3965.45,3965.45,UPI,CUST0687
TXN003350,5/11/2025,Toor Dal 1kg,Grocery,North,Online,1,144.62,144.62,Credit Card,CUST0863
TXN000573,5/11/2025,Winter Jacket,Clothing,South,Online,1,3329.48,3329.48,Credit Card,CUST0786
TXN004940,5/12/2025,Hair Oil,Beauty & Personal Care,South,Online,3,225.94,677.82,Credit Card,CUST0535
TXN000194,5/12/2025,Face Wash,Beauty & Personal Care,West,Offline,4,194.2,776.8,Credit Card,CUST0465
TXN000052,5/12/2025,Pressure Cooker,Home & Kitchen,South,Online,1,971.02,971.02,Net Banking,CUST0569
TXN002857,5/12/2025,Tea Powder 500g,Grocery,East,Offline,3,244.8,734.4,Cash,CUST0179
TXN004316,5/12/2025,Laptop Bag,Electronics,East,Online,3,1644.41,4933.23,UPI,CUST0528
TXN003373,5/12/2025,Mixer Grinder,Home & Kitchen,East,Offline,2,4364.52,8729.04,Net Banking,CUST0141
TXN002235,5/12/2025,Formal Shirt,Clothing,West,Offline,1,854.22,854.22,Net Banking,CUST0192
TXN005130,5/12/2025,Wheat Flour 5kg,Grocery,South,Offline,2,203.87,407.74,Credit Card,CUST0096
TXN001407,5/12/2025,Men's T-Shirt,Clothing,West,Offline,1,416.19,416.19,Net Banking,CUST0082
TXN001140,5/12/2025,Tea Powder 500g,Grocery,South,Offline,2,307.02,614.04,UPI,CUST0241
TXN005734,5/12/2025,Body Lotion,Beauty & Personal Care,East,Online,2,486.3,972.6,Credit Card,CUST0474
TXN005188,5/12/2025,LED TV 32in,Electronics,South,Offline,2,13407.8,26815.6,Credit Card,CUST0197
TXN002287,5/12/2025,Toor Dal 1kg,Grocery,South,Offline,1,132.88,132.88,Cash,CUST0325
TXN001932,5/13/2025,Perfume 100ml,Beauty & Personal Care,West,Online,3,1754.12,5262.36,Cash,CUST0566
TXN002129,5/13/2025,Mixer Grinder,Home & Kitchen,North,Online,3,3654.3,10962.9,UPI,CUST0575
TXN003660,5/13/2025,Wireless Earbuds,Electronics,North,Offline,2,3072.82,6145.64,Net Banking,CUST0897
TXN002194,5/13/2025,Sunscreen SPF50,Beauty & Personal Care,North,Online,3,637.28,1911.84,Cash,CUST0749
TXN005761,5/13/2025,Toor Dal 1kg,Grocery,South,Offline,5,127.87,639.35,UPI,CUST0505
TXN000101,5/13/2025,Men's T-Shirt,Clothing,East,Offline,3,852.72,2558.16,UPI,CUST0179
TXN000619,5/13/2025,Men's T-Shirt,Clothing,South,Online,1,375.02,375.02,Net Banking,CUST0231
TXN004780,5/13/2025,Sunscreen SPF50,Beauty & Personal Care,North,Online,1,597.73,597.73,Credit Card,CUST0167
TXN005774,5/13/2025,Hair Oil,Beauty & Personal Care,South,Offline,3,340.63,1021.89,UPI,CUST0058
TXN004235,5/13/2025,Women's Kurti,Clothing,East,Offline,2,1429.38,2858.76,Credit Card,CUST0854
TXN004511,5/13/2025,Hair Oil,Beauty & Personal Care,West,Online,2,205.88,411.76,UPI,CUST0585
TXN005199,5/13/2025,Water Bottle,Home & Kitchen,East,Online,2,281.77,563.54,Credit Card,CUST0192
TXN005105,5/13/2025,Perfume 100ml,Beauty & Personal Care,West,Online,1,1864.7,1864.7,Credit Card,CUST0151
TXN004545,5/13/2025,Men's T-Shirt,Clothing,South,Online,4,770.51,3082.04,Credit Card,CUST0070
TXN001216,5/13/2025,Kids Hoodie,Clothing,South,Online,2,552.49,1104.98,UPI,CUST0142
TXN001084,5/13/2025,Denim Jeans,Clothing,North,Online,1,1719.83,1719.83,Cash,CUST0442
TXN000904,5/13/2025,Wheat Flour 5kg,Grocery,East,Offline,1,333.54,333.54,Credit Card,CUST0268
TXN002897,5/13/2025,Bed Sheet Set,Home & Kitchen,East,Online,2,1583.43,3166.86,Credit Card,CUST0476
TXN003333,5/14/2025,Face Wash,Beauty & Personal Care,West,Offline,4,237.27,949.08,Net Banking,CUST0326
TXN000769,5/14/2025,Basmati Rice 5kg,Grocery,West,Online,5,442.63,2213.15,Credit Card,CUST0114
TXN000231,5/14/2025,Mixer Grinder,Home & Kitchen,South,Offline,1,1961.77,1961.77,Credit Card,CUST0633
TXN001086,5/14/2025,Laptop Bag,Electronics,South,Online,1,927.9,927.9,UPI,CUST0075
TXN005614,5/14/2025,Sunscreen SPF50,Beauty & Personal Care,East,Online,3,261.85,785.55,UPI,CUST0715
TXN004579,5/14/2025,Men's T-Shirt,Clothing,South,Online,1,300.85,300.85,Credit Card,CUST0680
TXN004617,5/14/2025,Body Lotion,Beauty & Personal Care,North,Offline,1,488.05,488.05,Net Banking,CUST0718
TXN002735,5/14/2025,Tea Powder 500g,Grocery,North,Offline,1,178.87,178.87,Credit Card,CUST0089
TXN003942,5/14/2025,Laptop Bag,Electronics,North,Offline,1,623.66,623.66,UPI,CUST0848
TXN005918,5/14/2025,Non-Stick Pan,Home & Kitchen,North,Offline,1,1044.46,1044.46,Credit Card,CUST0826
TXN005343,5/14/2025,Sunscreen SPF50,Beauty & Personal Care,North,Online,1,661.84,661.84,Net Banking,CUST0485
TXN003550,5/15/2025,Tea Powder 500g,Grocery,South,Online,2,335.35,670.7,UPI,CUST0646
TXN002114,5/15/2025,Basmati Rice 5kg,Grocery,West,Offline,2,655.14,1310.28,Net Banking,CUST0323
TXN005704,5/15/2025,Denim Jeans,Clothing,West,Offline,3,1731.02,5193.06,Credit Card,CUST0718
TXN004977,5/15/2025,Mixer Grinder,Home & Kitchen,West,Offline,1,4353.2,4353.2,UPI,CUST0772
TXN004770,5/15/2025,Shampoo 400ml,Beauty & Personal Care,South,Offline,2,461.1,922.2,Credit Card,CUST0662
TXN005682,5/15/2025,Power Bank 10000mAh,Electronics,South,Online,1,1350.85,1350.85,Credit Card,CUST0837
TXN000063,5/15/2025,Mixer Grinder,Home & Kitchen,South,Offline,2,4365.11,8730.22,Net Banking,CUST0233
TXN001602,5/15/2025,Laptop Bag,Electronics,South,Online,1,1173.96,1173.96,UPI,CUST0679
TXN005179,5/15/2025,Shampoo 400ml,Beauty & Personal Care,South,Online,2,219.56,439.12,Net Banking,CUST0490
TXN001269,5/15/2025,Bluetooth Speaker,Electronics,East,Offline,2,1788.86,3577.72,Credit Card,CUST0576
TXN003994,5/15/2025,Smartwatch,Electronics,South,Offline,5,2332.46,11662.3,UPI,CUST0229
TXN005601,5/15/2025,Bed Sheet Set,Home & Kitchen,North,Offline,2,942.11,1884.22,Credit Card,CUST0193
TXN002288,5/15/2025,Sunflower Oil 1L,Grocery,East,Offline,1,156.42,156.42,Credit Card,CUST0323
TXN002770,5/15/2025,Pressure Cooker,Home & Kitchen,West,Online,2,1522.29,3044.58,Cash,CUST0411
TXN002469,5/15/2025,Water Bottle,Home & Kitchen,South,Online,1,220.11,220.11,Credit Card,CUST0184
TXN004953,5/15/2025,Smartwatch,Electronics,South,Offline,2,4476,8952,Credit Card,CUST0759
TXN003668,5/15/2025,Non-Stick Pan,Home & Kitchen,East,Online,2,427.02,854.04,Cash,CUST0211
TXN002101,5/15/2025,Mixer Grinder,Home & Kitchen,West,Online,5,1882.4,9412,UPI,CUST0575
TXN004368,5/15/2025,Wheat Flour 5kg,Grocery,East,Online,5,276.52,1382.6,Credit Card,CUST0428
TXN001390,5/15/2025,Bed Sheet Set,Home & Kitchen,South,Online,1,1499.92,1499.92,Credit Card,CUST0188
TXN005326,5/16/2025,Toor Dal 1kg,Grocery,North,Online,1,110.22,110.22,UPI,CUST0534
TXN002810,5/16/2025,Pressure Cooker,Home & Kitchen,East,Online,1,1345.82,1345.82,UPI,CUST0854
TXN005754,5/16/2025,Formal Shirt,Clothing,East,Online,2,1269.2,2538.4,Credit Card,CUST0171
TXN003603,5/16/2025,Winter Jacket,Clothing,East,Online,3,2667.59,8002.77,UPI,CUST0262
TXN003203,5/16/2025,Hair Oil,Beauty & Personal Care,South,Offline,3,255.14,765.42,Credit Card,CUST0489
TXN004914,5/16/2025,Hair Oil,Beauty & Personal Care,North,Offline,1,139.02,139.02,Net Banking,CUST0258
TXN005366,5/16/2025,Formal Shirt,Clothing,South,Online,3,842.08,2526.24,Credit Card,CUST0453
TXN005421,5/16/2025,Men's T-Shirt,Clothing,East,Online,5,809.97,4049.85,Net Banking,CUST0532
TXN000862,5/16/2025,Wireless Earbuds,Electronics,West,Online,3,3029.84,9089.52,Cash,CUST0752
TXN003670,5/16/2025,Winter Jacket,Clothing,East,Online,3,2945.24,8835.72,Credit Card,CUST0767
TXN004381,5/16/2025,Tea Powder 500g,Grocery,East,Offline,1,271.92,271.92,Credit Card,CUST0887
TXN000821,5/16/2025,Toor Dal 1kg,Grocery,North,Online,2,168.93,337.86,UPI,CUST0137
TXN003680,5/16/2025,Denim Jeans,Clothing,West,Online,3,1253.58,3760.74,Credit Card,CUST0548
TXN005510,5/16/2025,Sunflower Oil 1L,Grocery,North,Online,1,190.27,190.27,UPI,CUST0837
TXN000272,5/17/2025,Sugar 1kg,Grocery,West,Offline,2,57.98,115.96,UPI,CUST0877
TXN001788,5/17/2025,LED Bulb Pack,Home & Kitchen,South,Online,1,318.51,318.51,UPI,CUST0386
TXN004939,5/17/2025,Shampoo 400ml,Beauty & Personal Care,West,Online,4,182.9,731.6,UPI,CUST0524
TXN001598,5/17/2025,Sugar 1kg,Grocery,South,Offline,1,55.96,55.96,UPI,CUST0772
TXN000724,5/17/2025,LED TV 32in,Electronics,West,Offline,2,13830.87,27661.74,Net Banking,CUST0848
TXN000692,5/17/2025,Women's Kurti,Clothing,South,Online,1,809.52,809.52,UPI,CUST0892
TXN001075,5/17/2025,Sugar 1kg,Grocery,East,Offline,1,59.82,59.82,Cash,CUST0271
TXN002755,5/17/2025,Non-Stick Pan,Home & Kitchen,South,Online,2,484.03,968.06,Credit Card,CUST0034
TXN005224,5/17/2025,Hair Oil,Beauty & Personal Care,South,Offline,3,234.36,703.08,UPI,CUST0898
TXN000265,5/17/2025,Smartwatch,Electronics,South,Online,1,3411.01,3411.01,Net Banking,CUST0155
TXN004503,5/17/2025,Smartwatch,Electronics,West,Offline,2,3776.44,7552.88,Credit Card,CUST0849
TXN002718,5/17/2025,Body Lotion,Beauty & Personal Care,North,Online,1,534.01,534.01,Credit Card,CUST0752
TXN000654,5/17/2025,Denim Jeans,Clothing,West,Online,3,1350.04,4050.12,Credit Card,CUST0790
TXN000601,5/17/2025,Shampoo 400ml,Beauty & Personal Care,South,Online,2,427.92,855.84,Credit Card,CUST0470
TXN004295,5/17/2025,Power Bank 10000mAh,Electronics,North,Online,2,1728.69,3457.38,Net Banking,CUST0196
TXN004778,5/17/2025,Non-Stick Pan,Home & Kitchen,North,Online,2,593.88,1187.76,Net Banking,CUST0157
TXN001447,5/18/2025,Hair Oil,Beauty & Personal Care,North,Offline,3,188.74,566.22,Credit Card,CUST0578
TXN002305,5/18/2025,Women's Kurti,Clothing,South,Online,1,1434.65,1434.65,Credit Card,CUST0577
TXN005708,5/18/2025,Wheat Flour 5kg,Grocery,South,Online,1,258.26,258.26,Credit Card,CUST0479
TXN000190,5/18/2025,LED Bulb Pack,Home & Kitchen,North,Online,1,337.13,337.13,Cash,CUST0221
TXN002123,5/18/2025,Sunflower Oil 1L,Grocery,West,Online,1,139.04,139.04,Net Banking,CUST0582
TXN005016,5/18/2025,LED Bulb Pack,Home & Kitchen,East,Offline,1,188.94,188.94,Credit Card,CUST0079
TXN001719,5/18/2025,Formal Shirt,Clothing,South,Offline,2,988.85,1977.7,Net Banking,CUST0752
TXN004313,5/18/2025,Shampoo 400ml,Beauty & Personal Care,South,Online,1,272.12,272.12,Net Banking,CUST0296
TXN005959,5/18/2025,Smartwatch,Electronics,South,Online,1,5564.35,5564.35,UPI,CUST0808
TXN000027,5/18/2025,Bluetooth Speaker,Electronics,West,Online,1,1637.48,1637.48,Net Banking,CUST0249
TXN001440,5/18/2025,Basmati Rice 5kg,Grocery,West,Online,2,561.83,1123.66,Net Banking,CUST0390
TXN002090,5/18/2025,Toor Dal 1kg,Grocery,South,Online,2,165.57,331.14,Credit Card,CUST0768
TXN004502,5/18/2025,Smartwatch,Electronics,East,Online,1,4084.69,4084.69,Credit Card,CUST0861
TXN004421,5/19/2025,Sugar 1kg,Grocery,East,Online,3,45.24,135.72,Credit Card,CUST0258
TXN000233,5/19/2025,Mixer Grinder,Home & Kitchen,South,Online,1,2130.81,2130.81,Credit Card,CUST0076
TXN004997,5/19/2025,Bluetooth Speaker,Electronics,East,Offline,2,2841.92,5683.84,Cash,CUST0811
TXN004397,5/19/2025,Laptop Bag,Electronics,South,Offline,3,916.26,2748.78,Credit Card,CUST0426
TXN000502,5/19/2025,Basmati Rice 5kg,Grocery,South,Online,2,393.13,786.26,UPI,CUST0158
TXN003905,5/19/2025,Winter Jacket,Clothing,East,Offline,3,1854.91,5564.73,UPI,CUST0732
TXN003032,5/19/2025,Non-Stick Pan,Home & Kitchen,West,Online,1,1120.69,1120.69,Credit Card,CUST0176
TXN001356,5/19/2025,Winter Jacket,Clothing,North,Offline,2,3268.21,6536.42,Net Banking,CUST0505
TXN005041,5/19/2025,LED Bulb Pack,Home & Kitchen,East,Offline,2,215.43,430.86,Credit Card,CUST0384
TXN005856,5/19/2025,Sunscreen SPF50,Beauty & Personal Care,North,Online,2,257.98,515.96,UPI,CUST0412
TXN003275,5/19/2025,LED TV 32in,Electronics,West,Online,1,14885.56,14885.56,Credit Card,CUST0780
TXN005987,5/19/2025,Face Wash,Beauty & Personal Care,North,Online,1,305.53,305.53,Credit Card,CUST0198
TXN001547,5/19/2025,Bed Sheet Set,Home & Kitchen,South,Online,2,1324.36,2648.72,Credit Card,CUST0243
TXN001285,5/19/2025,LED Bulb Pack,Home & Kitchen,North,Online,3,181.43,544.29,Cash,CUST0554
TXN003228,5/19/2025,Toor Dal 1kg,Grocery,West,Online,5,131.64,658.2,Cash,CUST0842
TXN000779,5/19/2025,Winter Jacket,Clothing,West,Offline,2,3419.39,6838.78,UPI,CUST0164
TXN001978,5/20/2025,Men's T-Shirt,Clothing,South,Offline,5,368.02,1840.1,Net Banking,CUST0195
TXN003216,5/20/2025,Mixer Grinder,Home & Kitchen,South,Online,1,2244.26,2244.26,Cash,CUST0309
TXN003343,5/20/2025,Sunflower Oil 1L,Grocery,South,Offline,1,200.49,200.49,Cash,CUST0676
TXN000398,5/20/2025,Face Wash,Beauty & Personal Care,North,Online,1,271.32,271.32,Net Banking,CUST0103
TXN001054,5/20/2025,Perfume 100ml,Beauty & Personal Care,North,Offline,1,2310.79,2310.79,UPI,CUST0649
TXN001337,5/20/2025,Water Bottle,Home & Kitchen,East,Online,1,277.28,277.28,Net Banking,CUST0797
TXN003104,5/20/2025,Shampoo 400ml,Beauty & Personal Care,South,Online,1,331.79,331.79,UPI,CUST0145
TXN005204,5/20/2025,Smartwatch,Electronics,South,Online,1,4292.72,4292.72,Credit Card,CUST0807
TXN005858,5/20/2025,Women's Kurti,Clothing,West,Offline,2,856.68,1713.36,UPI,CUST0505
TXN000395,5/20/2025,Smartwatch,Electronics,West,Online,1,5035.41,5035.41,Credit Card,CUST0716
TXN004836,5/20/2025,Bed Sheet Set,Home & Kitchen,North,Online,4,961.51,3846.04,Credit Card,CUST0582
TXN003999,5/20/2025,Tea Powder 500g,Grocery,East,Offline,5,175.81,879.05,Credit Card,CUST0087
TXN005768,5/20/2025,Tea Powder 500g,Grocery,South,Offline,1,218.53,218.53,UPI,CUST0662
TXN002878,5/20/2025,Laptop Bag,Electronics,West,Online,1,671.77,671.77,UPI,CUST0500
TXN001351,5/20/2025,Hair Oil,Beauty & Personal Care,East,Online,1,284.05,284.05,Credit Card,CUST0089
TXN002875,5/20/2025,Hair Oil,Beauty & Personal Care,East,Online,3,120.59,361.77,Credit Card,CUST0560
TXN005639,5/20/2025,Mixer Grinder,Home & Kitchen,West,Online,1,2311.04,2311.04,Cash,CUST0419
TXN004348,5/20/2025,Formal Shirt,Clothing,West,Offline,1,1355.92,1355.92,Cash,CUST0770
TXN004799,5/21/2025,Tea Powder 500g,Grocery,West,Online,2,244.13,488.26,UPI,CUST0882
TXN002924,5/21/2025,Women's Kurti,Clothing,South,Online,1,898.16,898.16,Credit Card,CUST0298
TXN004950,5/21/2025,Wheat Flour 5kg,Grocery,South,Online,1,295.35,295.35,Credit Card,CUST0462
TXN001812,5/21/2025,Perfume 100ml,Beauty & Personal Care,South,Online,1,1971.33,1971.33,Credit Card,CUST0470
TXN001919,5/21/2025,Women's Kurti,Clothing,East,Offline,3,962.41,2887.23,Cash,CUST0008
TXN000868,5/21/2025,Tea Powder 500g,Grocery,North,Offline,2,179.47,358.94,Net Banking,CUST0437
TXN003809,5/21/2025,Water Bottle,Home & Kitchen,East,Offline,3,232.38,697.14,Cash,CUST0731
TXN000982,5/21/2025,Pressure Cooker,Home & Kitchen,North,Online,1,2145.68,2145.68,UPI,CUST0779
TXN005315,5/21/2025,Shampoo 400ml,Beauty & Personal Care,West,Offline,1,367.19,367.19,Credit Card,CUST0685
TXN005839,5/21/2025,Face Wash,Beauty & Personal Care,South,Online,2,440.65,881.3,Net Banking,CUST0227
TXN000914,5/21/2025,Sunflower Oil 1L,Grocery,South,Online,1,212,212,UPI,CUST0021
TXN002070,5/21/2025,LED TV 32in,Electronics,North,Offline,1,13979.14,13979.14,UPI,CUST0448
TXN004297,5/21/2025,Water Bottle,Home & Kitchen,West,Offline,1,323.59,323.59,UPI,CUST0654
TXN003655,5/21/2025,Hair Oil,Beauty & Personal Care,West,Online,1,289.01,289.01,Cash,CUST0416
TXN001327,5/21/2025,Non-Stick Pan,Home & Kitchen,North,Online,1,957.17,957.17,UPI,CUST0272
TXN001276,5/21/2025,Wireless Earbuds,Electronics,West,Offline,3,1254.41,3763.23,Credit Card,CUST0746
TXN002119,5/21/2025,LED TV 32in,Electronics,South,Offline,5,10389.07,51945.35,Credit Card,CUST0066
TXN000688,5/21/2025,Bed Sheet Set,Home & Kitchen,West,Online,4,1674.95,6699.8,Cash,CUST0377
TXN003072,5/21/2025,LED TV 32in,Electronics,West,Offline,1,9828.95,9828.95,Net Banking,CUST0485
TXN002965,5/21/2025,Winter Jacket,Clothing,East,Offline,2,1274.4,2548.8,Credit Card,CUST0105
TXN003074,5/21/2025,Denim Jeans,Clothing,South,Online,1,1225.3,1225.3,Net Banking,CUST0616
TXN002443,5/21/2025,Perfume 100ml,Beauty & Personal Care,West,Offline,4,1131.15,4524.6,Credit Card,CUST0536
TXN001358,5/21/2025,Sunflower Oil 1L,Grocery,East,Online,2,163.35,326.7,Credit Card,CUST0396
TXN001032,5/21/2025,Non-Stick Pan,Home & Kitchen,North,Online,3,899.21,2697.63,Net Banking,CUST0499
TXN002132,5/21/2025,Water Bottle,Home & Kitchen,North,Offline,2,498.06,996.12,Cash,CUST0390
TXN002714,5/22/2025,Pressure Cooker,Home & Kitchen,South,Offline,1,1691.16,1691.16,UPI,CUST0713
TXN001288,5/22/2025,Wireless Earbuds,Electronics,South,Online,2,2911.63,5823.26,Net Banking,CUST0680
TXN000358,5/22/2025,Bluetooth Speaker,Electronics,North,Offline,4,1563.36,6253.44,Credit Card,CUST0447
TXN004818,5/22/2025,Bed Sheet Set,Home & Kitchen,South,Offline,4,1010.48,4041.92,Cash,CUST0273
TXN005546,5/22/2025,Sunflower Oil 1L,Grocery,East,Offline,3,154.51,463.53,Credit Card,CUST0481
TXN003587,5/22/2025,Power Bank 10000mAh,Electronics,South,Online,1,1255.36,1255.36,UPI,CUST0027
TXN002874,5/22/2025,Non-Stick Pan,Home & Kitchen,West,Offline,3,634.88,1904.64,UPI,CUST0648
TXN000482,5/22/2025,Men's T-Shirt,Clothing,South,Online,4,686.6,2746.4,UPI,CUST0365
TXN003303,5/22/2025,Sugar 1kg,Grocery,North,Online,2,46.73,93.46,Credit Card,CUST0120
TXN002526,5/22/2025,Denim Jeans,Clothing,West,Online,1,2061.27,2061.27,UPI,CUST0532
TXN004577,5/22/2025,Denim Jeans,Clothing,North,Online,3,2192.69,6578.07,UPI,CUST0300
TXN003289,5/22/2025,Laptop Bag,Electronics,South,Offline,3,609.57,1828.71,Credit Card,CUST0595
TXN001604,5/22/2025,Non-Stick Pan,Home & Kitchen,North,Online,2,907.95,1815.9,UPI,CUST0848
TXN005505,5/22/2025,Hair Oil,Beauty & Personal Care,South,Online,1,232.68,232.68,UPI,CUST0055
TXN000391,5/23/2025,Basmati Rice 5kg,Grocery,East,Online,1,663.45,663.45,UPI,CUST0367
TXN000466,5/23/2025,Smartwatch,Electronics,East,Online,2,5607.81,11215.62,Cash,CUST0127
TXN004004,5/23/2025,Sunscreen SPF50,Beauty & Personal Care,South,Offline,3,651.57,1954.71,Net Banking,CUST0275
TXN002597,5/23/2025,Wireless Earbuds,Electronics,South,Online,1,2135.26,2135.26,Net Banking,CUST0768
TXN003567,5/23/2025,Sugar 1kg,Grocery,North,Offline,2,50.75,101.5,UPI,CUST0127
TXN000582,5/23/2025,Body Lotion,Beauty & Personal Care,North,Offline,3,502.99,1508.97,UPI,CUST0117
TXN004643,5/23/2025,Wheat Flour 5kg,Grocery,East,Online,1,261.81,261.81,Credit Card,CUST0774
TXN000355,5/23/2025,Tea Powder 500g,Grocery,South,Online,3,296.54,889.62,Credit Card,CUST0582
TXN000642,5/23/2025,Formal Shirt,Clothing,South,Online,2,957.96,1915.92,Credit Card,CUST0105
TXN001481,5/23/2025,Formal Shirt,Clothing,South,Offline,3,902.15,2706.45,Cash,CUST0733
TXN001563,5/24/2025,Women's Kurti,Clothing,East,Online,1,1212.03,1212.03,Credit Card,CUST0533
TXN001226,5/24/2025,Mixer Grinder,Home & Kitchen,North,Online,2,3139.1,6278.2,Credit Card,CUST0571
TXN004480,5/24/2025,Hair Oil,Beauty & Personal Care,East,Online,2,141.6,283.2,Credit Card,CUST0227
TXN005659,5/24/2025,Hair Oil,Beauty & Personal Care,South,Offline,1,323.97,323.97,UPI,CUST0674
TXN004364,5/24/2025,Water Bottle,Home & Kitchen,West,Offline,5,438.99,2194.95,Net Banking,CUST0053
TXN002351,5/24/2025,Power Bank 10000mAh,Electronics,West,Offline,1,1745.7,1745.7,Net Banking,CUST0476
TXN001191,5/24/2025,Face Wash,Beauty & Personal Care,South,Offline,1,151.77,151.77,UPI,CUST0687
TXN001246,5/24/2025,Bluetooth Speaker,Electronics,South,Online,3,1520.5,4561.5,UPI,CUST0732
TXN000623,5/24/2025,Power Bank 10000mAh,Electronics,East,Offline,3,736.86,2210.58,Cash,CUST0322
TXN002785,5/24/2025,Tea Powder 500g,Grocery,South,Online,1,170.35,170.35,Credit Card,CUST0578
TXN004016,5/24/2025,Tea Powder 500g,Grocery,West,Online,2,252.3,504.6,UPI,CUST0811
TXN005919,5/24/2025,Toor Dal 1kg,Grocery,West,Online,1,131.87,131.87,Credit Card,CUST0767
TXN005673,5/24/2025,Laptop Bag,Electronics,West,Online,5,1590.71,7953.55,Credit Card,CUST0074
TXN004237,5/24/2025,Winter Jacket,Clothing,North,Online,4,1788.43,7153.72,Cash,CUST0524
TXN005308,5/24/2025,Formal Shirt,Clothing,South,Offline,1,774.86,774.86,Net Banking,CUST0306
TXN001623,5/24/2025,Wheat Flour 5kg,Grocery,South,Online,1,270.25,270.25,Net Banking,CUST0271
TXN004673,5/25/2025,Smartwatch,Electronics,South,Online,2,3323.05,6646.1,Credit Card,CUST0732
TXN001742,5/25/2025,Laptop Bag,Electronics,East,Online,1,810.63,810.63,Net Banking,CUST0104
TXN005693,5/25/2025,LED TV 32in,Electronics,South,Online,2,10130.62,20261.24,Net Banking,CUST0359
TXN000912,5/25/2025,Men's T-Shirt,Clothing,South,Offline,2,844.11,1688.22,UPI,CUST0679
TXN003708,5/25/2025,Sunflower Oil 1L,Grocery,North,Online,4,182.26,729.04,Net Banking,CUST0178
TXN004668,5/25/2025,Formal Shirt,Clothing,East,Offline,1,866.26,866.26,UPI,CUST0636
TXN004558,5/25/2025,Mixer Grinder,Home & Kitchen,South,Offline,1,2361.31,2361.31,Cash,CUST0365
TXN004829,5/25/2025,Smartwatch,Electronics,East,Offline,2,2666.23,5332.46,Net Banking,CUST0158
TXN002653,5/25/2025,Laptop Bag,Electronics,North,Online,4,959.2,3836.8,Credit Card,CUST0509
TXN001076,5/25/2025,LED TV 32in,Electronics,North,Online,2,12436.71,24873.42,Credit Card,CUST0837
TXN002532,5/25/2025,LED TV 32in,Electronics,South,Offline,1,15181.68,15181.68,Net Banking,CUST0892
TXN005010,5/25/2025,Water Bottle,Home & Kitchen,South,Online,3,278.18,834.54,Credit Card,CUST0155
TXN002325,5/25/2025,Bluetooth Speaker,Electronics,East,Online,1,2400.65,2400.65,Credit Card,CUST0157
TXN002343,5/25/2025,Face Wash,Beauty & Personal Care,South,Offline,4,432.22,1728.88,UPI,CUST0482
TXN005409,5/25/2025,Toor Dal 1kg,Grocery,South,Online,1,176.79,176.79,UPI,CUST0474
TXN001581,5/25/2025,Sunscreen SPF50,Beauty & Personal Care,East,Offline,4,321.67,1286.68,Credit Card,CUST0253
TXN001580,5/25/2025,Perfume 100ml,Beauty & Personal Care,West,Offline,1,1018.38,1018.38,Cash,CUST0710
TXN002301,5/25/2025,Sunflower Oil 1L,Grocery,West,Offline,4,173.23,692.92,UPI,CUST0491
TXN004287,5/25/2025,Power Bank 10000mAh,Electronics,South,Online,5,988.61,4943.05,Cash,CUST0576
TXN001960,5/26/2025,Basmati Rice 5kg,Grocery,East,Offline,1,634.38,634.38,UPI,CUST0166
TXN003202,5/26/2025,Tea Powder 500g,Grocery,South,Online,1,349.08,349.08,UPI,CUST0394
TXN004720,5/26/2025,Power Bank 10000mAh,Electronics,East,Online,5,1523.55,7617.75,UPI,CUST0185
TXN000839,5/26/2025,Sugar 1kg,Grocery,West,Offline,2,49.88,99.76,Credit Card,CUST0338
TXN005712,5/26/2025,LED Bulb Pack,Home & Kitchen,West,Offline,5,244.01,1220.05,UPI,CUST0679
TXN002921,5/26/2025,Bed Sheet Set,Home & Kitchen,East,Online,1,1057.39,1057.39,Credit Card,CUST0321
TXN003798,5/26/2025,LED TV 32in,Electronics,South,Online,1,12647.38,12647.38,Credit Card,CUST0463
TXN005561,5/26/2025,Face Wash,Beauty & Personal Care,West,Online,2,325.09,650.18,Cash,CUST0248
TXN005721,5/26/2025,Smartwatch,Electronics,North,Online,3,4476.86,13430.58,Credit Card,CUST0113
TXN001792,5/26/2025,Bed Sheet Set,Home & Kitchen,South,Online,4,1083.89,4335.56,UPI,CUST0519
TXN001539,5/26/2025,Basmati Rice 5kg,Grocery,West,Offline,4,583.95,2335.8,UPI,CUST0482
TXN001601,5/26/2025,Smartwatch,Electronics,North,Online,2,4241.34,8482.68,Credit Card,CUST0737
TXN003847,5/26/2025,Non-Stick Pan,Home & Kitchen,East,Online,1,1166.27,1166.27,Credit Card,CUST0183
TXN001294,5/26/2025,Pressure Cooker,Home & Kitchen,West,Online,1,2448.19,2448.19,Cash,CUST0499
TXN005389,5/26/2025,Smartwatch,Electronics,West,Online,1,4472.13,4472.13,UPI,CUST0861
TXN000939,5/26/2025,LED Bulb Pack,Home & Kitchen,North,Online,1,235.44,235.44,Cash,CUST0821
TXN000686,5/26/2025,Tea Powder 500g,Grocery,East,Online,2,330.74,661.48,Net Banking,CUST0130
TXN001421,5/26/2025,Laptop Bag,Electronics,West,Offline,4,1725.57,6902.28,UPI,CUST0807
TXN005889,5/26/2025,Face Wash,Beauty & Personal Care,West,Offline,1,245.57,245.57,Credit Card,CUST0758
TXN001968,5/26/2025,Basmati Rice 5kg,Grocery,West,Offline,2,657.38,1314.76,UPI,CUST0676
TXN005262,5/27/2025,Bluetooth Speaker,Electronics,West,Offline,3,1878.74,5636.22,Credit Card,CUST0272
TXN005162,5/27/2025,Pressure Cooker,Home & Kitchen,North,Online,3,2474.77,7424.31,UPI,CUST0305
TXN005028,5/27/2025,Denim Jeans,Clothing,East,Online,3,2078.88,6236.64,Net Banking,CUST0575
TXN005876,5/27/2025,Power Bank 10000mAh,Electronics,East,Online,1,1129.78,1129.78,Credit Card,CUST0262
TXN000725,5/27/2025,Body Lotion,Beauty & Personal Care,West,Offline,2,413.39,826.78,UPI,CUST0166
TXN004211,5/27/2025,Pressure Cooker,Home & Kitchen,East,Offline,1,2248.53,2248.53,UPI,CUST0864
TXN000800,5/27/2025,Wheat Flour 5kg,Grocery,East,Online,1,220.48,220.48,UPI,CUST0489
TXN000067,5/27/2025,Women's Kurti,Clothing,West,Online,1,830.88,830.88,Credit Card,CUST0630
TXN005913,5/27/2025,Smartwatch,Electronics,West,Online,5,4153.68,20768.4,UPI,CUST0012
TXN004119,5/27/2025,Formal Shirt,Clothing,South,Offline,4,1119.64,4478.56,Credit Card,CUST0499
TXN003703,5/27/2025,Formal Shirt,Clothing,North,Online,5,1504.04,7520.2,UPI,CUST0808
TXN001056,5/27/2025,Face Wash,Beauty & Personal Care,East,Online,1,325.19,325.19,Cash,CUST0826
TXN005800,5/28/2025,Kids Hoodie,Clothing,East,Offline,2,835.61,1671.22,Credit Card,CUST0266
TXN001135,5/28/2025,Smartwatch,Electronics,West,Online,5,5946.32,29731.6,UPI,CUST0530
TXN004406,5/28/2025,Wheat Flour 5kg,Grocery,South,Offline,1,326.14,326.14,Credit Card,CUST0479
TXN000014,5/28/2025,Kids Hoodie,Clothing,East,Offline,1,917.12,917.12,UPI,CUST0383
TXN004663,5/28/2025,Wheat Flour 5kg,Grocery,East,Offline,1,292.96,292.96,Credit Card,CUST0247
TXN003049,5/28/2025,Hair Oil,Beauty & Personal Care,South,Online,2,317.75,635.5,UPI,CUST0155
TXN002990,5/28/2025,Toor Dal 1kg,Grocery,South,Online,1,175.73,175.73,UPI,CUST0377
TXN001843,5/28/2025,Hair Oil,Beauty & Personal Care,East,Offline,1,200.44,200.44,Credit Card,CUST0188
TXN005076,5/28/2025,Bluetooth Speaker,Electronics,North,Online,1,1775.74,1775.74,Credit Card,CUST0848
TXN001567,5/28/2025,Smartwatch,Electronics,South,Online,3,3696.3,11088.9,Credit Card,CUST0367
TXN001497,5/28/2025,Toor Dal 1kg,Grocery,East,Offline,1,114.28,114.28,UPI,CUST0147
TXN000926,5/28/2025,Non-Stick Pan,Home & Kitchen,East,Online,2,530.84,1061.68,Credit Card,CUST0476
TXN005979,5/29/2025,Shampoo 400ml,Beauty & Personal Care,West,Offline,1,426.29,426.29,Credit Card,CUST0681
TXN002274,5/29/2025,Smartwatch,Electronics,North,Online,1,5349.54,5349.54,UPI,CUST0155
TXN002407,5/29/2025,Hair Oil,Beauty & Personal Care,East,Offline,3,272.57,817.71,Credit Card,CUST0346
TXN004423,5/29/2025,Toor Dal 1kg,Grocery,North,Online,1,150.51,150.51,Credit Card,CUST0379
TXN003706,5/29/2025,Shampoo 400ml,Beauty & Personal Care,North,Online,5,489.71,2448.55,UPI,CUST0800
TXN001918,5/29/2025,Sugar 1kg,Grocery,South,Online,1,43.34,43.34,Net Banking,CUST0012
TXN001607,5/29/2025,Non-Stick Pan,Home & Kitchen,South,Offline,1,1179.48,1179.48,Cash,CUST0760
TXN005295,5/29/2025,Women's Kurti,Clothing,East,Online,3,1356.55,4069.65,Net Banking,CUST0595
TXN001938,5/29/2025,Non-Stick Pan,Home & Kitchen,East,Online,2,1183.57,2367.14,Net Banking,CUST0046
TXN002862,5/29/2025,Wheat Flour 5kg,Grocery,South,Online,1,226.8,226.8,Net Banking,CUST0649
TXN003439,5/29/2025,Wheat Flour 5kg,Grocery,East,Online,1,236.35,236.35,Credit Card,CUST0359
TXN003874,5/30/2025,Wheat Flour 5kg,Grocery,South,Online,1,313.88,313.88,UPI,CUST0728
TXN003233,5/30/2025,Bed Sheet Set,Home & Kitchen,West,Online,1,812.15,812.15,Cash,CUST0566
TXN002076,5/30/2025,Laptop Bag,Electronics,East,Offline,1,1052.75,1052.75,Net Banking,CUST0027
TXN005521,5/30/2025,Shampoo 400ml,Beauty & Personal Care,North,Online,1,409.96,409.96,Cash,CUST0887
TXN005752,5/30/2025,Pressure Cooker,Home & Kitchen,West,Online,1,2490.56,2490.56,UPI,CUST0770
TXN002948,5/30/2025,Bluetooth Speaker,Electronics,North,Online,3,2599.09,7797.27,Credit Card,CUST0500
TXN000905,5/30/2025,Toor Dal 1kg,Grocery,West,Online,3,175.83,527.49,Net Banking,CUST0317
TXN005024,5/30/2025,Power Bank 10000mAh,Electronics,South,Online,1,1471.73,1471.73,Credit Card,CUST0550
TXN003995,5/30/2025,Pressure Cooker,Home & Kitchen,West,Online,2,1440.68,2881.36,UPI,CUST0361
TXN002362,5/30/2025,Hair Oil,Beauty & Personal Care,East,Offline,2,169.76,339.52,Credit Card,CUST0463
TXN004103,5/30/2025,Shampoo 400ml,Beauty & Personal Care,South,Offline,1,398.52,398.52,Credit Card,CUST0760
TXN005159,5/30/2025,LED Bulb Pack,Home & Kitchen,East,Online,4,242.11,968.44,UPI,CUST0753
TXN000371,5/30/2025,Sunflower Oil 1L,Grocery,West,Offline,2,137.28,274.56,Cash,CUST0597
TXN002882,5/30/2025,Women's Kurti,Clothing,East,Online,1,1317.42,1317.42,Cash,CUST0297
TXN002909,5/30/2025,Sunscreen SPF50,Beauty & Personal Care,East,Offline,4,327.17,1308.68,Net Banking,CUST0051
TXN004032,5/31/2025,Denim Jeans,Clothing,South,Offline,3,1794.07,5382.21,Credit Card,CUST0312
TXN000241,5/31/2025,Women's Kurti,Clothing,North,Online,1,1213.59,1213.59,Credit Card,CUST0735
TXN005960,5/31/2025,Denim Jeans,Clothing,North,Offline,4,1932.35,7729.4,Credit Card,CUST0536
TXN000286,5/31/2025,Pressure Cooker,Home & Kitchen,West,Online,1,2107.07,2107.07,Credit Card,CUST0831
TXN001212,5/31/2025,Kids Hoodie,Clothing,West,Online,2,711.03,1422.06,Net Banking,CUST0193
TXN004376,5/31/2025,Sugar 1kg,Grocery,South,Online,1,56.94,56.94,UPI,CUST0218
TXN000606,5/31/2025,Toor Dal 1kg,Grocery,North,Online,1,114.47,114.47,Credit Card,CUST0368
TXN004289,5/31/2025,Wireless Earbuds,Electronics,East,Offline,2,1735.73,3471.46,Cash,CUST0833
TXN004077,5/31/2025,Basmati Rice 5kg,Grocery,East,Offline,2,416.09,832.18,UPI,CUST0119
TXN001154,5/31/2025,Winter Jacket,Clothing,South,Online,4,1420.91,5683.64,UPI,CUST0842
TXN002363,5/31/2025,LED TV 32in,Electronics,South,Online,3,15479.87,46439.61,UPI,CUST0390
TXN003323,5/31/2025,Laptop Bag,Electronics,North,Online,2,1327.68,2655.36,Credit Card,CUST0800
TXN005509,6/1/2025,Water Bottle,Home & Kitchen,North,Online,2,459.45,918.9,Credit Card,CUST0465
TXN005748,6/1/2025,Formal Shirt,Clothing,North,Online,1,833.87,833.87,UPI,CUST0799
TXN000758,6/1/2025,Power Bank 10000mAh,Electronics,East,Offline,2,1223.86,2447.72,Credit Card,CUST0274
TXN004108,6/1/2025,Perfume 100ml,Beauty & Personal Care,South,Offline,1,806.68,806.68,Credit Card,CUST0755
TXN000064,6/1/2025,Sunscreen SPF50,Beauty & Personal Care,South,Online,1,321.62,321.62,Net Banking,CUST0364
TXN004583,6/1/2025,Men's T-Shirt,Clothing,North,Online,2,516.81,1033.62,UPI,CUST0409
TXN003731,6/1/2025,Men's T-Shirt,Clothing,East,Online,3,391.52,1174.56,Credit Card,CUST0116
TXN000842,6/1/2025,Laptop Bag,Electronics,South,Offline,4,1353.6,5414.4,UPI,CUST0648
TXN000434,6/1/2025,Pressure Cooker,Home & Kitchen,West,Online,2,2310.65,4621.3,Net Banking,CUST0895
TXN000863,6/1/2025,Formal Shirt,Clothing,West,Offline,4,1494.75,5979,Cash,CUST0093
TXN005767,6/1/2025,Toor Dal 1kg,Grocery,East,Offline,3,157.28,471.84,Cash,CUST0304
TXN000983,6/1/2025,Smartwatch,Electronics,North,Offline,1,5531.74,5531.74,Credit Card,CUST0538
TXN002162,6/1/2025,Sunflower Oil 1L,Grocery,East,Offline,4,201.75,807,Cash,CUST0089
TXN002687,6/1/2025,Laptop Bag,Electronics,West,Online,1,1006.76,1006.76,UPI,CUST0413
TXN000609,6/1/2025,Formal Shirt,Clothing,South,Online,4,925.2,3700.8,UPI,CUST0528
TXN005079,6/2/2025,Shampoo 400ml,Beauty & Personal Care,South,Online,1,424.54,424.54,Credit Card,CUST0479
TXN004621,6/2/2025,Mixer Grinder,Home & Kitchen,West,Offline,4,4247.67,16990.68,Cash,CUST0744
TXN005341,6/2/2025,Denim Jeans,Clothing,West,Offline,1,1178.02,1178.02,Credit Card,CUST0814
TXN005172,6/2/2025,Kids Hoodie,Clothing,North,Online,1,933.01,933.01,Credit Card,CUST0274
TXN002505,6/2/2025,Shampoo 400ml,Beauty & Personal Care,East,Online,1,373.74,373.74,Credit Card,CUST0662
TXN002281,6/2/2025,Bluetooth Speaker,Electronics,East,Online,1,3143.08,3143.08,UPI,CUST0108
TXN002293,6/2/2025,Men's T-Shirt,Clothing,East,Online,3,556.91,1670.73,Net Banking,CUST0848
TXN000361,6/2/2025,Toor Dal 1kg,Grocery,North,Online,3,110.08,330.24,UPI,CUST0249
TXN004790,6/2/2025,Water Bottle,Home & Kitchen,South,Online,1,260.04,260.04,UPI,CUST0548
TXN004469,6/2/2025,Women's Kurti,Clothing,South,Offline,1,1442.67,1442.67,Net Banking,CUST0685
TXN001871,6/2/2025,Laptop Bag,Electronics,East,Online,2,1268.84,2537.68,UPI,CUST0071
TXN004427,6/2/2025,Perfume 100ml,Beauty & Personal Care,North,Online,2,1628.08,3256.16,UPI,CUST0077
TXN005747,6/2/2025,Sugar 1kg,Grocery,East,Online,1,51.61,51.61,Credit Card,CUST0800
TXN001240,6/2/2025,Smartwatch,Electronics,South,Online,1,5146.77,5146.77,Credit Card,CUST0766
TXN000093,6/2/2025,Body Lotion,Beauty & Personal Care,West,Online,1,576.43,576.43,Credit Card,CUST0250
TXN001262,6/2/2025,Water Bottle,Home & Kitchen,West,Online,1,428.62,428.62,UPI,CUST0532
TXN003720,6/2/2025,Kids Hoodie,Clothing,South,Offline,4,836.91,3347.64,UPI,CUST0766
TXN001124,6/2/2025,Men's T-Shirt,Clothing,West,Online,1,651.39,651.39,Credit Card,CUST0052
TXN001813,6/2/2025,Sunflower Oil 1L,Grocery,North,Online,1,152.65,152.65,Credit Card,CUST0316
TXN003473,6/3/2025,Body Lotion,Beauty & Personal Care,South,Offline,1,334.69,334.69,Net Banking,CUST0051
TXN005141,6/3/2025,Denim Jeans,Clothing,South,Online,1,1120.42,1120.42,UPI,CUST0519
TXN002631,6/3/2025,Wireless Earbuds,Electronics,West,Online,4,2439.35,9757.4,Credit Card,CUST0257
TXN005395,6/3/2025,Basmati Rice 5kg,Grocery,East,Offline,2,535.56,1071.12,Credit Card,CUST0774
TXN002012,6/3/2025,Winter Jacket,Clothing,East,Offline,5,1820.17,9100.85,UPI,CUST0002
TXN000254,6/3/2025,Basmati Rice 5kg,Grocery,West,Offline,1,439.76,439.76,Credit Card,CUST0579
TXN000708,6/3/2025,Hair Oil,Beauty & Personal Care,South,Offline,3,330.57,991.71,Credit Card,CUST0716
TXN001929,6/3/2025,Non-Stick Pan,Home & Kitchen,North,Online,2,1147.18,2294.36,UPI,CUST0396
TXN002300,6/3/2025,Kids Hoodie,Clothing,East,Online,1,1014.79,1014.79,Credit Card,CUST0365
TXN003465,6/3/2025,Sunscreen SPF50,Beauty & Personal Care,South,Online,1,372.39,372.39,UPI,CUST0218
TXN002474,6/3/2025,Denim Jeans,Clothing,North,Offline,4,1906.5,7626,Credit Card,CUST0566
TXN004879,6/3/2025,Body Lotion,Beauty & Personal Care,East,Offline,3,327.94,983.82,UPI,CUST0733
TXN002219,6/3/2025,Men's T-Shirt,Clothing,East,Online,1,668.55,668.55,Credit Card,CUST0236
TXN003444,6/3/2025,Formal Shirt,Clothing,West,Offline,2,736.09,1472.18,Cash,CUST0736
TXN005896,6/4/2025,Bed Sheet Set,Home & Kitchen,South,Online,2,1189.58,2379.16,UPI,CUST0262
TXN004632,6/4/2025,Bed Sheet Set,Home & Kitchen,South,Offline,1,1633.59,1633.59,UPI,CUST0128
TXN004813,6/4/2025,Kids Hoodie,Clothing,East,Online,3,929.08,2787.24,Credit Card,CUST0413
TXN005472,6/4/2025,Bluetooth Speaker,Electronics,South,Online,4,1955.33,7821.32,Net Banking,CUST0307
TXN005180,6/4/2025,Women's Kurti,Clothing,North,Online,1,899.09,899.09,UPI,CUST0325
TXN005107,6/4/2025,Face Wash,Beauty & Personal Care,South,Online,5,328.9,1644.5,Net Banking,CUST0470
TXN005311,6/4/2025,Toor Dal 1kg,Grocery,East,Offline,1,126.69,126.69,Credit Card,CUST0448
TXN001372,6/4/2025,Wireless Earbuds,Electronics,South,Offline,1,1800.79,1800.79,Credit Card,CUST0359
TXN002786,6/4/2025,Men's T-Shirt,Clothing,South,Online,3,752.82,2258.46,Cash,CUST0500
TXN001106,6/4/2025,Formal Shirt,Clothing,East,Online,2,871.86,1743.72,Cash,CUST0676
TXN001312,6/4/2025,Men's T-Shirt,Clothing,West,Online,4,460.55,1842.2,UPI,CUST0718
TXN002801,6/4/2025,Winter Jacket,Clothing,North,Online,1,2679.97,2679.97,UPI,CUST0531
TXN002829,6/4/2025,Shampoo 400ml,Beauty & Personal Care,South,Online,2,243.39,486.78,Credit Card,CUST0155
TXN000564,6/4/2025,Pressure Cooker,Home & Kitchen,West,Offline,1,2401.47,2401.47,UPI,CUST0559
TXN002886,6/4/2025,Denim Jeans,Clothing,North,Online,2,1986.94,3973.88,UPI,CUST0103
TXN003693,6/4/2025,Perfume 100ml,Beauty & Personal Care,East,Online,4,1416.84,5667.36,Credit Card,CUST0456
TXN002581,6/4/2025,Perfume 100ml,Beauty & Personal Care,West,Offline,3,1430.91,4292.73,UPI,CUST0145
TXN004062,6/4/2025,Men's T-Shirt,Clothing,West,Online,4,645.05,2580.2,Credit Card,CUST0194
TXN003055,6/4/2025,Toor Dal 1kg,Grocery,North,Offline,1,139.4,139.4,UPI,CUST0221
TXN000853,6/5/2025,Women's Kurti,Clothing,East,Online,3,577.74,1733.22,UPI,CUST0012
TXN004628,6/5/2025,Wireless Earbuds,Electronics,North,Offline,3,2201.72,6605.16,Credit Card,CUST0076
TXN003698,6/5/2025,Non-Stick Pan,Home & Kitchen,East,Online,1,887.44,887.44,Credit Card,CUST0222
TXN003386,6/5/2025,Pressure Cooker,Home & Kitchen,South,Offline,2,1596.24,3192.48,Cash,CUST0519
TXN001259,6/5/2025,Kids Hoodie,Clothing,South,Online,2,531.41,1062.82,Credit Card,CUST0412
TXN002608,6/5/2025,Wheat Flour 5kg,Grocery,West,Offline,2,206.49,412.98,Credit Card,CUST0422
TXN005121,6/5/2025,Water Bottle,Home & Kitchen,North,Offline,1,475.85,475.85,Credit Card,CUST0390
TXN000715,6/5/2025,Wireless Earbuds,Electronics,South,Offline,1,977.3,977.3,Net Banking,CUST0305
TXN001983,6/5/2025,Non-Stick Pan,Home & Kitchen,South,Offline,1,896.86,896.86,Cash,CUST0198
TXN005635,6/5/2025,Women's Kurti,Clothing,East,Online,3,1068.94,3206.82,Credit Card,CUST0070
TXN003996,6/5/2025,Formal Shirt,Clothing,West,Online,1,606.29,606.29,Credit Card,CUST0075
TXN001353,6/5/2025,Toor Dal 1kg,Grocery,West,Online,4,169.06,676.24,UPI,CUST0572
TXN000082,6/5/2025,Winter Jacket,Clothing,East,Online,2,3315.12,6630.24,UPI,CUST0684
TXN003633,6/5/2025,Smartwatch,Electronics,East,Online,4,3768.59,15074.36,UPI,CUST0235
TXN004717,6/5/2025,Men's T-Shirt,Clothing,East,Online,2,849.08,1698.16,Credit Card,CUST0783
TXN002359,6/5/2025,Men's T-Shirt,Clothing,East,Online,1,308.82,308.82,Cash,CUST0365
TXN002244,6/6/2025,LED TV 32in,Electronics,South,Offline,2,15667.82,31335.64,Credit Card,CUST0480
TXN002765,6/6/2025,Hair Oil,Beauty & Personal Care,North,Online,3,233.87,701.61,Cash,CUST0490
TXN000024,6/6/2025,Smartwatch,Electronics,East,Online,2,2969.6,5939.2,Credit Card,CUST0716
TXN000847,6/6/2025,Basmati Rice 5kg,Grocery,North,Online,1,448.5,448.5,Credit Card,CUST0018
TXN000798,6/6/2025,Smartwatch,Electronics,North,Offline,1,3778.16,3778.16,Cash,CUST0128
TXN003513,6/6/2025,Basmati Rice 5kg,Grocery,West,Online,1,361.28,361.28,Credit Card,CUST0574
TXN001689,6/6/2025,LED Bulb Pack,Home & Kitchen,North,Offline,1,363.99,363.99,UPI,CUST0230
TXN000927,6/6/2025,Non-Stick Pan,Home & Kitchen,South,Offline,1,967.22,967.22,Credit Card,CUST0044
TXN001126,6/6/2025,Smartwatch,Electronics,North,Online,5,4997.73,24988.65,UPI,CUST0244
TXN003016,6/6/2025,Shampoo 400ml,Beauty & Personal Care,East,Offline,2,362.63,725.26,Net Banking,CUST0367
TXN005194,6/6/2025,Mixer Grinder,Home & Kitchen,South,Online,2,3808.26,7616.52,Credit Card,CUST0500
TXN005628,6/6/2025,Women's Kurti,Clothing,East,Offline,1,1419.34,1419.34,Credit Card,CUST0746
TXN005796,6/6/2025,Bluetooth Speaker,Electronics,West,Online,4,2938.3,11753.2,Cash,CUST0657
TXN004817,6/6/2025,Face Wash,Beauty & Personal Care,North,Offline,2,428.94,857.88,Credit Card,CUST0183
TXN003015,6/6/2025,LED Bulb Pack,Home & Kitchen,South,Offline,1,228.77,228.77,Credit Card,CUST0859
TXN001864,6/6/2025,Sugar 1kg,Grocery,West,Online,3,43.98,131.94,Credit Card,CUST0409
TXN004594,6/6/2025,LED TV 32in,Electronics,West,Online,1,13904.68,13904.68,Cash,CUST0253
TXN003189,6/6/2025,Bed Sheet Set,Home & Kitchen,North,Online,5,1511.64,7558.2,Credit Card,CUST0757
TXN000892,6/6/2025,Winter Jacket,Clothing,East,Online,3,1914.24,5742.72,Credit Card,CUST0653
TXN000070,6/6/2025,Sunscreen SPF50,Beauty & Personal Care,North,Offline,2,372.82,745.64,Net Banking,CUST0438
TXN002088,6/6/2025,Wheat Flour 5kg,Grocery,West,Offline,1,285.81,285.81,UPI,CUST0458
TXN005723,6/6/2025,Basmati Rice 5kg,Grocery,South,Offline,1,473.9,473.9,UPI,CUST0444
TXN000031,6/7/2025,Tea Powder 500g,Grocery,West,Offline,3,282.37,847.11,UPI,CUST0135
TXN004440,6/7/2025,Wheat Flour 5kg,Grocery,South,Online,1,221.89,221.89,UPI,CUST0004
TXN000788,6/7/2025,Smartwatch,Electronics,East,Offline,3,1865.65,5596.95,UPI,CUST0445
TXN003414,6/7/2025,Winter Jacket,Clothing,North,Offline,1,2444.95,2444.95,Credit Card,CUST0781
TXN001734,6/7/2025,Water Bottle,Home & Kitchen,East,Offline,3,216.32,648.96,Cash,CUST0158
TXN001121,6/7/2025,Water Bottle,Home & Kitchen,West,Online,1,197.02,197.02,Credit Card,CUST0854
TXN000733,6/7/2025,Sunscreen SPF50,Beauty & Personal Care,East,Offline,4,508.38,2033.52,Credit Card,CUST0569
TXN004693,6/7/2025,Sunflower Oil 1L,Grocery,East,Offline,2,142.07,284.14,Cash,CUST0063
TXN003906,6/7/2025,Denim Jeans,Clothing,North,Online,1,1174.97,1174.97,Credit Card,CUST0486
TXN000743,6/7/2025,Denim Jeans,Clothing,South,Offline,1,821.99,821.99,Credit Card,CUST0472
TXN000597,6/7/2025,Winter Jacket,Clothing,West,Offline,2,2857.29,5714.58,UPI,CUST0532
TXN001307,6/7/2025,LED Bulb Pack,Home & Kitchen,South,Online,3,253.44,760.32,Credit Card,CUST0257
TXN004124,6/7/2025,Formal Shirt,Clothing,West,Online,1,960.05,960.05,UPI,CUST0630
TXN000542,6/7/2025,Sunflower Oil 1L,Grocery,North,Online,1,197.48,197.48,Cash,CUST0089
TXN004660,6/7/2025,Men's T-Shirt,Clothing,East,Online,3,507.92,1523.76,Credit Card,CUST0541
TXN002387,6/7/2025,Toor Dal 1kg,Grocery,North,Online,1,114.15,114.15,Cash,CUST0362
TXN003486,6/8/2025,Wireless Earbuds,Electronics,North,Online,4,3701.48,14805.92,Cash,CUST0499
TXN005221,6/8/2025,Winter Jacket,Clothing,East,Online,1,2622.1,2622.1,UPI,CUST0052
TXN000430,6/8/2025,Kids Hoodie,Clothing,West,Online,1,778.23,778.23,UPI,CUST0451
TXN002996,6/8/2025,Men's T-Shirt,Clothing,South,Online,1,515.93,515.93,Credit Card,CUST0735
TXN004623,6/8/2025,Laptop Bag,Electronics,East,Offline,1,928.86,928.86,UPI,CUST0549
TXN004543,6/8/2025,Bluetooth Speaker,Electronics,North,Offline,1,2072.12,2072.12,Credit Card,CUST0128
TXN003107,6/8/2025,LED Bulb Pack,Home & Kitchen,East,Offline,1,245.93,245.93,UPI,CUST0328
TXN003071,6/8/2025,Water Bottle,Home & Kitchen,South,Online,3,159.29,477.87,UPI,CUST0869
TXN003196,6/8/2025,Men's T-Shirt,Clothing,South,Online,3,698.94,2096.82,Credit Card,CUST0422
TXN003247,6/8/2025,Mixer Grinder,Home & Kitchen,South,Online,5,4255.89,21279.45,Credit Card,CUST0102
TXN005677,6/9/2025,Non-Stick Pan,Home & Kitchen,South,Online,4,796.26,3185.04,Cash,CUST0814
TXN003985,6/9/2025,Men's T-Shirt,Clothing,South,Online,1,719.12,719.12,UPI,CUST0108
TXN003983,6/9/2025,Winter Jacket,Clothing,South,Online,2,2926.05,5852.1,Net Banking,CUST0716
TXN002117,6/9/2025,Water Bottle,Home & Kitchen,East,Online,3,411.05,1233.15,Credit Card,CUST0648
TXN004737,6/9/2025,Bed Sheet Set,Home & Kitchen,West,Online,1,1142.5,1142.5,Cash,CUST0514
TXN001103,6/9/2025,Formal Shirt,Clothing,South,Online,2,664.62,1329.24,Credit Card,CUST0807
TXN004202,6/9/2025,Bed Sheet Set,Home & Kitchen,North,Online,1,1197.16,1197.16,Cash,CUST0509
TXN002638,6/9/2025,Sunscreen SPF50,Beauty & Personal Care,West,Online,4,416.92,1667.68,Credit Card,CUST0325
TXN003481,6/9/2025,Basmati Rice 5kg,Grocery,South,Offline,1,597,597,Credit Card,CUST0056
TXN005382,6/9/2025,Hair Oil,Beauty & Personal Care,West,Offline,1,257.48,257.48,Credit Card,CUST0500
TXN000773,6/9/2025,LED Bulb Pack,Home & Kitchen,East,Online,1,326.9,326.9,Cash,CUST0774
TXN004053,6/9/2025,Denim Jeans,Clothing,East,Online,1,1548.32,1548.32,UPI,CUST0374
TXN003757,6/9/2025,Pressure Cooker,Home & Kitchen,West,Online,4,1440.2,5760.8,Cash,CUST0746
TXN004779,6/9/2025,Sugar 1kg,Grocery,East,Offline,3,50.38,151.14,UPI,CUST0620
TXN005532,6/9/2025,Bluetooth Speaker,Electronics,East,Offline,4,1499.67,5998.68,Net Banking,CUST0837
TXN002391,6/9/2025,Wheat Flour 5kg,Grocery,North,Offline,1,200.42,200.42,Cash,CUST0064
TXN004090,6/9/2025,Winter Jacket,Clothing,East,Online,1,2132.38,2132.38,Cash,CUST0682
TXN005392,6/9/2025,Sunflower Oil 1L,Grocery,West,Offline,2,133.96,267.92,Cash,CUST0364
TXN003337,6/9/2025,Wheat Flour 5kg,Grocery,North,Offline,1,325.29,325.29,UPI,CUST0054
TXN001951,6/9/2025,Bluetooth Speaker,Electronics,North,Offline,1,2098.99,2098.99,Credit Card,CUST0557
TXN005433,6/9/2025,LED TV 32in,Electronics,North,Online,2,14298.1,28596.2,UPI,CUST0479
TXN000105,6/9/2025,Pressure Cooker,Home & Kitchen,North,Offline,2,1915.66,3831.32,Credit Card,CUST0718
TXN003361,6/9/2025,Winter Jacket,Clothing,North,Offline,2,3096.04,6192.08,UPI,CUST0114
TXN000960,6/10/2025,Mixer Grinder,Home & Kitchen,East,Online,3,4346.25,13038.75,Cash,CUST0643
TXN001450,6/10/2025,Tea Powder 500g,Grocery,East,Offline,3,196.45,589.35,Credit Card,CUST0009
TXN002978,6/10/2025,Bluetooth Speaker,Electronics,North,Online,4,2265.98,9063.92,Credit Card,CUST0786
TXN003346,6/10/2025,Tea Powder 500g,Grocery,North,Offline,3,258.55,775.65,Credit Card,CUST0828
TXN004217,6/10/2025,Mixer Grinder,Home & Kitchen,South,Online,2,2327.64,4655.28,UPI,CUST0413
TXN000481,6/10/2025,LED Bulb Pack,Home & Kitchen,East,Online,1,293.54,293.54,Credit Card,CUST0155
TXN004251,6/10/2025,Kids Hoodie,Clothing,West,Online,1,799.37,799.37,Credit Card,CUST0277
TXN004325,6/10/2025,Winter Jacket,Clothing,West,Online,3,2643.45,7930.35,Cash,CUST0368
TXN000387,6/10/2025,Denim Jeans,Clothing,North,Online,2,1628.37,3256.74,UPI,CUST0082
TXN002431,6/10/2025,Men's T-Shirt,Clothing,North,Offline,5,620.28,3101.4,UPI,CUST0532
TXN003569,6/10/2025,Bed Sheet Set,Home & Kitchen,West,Online,1,1340.52,1340.52,UPI,CUST0844
TXN002380,6/10/2025,Body Lotion,Beauty & Personal Care,West,Offline,1,217.53,217.53,Credit Card,CUST0708
TXN000841,6/10/2025,Tea Powder 500g,Grocery,East,Offline,1,302.94,302.94,UPI,CUST0737
TXN005015,6/11/2025,Non-Stick Pan,Home & Kitchen,East,Online,1,717.48,717.48,Net Banking,CUST0470
TXN005996,6/11/2025,Tea Powder 500g,Grocery,East,Offline,2,259.46,518.92,UPI,CUST0799
TXN001411,6/11/2025,Perfume 100ml,Beauty & Personal Care,West,Online,1,1678.56,1678.56,Credit Card,CUST0463
TXN003932,6/11/2025,Wheat Flour 5kg,Grocery,East,Online,2,237.59,475.18,Cash,CUST0654
TXN002806,6/11/2025,Hair Oil,Beauty & Personal Care,East,Offline,1,199.38,199.38,Net Banking,CUST0790
TXN003877,6/11/2025,Shampoo 400ml,Beauty & Personal Care,East,Offline,1,282.78,282.78,Cash,CUST0002
TXN005577,6/11/2025,Power Bank 10000mAh,Electronics,South,Online,1,1690.37,1690.37,UPI,CUST0470
TXN002993,6/11/2025,LED Bulb Pack,Home & Kitchen,West,Online,4,328.37,1313.48,Credit Card,CUST0578
TXN000915,6/11/2025,Non-Stick Pan,Home & Kitchen,East,Online,3,612.96,1838.88,Net Banking,CUST0077
TXN002115,6/11/2025,Water Bottle,Home & Kitchen,East,Offline,1,155.89,155.89,Credit Card,CUST0532
TXN005430,6/11/2025,Bed Sheet Set,Home & Kitchen,North,Online,4,1556.03,6224.12,Net Banking,CUST0052
TXN002865,6/11/2025,LED Bulb Pack,Home & Kitchen,South,Online,1,171.64,171.64,UPI,CUST0447
TXN002260,6/11/2025,Wireless Earbuds,Electronics,South,Online,1,2224.16,2224.16,UPI,CUST0265
TXN003409,6/11/2025,Toor Dal 1kg,Grocery,West,Online,1,136.69,136.69,Credit Card,CUST0738
TXN004771,6/11/2025,Denim Jeans,Clothing,West,Online,4,1665.65,6662.6,Credit Card,CUST0758
TXN005861,6/11/2025,Formal Shirt,Clothing,East,Online,2,1080.01,2160.02,Credit Card,CUST0257
TXN001984,6/11/2025,Sunscreen SPF50,Beauty & Personal Care,North,Offline,3,670.21,2010.63,UPI,CUST0070
TXN005920,6/11/2025,Body Lotion,Beauty & Personal Care,East,Online,1,374.28,374.28,Credit Card,CUST0618
TXN000345,6/11/2025,Basmati Rice 5kg,Grocery,East,Online,2,609.88,1219.76,Credit Card,CUST0678
TXN003765,6/11/2025,Sunscreen SPF50,Beauty & Personal Care,North,Offline,2,343.95,687.9,UPI,CUST0738
TXN004739,6/12/2025,Basmati Rice 5kg,Grocery,West,Online,3,352.72,1058.16,Credit Card,CUST0013
TXN004071,6/12/2025,Men's T-Shirt,Clothing,South,Online,2,382.6,765.2,Net Banking,CUST0436
TXN002942,6/12/2025,Power Bank 10000mAh,Electronics,East,Offline,1,714.01,714.01,Credit Card,CUST0035
TXN005411,6/12/2025,Smartwatch,Electronics,South,Offline,2,3816.53,7633.06,Cash,CUST0329
TXN005838,6/12/2025,Mixer Grinder,Home & Kitchen,South,Online,3,3545.6,10636.8,Net Banking,CUST0002
TXN001483,6/12/2025,Body Lotion,Beauty & Personal Care,West,Offline,1,206.89,206.89,UPI,CUST0811
TXN005291,6/12/2025,Toor Dal 1kg,Grocery,West,Offline,1,157.85,157.85,Credit Card,CUST0604
TXN002987,6/12/2025,Kids Hoodie,Clothing,East,Online,2,563.12,1126.24,UPI,CUST0811
TXN001795,6/12/2025,Shampoo 400ml,Beauty & Personal Care,East,Online,1,243.28,243.28,Cash,CUST0854
TXN004610,6/12/2025,Smartwatch,Electronics,North,Offline,5,5848.38,29241.9,Credit Card,CUST0421
TXN005772,6/12/2025,Wireless Earbuds,Electronics,East,Online,1,3526.43,3526.43,Credit Card,CUST0718
TXN001266,6/12/2025,Mixer Grinder,Home & Kitchen,East,Offline,1,3495.03,3495.03,Credit Card,CUST0873
TXN005103,6/12/2025,Women's Kurti,Clothing,West,Offline,2,1179.85,2359.7,Cash,CUST0779
TXN002493,6/12/2025,Winter Jacket,Clothing,South,Online,2,2953.79,5907.58,Credit Card,CUST0793
TXN000402,6/12/2025,Bluetooth Speaker,Electronics,South,Online,1,2866.19,2866.19,Net Banking,CUST0829
TXN001867,6/12/2025,Bluetooth Speaker,Electronics,East,Online,2,1254.46,2508.92,Net Banking,CUST0476
TXN005376,6/12/2025,Denim Jeans,Clothing,North,Offline,1,2010.54,2010.54,Credit Card,CUST0554
TXN000209,6/12/2025,Bed Sheet Set,Home & Kitchen,South,Offline,5,1195.44,5977.2,Cash,CUST0597
TXN004404,6/13/2025,Kids Hoodie,Clothing,North,Online,4,701.27,2805.08,Credit Card,CUST0797
TXN005696,6/13/2025,LED Bulb Pack,Home & Kitchen,West,Offline,2,339.66,679.32,Net Banking,CUST0250
TXN000620,6/13/2025,Smartwatch,Electronics,East,Online,1,5100.05,5100.05,Credit Card,CUST0820
TXN005205,6/13/2025,Mixer Grinder,Home & Kitchen,South,Online,4,2757.57,11030.28,UPI,CUST0121
TXN002193,6/13/2025,LED Bulb Pack,Home & Kitchen,East,Online,4,294.4,1177.6,Credit Card,CUST0368
TXN005420,6/13/2025,LED Bulb Pack,Home & Kitchen,North,Online,1,387.89,387.89,Net Banking,CUST0034
TXN005143,6/13/2025,Face Wash,Beauty & Personal Care,West,Online,1,415.82,415.82,Cash,CUST0395
TXN001796,6/13/2025,Mixer Grinder,Home & Kitchen,West,Offline,1,3113.64,3113.64,UPI,CUST0470
TXN001790,6/13/2025,Laptop Bag,Electronics,East,Offline,3,1176.54,3529.62,Cash,CUST0377
TXN002058,6/13/2025,Wireless Earbuds,Electronics,North,Online,1,3840.18,3840.18,Net Banking,CUST0768
TXN005294,6/13/2025,Power Bank 10000mAh,Electronics,North,Offline,2,1237.3,2474.6,Net Banking,CUST0832
TXN002437,6/13/2025,Wheat Flour 5kg,Grocery,South,Offline,2,301.27,602.54,Cash,CUST0807
TXN004444,6/13/2025,Formal Shirt,Clothing,West,Online,1,924.95,924.95,UPI,CUST0155
TXN004535,6/14/2025,Sunflower Oil 1L,Grocery,West,Online,2,207.84,415.68,Cash,CUST0519
TXN005232,6/14/2025,Smartwatch,Electronics,East,Online,1,4307.36,4307.36,Credit Card,CUST0676
TXN004514,6/14/2025,Perfume 100ml,Beauty & Personal Care,East,Online,1,1314.85,1314.85,Credit Card,CUST0051
TXN003514,6/14/2025,Tea Powder 500g,Grocery,South,Online,1,240.76,240.76,UPI,CUST0543
TXN003132,6/14/2025,Wheat Flour 5kg,Grocery,South,Online,1,245.64,245.64,Credit Card,CUST0249
TXN003025,6/14/2025,Tea Powder 500g,Grocery,North,Offline,1,252.68,252.68,UPI,CUST0891
TXN002798,6/14/2025,Wireless Earbuds,Electronics,East,Offline,2,3183.91,6367.82,Credit Card,CUST0571
TXN002767,6/14/2025,Sugar 1kg,Grocery,East,Offline,3,49.31,147.93,UPI,CUST0749
TXN004067,6/14/2025,Toor Dal 1kg,Grocery,North,Online,1,161.91,161.91,Cash,CUST0861
TXN003167,6/14/2025,Hair Oil,Beauty & Personal Care,East,Online,3,150.14,450.42,Credit Card,CUST0121
TXN001058,6/14/2025,Non-Stick Pan,Home & Kitchen,East,Online,1,465.93,465.93,UPI,CUST0391
TXN004979,6/14/2025,Smartwatch,Electronics,East,Online,1,4295.69,4295.69,Credit Card,CUST0409
TXN001110,6/14/2025,Non-Stick Pan,Home & Kitchen,West,Offline,4,403.34,1613.36,Credit Card,CUST0446
TXN001253,6/14/2025,Bed Sheet Set,Home & Kitchen,North,Offline,3,1702.98,5108.94,UPI,CUST0620
TXN003405,6/14/2025,Non-Stick Pan,Home & Kitchen,East,Online,1,1004.2,1004.2,UPI,CUST0738
TXN004624,6/14/2025,Body Lotion,Beauty & Personal Care,South,Offline,3,441.74,1325.22,Credit Card,CUST0416
TXN002788,6/15/2025,Formal Shirt,Clothing,East,Online,3,1440.54,4321.62,Cash,CUST0361
TXN000406,6/15/2025,LED TV 32in,Electronics,South,Online,2,15388.74,30777.48,UPI,CUST0778
TXN002960,6/15/2025,Women's Kurti,Clothing,East,Online,1,1350,1350,Net Banking,CUST0744
TXN003973,6/15/2025,Formal Shirt,Clothing,South,Online,4,1027.86,4111.44,Cash,CUST0188
TXN003010,6/15/2025,Body Lotion,Beauty & Personal Care,East,Online,2,267.79,535.58,Credit Card,CUST0294
TXN002620,6/15/2025,Sunflower Oil 1L,Grocery,North,Online,1,160.61,160.61,UPI,CUST0199
TXN001214,6/15/2025,Wheat Flour 5kg,Grocery,West,Offline,1,262.85,262.85,Net Banking,CUST0797
TXN000471,6/15/2025,Power Bank 10000mAh,Electronics,North,Online,1,812.98,812.98,Net Banking,CUST0866
TXN005370,6/15/2025,Tea Powder 500g,Grocery,East,Offline,2,207.84,415.68,UPI,CUST0541
TXN002754,6/16/2025,Non-Stick Pan,Home & Kitchen,South,Online,3,913.49,2740.47,Credit Card,CUST0162
TXN001002,6/16/2025,Non-Stick Pan,Home & Kitchen,East,Online,1,806.9,806.9,UPI,CUST0003
TXN005500,6/16/2025,Hair Oil,Beauty & Personal Care,West,Online,4,313.38,1253.52,UPI,CUST0764
TXN000152,6/16/2025,Sunscreen SPF50,Beauty & Personal Care,North,Offline,2,382.7,765.4,Cash,CUST0476
TXN002593,6/16/2025,Hair Oil,Beauty & Personal Care,West,Online,1,252.07,252.07,Net Banking,CUST0787
TXN002648,6/16/2025,Shampoo 400ml,Beauty & Personal Care,East,Offline,3,280.19,840.57,Credit Card,CUST0443
TXN002450,6/16/2025,Denim Jeans,Clothing,South,Offline,1,2044.85,2044.85,UPI,CUST0230
TXN001134,6/16/2025,LED Bulb Pack,Home & Kitchen,North,Offline,4,346.22,1384.88,Net Banking,CUST0868
TXN000474,6/16/2025,Winter Jacket,Clothing,East,Online,1,1250.4,1250.4,Net Banking,CUST0447
TXN005633,6/16/2025,Wheat Flour 5kg,Grocery,South,Online,1,254.24,254.24,Net Banking,CUST0817
TXN001851,6/16/2025,Kids Hoodie,Clothing,North,Online,3,1001.34,3004.02,UPI,CUST0362
TXN002793,6/16/2025,Bed Sheet Set,Home & Kitchen,North,Online,4,1117.48,4469.92,Credit Card,CUST0686
TXN001376,6/16/2025,Formal Shirt,Clothing,South,Online,1,624.66,624.66,Credit Card,CUST0523
TXN001479,6/16/2025,Water Bottle,Home & Kitchen,West,Offline,4,176.78,707.12,Net Banking,CUST0409
TXN001518,6/16/2025,Shampoo 400ml,Beauty & Personal Care,North,Online,1,243.58,243.58,Cash,CUST0039
TXN004819,6/16/2025,LED Bulb Pack,Home & Kitchen,West,Online,1,212.55,212.55,UPI,CUST0089
TXN003393,6/16/2025,Wheat Flour 5kg,Grocery,North,Online,1,263.59,263.59,UPI,CUST0500
TXN001662,6/16/2025,Denim Jeans,Clothing,West,Online,1,2013.75,2013.75,Net Banking,CUST0616
TXN000753,6/16/2025,Power Bank 10000mAh,Electronics,South,Offline,1,790.76,790.76,UPI,CUST0246
TXN000521,6/16/2025,Body Lotion,Beauty & Personal Care,East,Offline,5,408.24,2041.2,UPI,CUST0281
TXN003008,6/17/2025,Winter Jacket,Clothing,West,Online,1,3239.42,3239.42,Credit Card,CUST0276
TXN000580,6/17/2025,Formal Shirt,Clothing,South,Online,1,775.03,775.03,Cash,CUST0400
TXN001716,6/17/2025,Formal Shirt,Clothing,West,Online,3,1371.98,4115.94,Cash,CUST0097
TXN004342,6/17/2025,Power Bank 10000mAh,Electronics,North,Online,5,1269.42,6347.1,UPI,CUST0391
TXN002547,6/17/2025,Tea Powder 500g,Grocery,East,Online,2,225.5,451,Net Banking,CUST0718
TXN004825,6/17/2025,LED Bulb Pack,Home & Kitchen,North,Online,3,224.24,672.72,Net Banking,CUST0123
TXN001533,6/17/2025,Body Lotion,Beauty & Personal Care,West,Online,4,293.72,1174.88,Credit Card,CUST0882
TXN005925,6/17/2025,Mixer Grinder,Home & Kitchen,North,Offline,2,4036.45,8072.9,Net Banking,CUST0204
TXN000187,6/17/2025,Tea Powder 500g,Grocery,East,Offline,1,307.62,307.62,Credit Card,CUST0532
TXN002384,6/17/2025,Face Wash,Beauty & Personal Care,East,Online,4,278.52,1114.08,Net Banking,CUST0789
TXN001386,6/17/2025,Power Bank 10000mAh,Electronics,West,Offline,1,1479.35,1479.35,UPI,CUST0254
TXN005998,6/17/2025,Denim Jeans,Clothing,South,Online,1,1333.86,1333.86,Credit Card,CUST0002
TXN001271,6/17/2025,Winter Jacket,Clothing,West,Offline,1,2769.06,2769.06,Net Banking,CUST0583
TXN005568,6/17/2025,Wheat Flour 5kg,Grocery,East,Online,2,301.04,602.08,UPI,CUST0069
TXN002279,6/17/2025,Shampoo 400ml,Beauty & Personal Care,North,Offline,2,279.72,559.44,UPI,CUST0724
TXN001164,6/17/2025,Kids Hoodie,Clothing,East,Online,1,1185.95,1185.95,Net Banking,CUST0418
TXN004568,6/17/2025,Sugar 1kg,Grocery,North,Offline,1,49.13,49.13,UPI,CUST0766
TXN000906,6/17/2025,LED Bulb Pack,Home & Kitchen,North,Offline,3,324.62,973.86,UPI,CUST0686
TXN003499,6/17/2025,Laptop Bag,Electronics,South,Offline,1,1028.48,1028.48,UPI,CUST0160
TXN003264,6/18/2025,Women's Kurti,Clothing,South,Online,2,881.03,1762.06,UPI,CUST0353
TXN004608,6/18/2025,Non-Stick Pan,Home & Kitchen,West,Online,1,454.62,454.62,UPI,CUST0293
TXN004565,6/18/2025,Kids Hoodie,Clothing,North,Offline,1,944.23,944.23,UPI,CUST0248
TXN002040,6/18/2025,Men's T-Shirt,Clothing,West,Online,1,844.8,844.8,Credit Card,CUST0044
TXN001879,6/18/2025,Bed Sheet Set,Home & Kitchen,North,Offline,1,1337.87,1337.87,UPI,CUST0407
TXN003554,6/18/2025,Toor Dal 1kg,Grocery,South,Offline,2,111.08,222.16,Credit Card,CUST0717
TXN004183,6/18/2025,Hair Oil,Beauty & Personal Care,South,Online,1,318.7,318.7,Credit Card,CUST0747
TXN002665,6/18/2025,Mixer Grinder,Home & Kitchen,East,Online,1,4320.79,4320.79,Cash,CUST0416
TXN002881,6/18/2025,Wireless Earbuds,Electronics,South,Online,1,2216.9,2216.9,Credit Card,CUST0368
TXN001434,6/18/2025,Formal Shirt,Clothing,East,Offline,2,1380.87,2761.74,UPI,CUST0583
TXN002845,6/18/2025,Denim Jeans,Clothing,North,Offline,1,1040.66,1040.66,Cash,CUST0007
TXN002252,6/18/2025,Non-Stick Pan,Home & Kitchen,North,Online,5,1142.24,5711.2,UPI,CUST0236
TXN005970,6/18/2025,Wheat Flour 5kg,Grocery,West,Online,1,266.71,266.71,UPI,CUST0849
TXN003045,6/18/2025,Basmati Rice 5kg,Grocery,West,Online,3,522.25,1566.75,UPI,CUST0095
TXN003468,6/18/2025,Shampoo 400ml,Beauty & Personal Care,East,Offline,1,223.64,223.64,UPI,CUST0404
TXN001954,6/18/2025,Basmati Rice 5kg,Grocery,West,Online,2,508.38,1016.76,Credit Card,CUST0812
TXN002743,6/19/2025,Formal Shirt,Clothing,East,Online,1,1532.65,1532.65,Credit Card,CUST0427
TXN000942,6/19/2025,Formal Shirt,Clothing,West,Online,4,1113.41,4453.64,UPI,CUST0397
TXN004132,6/19/2025,Shampoo 400ml,Beauty & Personal Care,North,Online,1,210.27,210.27,Cash,CUST0476
TXN000690,6/19/2025,Power Bank 10000mAh,Electronics,West,Online,1,1570.17,1570.17,UPI,CUST0628
TXN003729,6/19/2025,Sunflower Oil 1L,Grocery,West,Online,2,144.81,289.62,Credit Card,CUST0548
TXN003559,6/19/2025,Toor Dal 1kg,Grocery,East,Offline,1,148.96,148.96,Cash,CUST0388
TXN001829,6/19/2025,Tea Powder 500g,Grocery,East,Offline,4,200.47,801.88,UPI,CUST0234
TXN002264,6/19/2025,Bed Sheet Set,Home & Kitchen,North,Offline,1,918.77,918.77,Net Banking,CUST0454
TXN003963,6/19/2025,Body Lotion,Beauty & Personal Care,South,Offline,1,470.97,470.97,Net Banking,CUST0068
TXN003371,6/19/2025,LED Bulb Pack,Home & Kitchen,South,Online,2,281.43,562.86,Cash,CUST0550
TXN003138,6/19/2025,Tea Powder 500g,Grocery,South,Online,3,324.47,973.41,Credit Card,CUST0710
TXN002122,6/20/2025,Bluetooth Speaker,Electronics,North,Online,3,1747.34,5242.02,Credit Card,CUST0397
TXN001625,6/20/2025,Power Bank 10000mAh,Electronics,West,Online,1,1281.24,1281.24,Cash,CUST0718
TXN003051,6/20/2025,Perfume 100ml,Beauty & Personal Care,West,Offline,1,1255.77,1255.77,Net Banking,CUST0026
TXN000750,6/20/2025,Hair Oil,Beauty & Personal Care,West,Online,3,217.22,651.66,Credit Card,CUST0616
TXN001313,6/20/2025,Men's T-Shirt,Clothing,West,Online,3,597.48,1792.44,Credit Card,CUST0015
TXN005950,6/20/2025,Face Wash,Beauty & Personal Care,South,Online,1,337.9,337.9,UPI,CUST0070
TXN003348,6/21/2025,Water Bottle,Home & Kitchen,West,Online,3,273.88,821.64,UPI,CUST0117
TXN005944,6/21/2025,Women's Kurti,Clothing,West,Offline,2,1466.36,2932.72,UPI,CUST0081
TXN004106,6/21/2025,Women's Kurti,Clothing,East,Offline,3,1070.64,3211.92,UPI,CUST0083
TXN004361,6/21/2025,Water Bottle,Home & Kitchen,North,Online,2,172.51,345.02,Net Banking,CUST0194
TXN001605,6/21/2025,Wireless Earbuds,Electronics,South,Offline,1,2472.61,2472.61,Cash,CUST0192
TXN004123,6/21/2025,Sunflower Oil 1L,Grocery,East,Offline,1,182.67,182.67,Credit Card,CUST0848
TXN000526,6/21/2025,Sugar 1kg,Grocery,South,Online,4,43.85,175.4,Credit Card,CUST0858
TXN002166,6/21/2025,Laptop Bag,Electronics,North,Online,1,755.73,755.73,Cash,CUST0248
TXN003148,6/21/2025,Non-Stick Pan,Home & Kitchen,West,Online,1,714.92,714.92,Net Banking,CUST0500
TXN001489,6/21/2025,Perfume 100ml,Beauty & Personal Care,North,Online,1,1975.96,1975.96,UPI,CUST0615
TXN003285,6/21/2025,Perfume 100ml,Beauty & Personal Care,North,Online,3,711.63,2134.89,UPI,CUST0127
TXN002130,6/21/2025,Winter Jacket,Clothing,South,Online,1,1464.47,1464.47,UPI,CUST0536
TXN002110,6/21/2025,Bluetooth Speaker,Electronics,South,Online,1,2735.75,2735.75,UPI,CUST0052
TXN005715,6/21/2025,Hair Oil,Beauty & Personal Care,East,Online,2,321.04,642.08,Credit Card,CUST0097
TXN005556,6/21/2025,Denim Jeans,Clothing,East,Online,4,1768.49,7073.96,Credit Card,CUST0184
TXN004867,6/21/2025,Mixer Grinder,Home & Kitchen,West,Offline,5,2681.2,13406,Credit Card,CUST0241
TXN004300,6/21/2025,Toor Dal 1kg,Grocery,North,Offline,2,143.54,287.08,Net Banking,CUST0259
TXN004326,6/21/2025,Wheat Flour 5kg,Grocery,North,Online,3,218.93,656.79,Credit Card,CUST0054
TXN003934,6/21/2025,Bed Sheet Set,Home & Kitchen,West,Offline,1,1685.86,1685.86,Net Banking,CUST0148
TXN001130,6/21/2025,Toor Dal 1kg,Grocery,South,Online,2,170.89,341.78,Cash,CUST0555
TXN000525,6/22/2025,Tea Powder 500g,Grocery,South,Offline,2,206.57,413.14,Cash,CUST0885
TXN002228,6/22/2025,Shampoo 400ml,Beauty & Personal Care,East,Online,1,231.8,231.8,UPI,CUST0076
TXN000970,6/22/2025,Pressure Cooker,Home & Kitchen,South,Online,1,915.92,915.92,Credit Card,CUST0637
TXN001757,6/22/2025,Perfume 100ml,Beauty & Personal Care,East,Online,1,1391.72,1391.72,UPI,CUST0732
TXN001396,6/22/2025,Men's T-Shirt,Clothing,West,Offline,2,376.32,752.64,Net Banking,CUST0008
TXN000446,6/22/2025,Sunscreen SPF50,Beauty & Personal Care,East,Online,1,468.01,468.01,Net Banking,CUST0393
TXN003636,6/22/2025,Power Bank 10000mAh,Electronics,West,Offline,1,1300.16,1300.16,Cash,CUST0514
TXN001373,6/22/2025,Basmati Rice 5kg,Grocery,East,Offline,3,595.55,1786.65,UPI,CUST0446
TXN004213,6/22/2025,Pressure Cooker,Home & Kitchen,East,Online,4,2284.79,9139.16,Cash,CUST0523
TXN004590,6/22/2025,Women's Kurti,Clothing,East,Offline,4,1393.67,5574.68,UPI,CUST0811
TXN003895,6/22/2025,Power Bank 10000mAh,Electronics,East,Online,2,1712.99,3425.98,UPI,CUST0269
TXN003705,6/22/2025,Perfume 100ml,Beauty & Personal Care,South,Offline,1,1782.32,1782.32,Credit Card,CUST0668
TXN001910,6/22/2025,Wheat Flour 5kg,Grocery,South,Online,1,287.82,287.82,Credit Card,CUST0628
TXN004523,6/22/2025,Sunflower Oil 1L,Grocery,North,Online,3,165.02,495.06,Net Banking,CUST0870
TXN000748,6/22/2025,Smartwatch,Electronics,North,Online,3,2973.57,8920.71,Net Banking,CUST0736
TXN001745,6/23/2025,Sugar 1kg,Grocery,East,Online,1,41.3,41.3,Credit Card,CUST0051
TXN005638,6/23/2025,Sugar 1kg,Grocery,East,Offline,4,50.82,203.28,Credit Card,CUST0794
TXN000225,6/23/2025,Shampoo 400ml,Beauty & Personal Care,South,Online,4,446.05,1784.2,UPI,CUST0555
TXN005567,6/23/2025,Hair Oil,Beauty & Personal Care,North,Offline,2,127.21,254.42,Credit Card,CUST0479
TXN005286,6/23/2025,Kids Hoodie,Clothing,East,Online,1,538.37,538.37,Net Banking,CUST0717
TXN002128,6/23/2025,LED TV 32in,Electronics,South,Offline,1,10353.7,10353.7,UPI,CUST0542
TXN000646,6/23/2025,Tea Powder 500g,Grocery,West,Online,5,269.15,1345.75,UPI,CUST0442
TXN001161,6/23/2025,Water Bottle,Home & Kitchen,East,Online,3,321,963,UPI,CUST0056
TXN000640,6/23/2025,Laptop Bag,Electronics,East,Online,1,1733.52,1733.52,Credit Card,CUST0474
TXN005805,6/23/2025,Pressure Cooker,Home & Kitchen,North,Offline,1,2125.62,2125.62,UPI,CUST0418
TXN001052,6/23/2025,Face Wash,Beauty & Personal Care,East,Online,3,262.28,786.84,Net Banking,CUST0211
TXN005621,6/23/2025,Men's T-Shirt,Clothing,West,Offline,5,505.37,2526.85,Credit Card,CUST0217
TXN003075,6/23/2025,Smartwatch,Electronics,North,Online,2,4379.57,8759.14,Cash,CUST0249
TXN002626,6/24/2025,Shampoo 400ml,Beauty & Personal Care,West,Offline,1,444.16,444.16,Credit Card,CUST0140
TXN000762,6/24/2025,Perfume 100ml,Beauty & Personal Care,West,Offline,2,2086.9,4173.8,Credit Card,CUST0468
TXN002843,6/24/2025,Denim Jeans,Clothing,West,Online,1,880.26,880.26,Credit Card,CUST0676
TXN004943,6/24/2025,Hair Oil,Beauty & Personal Care,East,Online,1,209.84,209.84,Credit Card,CUST0089
TXN004709,6/24/2025,Smartwatch,Electronics,North,Offline,4,3312.95,13251.8,UPI,CUST0411
TXN000455,6/24/2025,Tea Powder 500g,Grocery,South,Offline,1,210.43,210.43,Cash,CUST0445
TXN002338,6/24/2025,Winter Jacket,Clothing,North,Offline,2,2483.47,4966.94,UPI,CUST0852
TXN003389,6/24/2025,Basmati Rice 5kg,Grocery,East,Offline,3,482.05,1446.15,Credit Card,CUST0314
TXN003589,6/24/2025,Shampoo 400ml,Beauty & Personal Care,West,Offline,1,353.28,353.28,Cash,CUST0693
TXN004707,6/24/2025,LED TV 32in,Electronics,South,Online,2,14304.26,28608.52,UPI,CUST0775
TXN005703,6/24/2025,Body Lotion,Beauty & Personal Care,East,Offline,3,209.92,629.76,Credit Card,CUST0337
TXN003838,6/24/2025,Wireless Earbuds,Electronics,South,Online,1,2775.5,2775.5,Credit Card,CUST0316
TXN005745,6/24/2025,Laptop Bag,Electronics,East,Online,1,1485.76,1485.76,Credit Card,CUST0248
TXN000149,6/24/2025,LED TV 32in,Electronics,West,Offline,3,15068.87,45206.61,Credit Card,CUST0775
TXN001913,6/24/2025,Sunflower Oil 1L,Grocery,South,Online,1,151.16,151.16,Net Banking,CUST0569
TXN004165,6/24/2025,Power Bank 10000mAh,Electronics,North,Offline,3,834.89,2504.67,Credit Card,CUST0652
TXN005804,6/24/2025,Body Lotion,Beauty & Personal Care,South,Online,2,506.61,1013.22,Cash,CUST0273
TXN001437,6/24/2025,Sunscreen SPF50,Beauty & Personal Care,East,Offline,2,546.64,1093.28,UPI,CUST0414
TXN004003,6/24/2025,Basmati Rice 5kg,Grocery,South,Offline,1,667.88,667.88,Credit Card,CUST0119
TXN001593,6/25/2025,Pressure Cooker,Home & Kitchen,South,Offline,2,1701.75,3403.5,UPI,CUST0679
TXN000717,6/25/2025,Laptop Bag,Electronics,North,Online,2,1456.41,2912.82,UPI,CUST0893
TXN005187,6/25/2025,Water Bottle,Home & Kitchen,South,Offline,1,282.64,282.64,UPI,CUST0676
TXN000561,6/25/2025,Tea Powder 500g,Grocery,North,Online,1,153.31,153.31,Cash,CUST0367
TXN003070,6/25/2025,Laptop Bag,Electronics,South,Online,2,1546.93,3093.86,Credit Card,CUST0368
TXN000499,6/25/2025,Power Bank 10000mAh,Electronics,East,Online,5,1021.18,5105.9,UPI,CUST0532
TXN005691,6/25/2025,Face Wash,Beauty & Personal Care,East,Online,5,181.55,907.75,Credit Card,CUST0413
TXN002672,6/25/2025,Toor Dal 1kg,Grocery,South,Online,1,145.27,145.27,Credit Card,CUST0479
TXN002485,6/25/2025,Pressure Cooker,Home & Kitchen,West,Online,1,1806.23,1806.23,UPI,CUST0035
TXN004200,6/25/2025,Mixer Grinder,Home & Kitchen,South,Online,3,2632.79,7898.37,Cash,CUST0040
TXN002794,6/25/2025,Pressure Cooker,Home & Kitchen,East,Offline,3,1727.22,5181.66,UPI,CUST0227
TXN005575,6/25/2025,Bluetooth Speaker,Electronics,East,Online,2,2495.02,4990.04,Credit Card,CUST0623
TXN003052,6/25/2025,Water Bottle,Home & Kitchen,East,Offline,1,151.29,151.29,UPI,CUST0746
TXN003792,6/26/2025,Women's Kurti,Clothing,South,Offline,2,1080.62,2161.24,Credit Card,CUST0325
TXN005490,6/26/2025,Men's T-Shirt,Clothing,West,Offline,3,714.9,2144.7,Credit Card,CUST0500
TXN001120,6/26/2025,Basmati Rice 5kg,Grocery,South,Offline,1,593.71,593.71,Credit Card,CUST0568
TXN002147,6/26/2025,Hair Oil,Beauty & Personal Care,East,Offline,2,179.56,359.12,Credit Card,CUST0391
TXN000836,6/26/2025,Mixer Grinder,Home & Kitchen,South,Offline,1,4468.63,4468.63,Credit Card,CUST0792
TXN000657,6/26/2025,Women's Kurti,Clothing,West,Online,2,1061.17,2122.34,Cash,CUST0531
TXN004650,6/26/2025,Formal Shirt,Clothing,East,Offline,2,737.39,1474.78,UPI,CUST0130
TXN001555,6/26/2025,Tea Powder 500g,Grocery,North,Online,3,296.54,889.62,UPI,CUST0509
TXN000171,6/26/2025,Water Bottle,Home & Kitchen,South,Online,1,356.1,356.1,UPI,CUST0267
TXN001712,6/26/2025,Mixer Grinder,Home & Kitchen,East,Offline,1,3829.9,3829.9,UPI,CUST0002
TXN004949,6/26/2025,LED TV 32in,Electronics,West,Offline,5,15797.66,78988.3,Cash,CUST0287
TXN002991,6/26/2025,Face Wash,Beauty & Personal Care,West,Online,3,377.54,1132.62,UPI,CUST0672
TXN000700,6/26/2025,Face Wash,Beauty & Personal Care,West,Online,1,308.12,308.12,UPI,CUST0797
TXN001596,6/26/2025,Denim Jeans,Clothing,West,Online,1,1844.76,1844.76,UPI,CUST0447
TXN003003,6/26/2025,Body Lotion,Beauty & Personal Care,West,Online,2,441.86,883.72,Credit Card,CUST0811
TXN004236,6/26/2025,Wireless Earbuds,Electronics,West,Offline,3,3622.97,10868.91,Net Banking,CUST0352
TXN004906,6/26/2025,Bed Sheet Set,Home & Kitchen,West,Online,1,798.38,798.38,Net Banking,CUST0084
TXN001218,6/26/2025,Formal Shirt,Clothing,North,Offline,2,1307.75,2615.5,UPI,CUST0532
TXN000447,6/26/2025,Basmati Rice 5kg,Grocery,West,Online,2,397.48,794.96,Credit Card,CUST0315
TXN004575,6/27/2025,LED TV 32in,Electronics,South,Online,2,10187.96,20375.92,UPI,CUST0009
TXN005133,6/27/2025,Denim Jeans,Clothing,South,Offline,2,1019.31,2038.62,Cash,CUST0706
TXN003427,6/27/2025,Mixer Grinder,Home & Kitchen,West,Online,2,4207.42,8414.84,Credit Card,CUST0023
TXN002906,6/27/2025,Formal Shirt,Clothing,South,Online,3,1432.92,4298.76,UPI,CUST0864
TXN004495,6/27/2025,Women's Kurti,Clothing,North,Online,1,563.13,563.13,Credit Card,CUST0628
TXN004314,6/27/2025,Formal Shirt,Clothing,West,Offline,1,804.57,804.57,Cash,CUST0675
TXN000637,6/27/2025,Men's T-Shirt,Clothing,West,Online,3,694.75,2084.25,UPI,CUST0176
TXN002504,6/27/2025,Sugar 1kg,Grocery,West,Online,4,45.28,181.12,Net Banking,CUST0297
TXN001047,6/27/2025,Wireless Earbuds,Electronics,South,Online,3,2948.82,8846.46,Credit Card,CUST0403
TXN005934,6/27/2025,Bluetooth Speaker,Electronics,North,Online,2,1476.29,2952.58,UPI,CUST0812
TXN005981,6/27/2025,Shampoo 400ml,Beauty & Personal Care,North,Online,3,404.2,1212.6,Cash,CUST0680
TXN004834,6/27/2025,Bluetooth Speaker,Electronics,East,Offline,4,3450.07,13800.28,Credit Card,CUST0479
TXN003688,6/27/2025,Hair Oil,Beauty & Personal Care,West,Online,1,110.33,110.33,Credit Card,CUST0125
TXN000412,6/27/2025,Pressure Cooker,Home & Kitchen,West,Online,1,1250.09,1250.09,Credit Card,CUST0798
TXN001939,6/27/2025,Sugar 1kg,Grocery,North,Offline,1,53.3,53.3,UPI,CUST0678
TXN003461,6/27/2025,Shampoo 400ml,Beauty & Personal Care,South,Online,1,486.26,486.26,Cash,CUST0055
TXN005266,6/27/2025,Denim Jeans,Clothing,East,Online,1,1786.34,1786.34,UPI,CUST0446
TXN005184,6/28/2025,Sunscreen SPF50,Beauty & Personal Care,West,Online,4,612.67,2450.68,UPI,CUST0243
TXN002057,6/28/2025,Basmati Rice 5kg,Grocery,South,Offline,2,661.57,1323.14,Credit Card,CUST0645
TXN003749,6/28/2025,Hair Oil,Beauty & Personal Care,East,Offline,2,188.08,376.16,Cash,CUST0779
TXN003248,6/28/2025,Toor Dal 1kg,Grocery,West,Offline,2,138.75,277.5,Cash,CUST0374
TXN004536,6/28/2025,Hair Oil,Beauty & Personal Care,East,Online,1,105.58,105.58,UPI,CUST0654
TXN001744,6/28/2025,Denim Jeans,Clothing,North,Online,1,1144.09,1144.09,Net Banking,CUST0545
TXN005554,6/28/2025,Bluetooth Speaker,Electronics,West,Online,2,2031.82,4063.64,UPI,CUST0287
TXN002061,6/28/2025,Tea Powder 500g,Grocery,West,Online,3,176.1,528.3,Net Banking,CUST0187
TXN002458,6/28/2025,Sunflower Oil 1L,Grocery,South,Offline,4,196.31,785.24,Credit Card,CUST0359
TXN004154,6/28/2025,Shampoo 400ml,Beauty & Personal Care,West,Offline,1,208.98,208.98,Credit Card,CUST0081
TXN000986,6/28/2025,Women's Kurti,Clothing,West,Online,5,1013.19,5065.95,Cash,CUST0420
TXN002905,6/28/2025,Laptop Bag,Electronics,North,Offline,2,1082.53,2165.06,Net Banking,CUST0243
TXN002753,6/28/2025,Power Bank 10000mAh,Electronics,East,Offline,1,1042.05,1042.05,Credit Card,CUST0737
TXN003257,6/29/2025,Laptop Bag,Electronics,West,Offline,1,1379.68,1379.68,Cash,CUST0482
TXN004549,6/29/2025,Sunflower Oil 1L,Grocery,West,Offline,2,135.42,270.84,Net Banking,CUST0486
TXN005000,6/29/2025,Denim Jeans,Clothing,North,Offline,4,836.17,3344.68,Credit Card,CUST0476
TXN003325,6/29/2025,Water Bottle,Home & Kitchen,South,Online,4,193.84,775.36,Cash,CUST0511
TXN002016,6/29/2025,Sunflower Oil 1L,Grocery,South,Offline,2,199.9,399.8,UPI,CUST0567
TXN003057,6/29/2025,Shampoo 400ml,Beauty & Personal Care,North,Offline,1,494.15,494.15,UPI,CUST0818
TXN001873,6/29/2025,Non-Stick Pan,Home & Kitchen,West,Online,2,612.71,1225.42,Credit Card,CUST0718
TXN000133,6/29/2025,Wheat Flour 5kg,Grocery,South,Online,2,345.72,691.44,Credit Card,CUST0220
TXN004073,6/29/2025,Power Bank 10000mAh,Electronics,South,Offline,4,928.43,3713.72,Cash,CUST0474
TXN003165,6/29/2025,Bluetooth Speaker,Electronics,South,Offline,4,1288.9,5155.6,Net Banking,CUST0771
TXN001609,6/29/2025,Shampoo 400ml,Beauty & Personal Care,East,Online,1,277.72,277.72,Credit Card,CUST0754
TXN001129,6/29/2025,Water Bottle,Home & Kitchen,West,Offline,1,193.01,193.01,Net Banking,CUST0242
TXN005247,6/29/2025,LED Bulb Pack,Home & Kitchen,West,Online,2,329.07,658.14,UPI,CUST0465
TXN002487,6/29/2025,Winter Jacket,Clothing,North,Offline,5,2799.54,13997.7,Credit Card,CUST0231
TXN001465,6/29/2025,LED TV 32in,Electronics,North,Offline,1,11440.93,11440.93,UPI,CUST0508
TXN005853,6/29/2025,Hair Oil,Beauty & Personal Care,West,Offline,2,146.7,293.4,UPI,CUST0273
TXN002572,6/29/2025,Men's T-Shirt,Clothing,East,Offline,1,446.56,446.56,Credit Card,CUST0692
TXN002748,6/29/2025,Bluetooth Speaker,Electronics,East,Offline,1,2465.99,2465.99,Cash,CUST0396
TXN005543,6/29/2025,Men's T-Shirt,Clothing,East,Online,1,877.36,877.36,Credit Card,CUST0632
TXN004928,6/29/2025,Non-Stick Pan,Home & Kitchen,West,Online,1,776.41,776.41,Net Banking,CUST0070
TXN000632,6/29/2025,Toor Dal 1kg,Grocery,West,Offline,4,121.22,484.88,UPI,CUST0530
TXN002421,6/29/2025,LED TV 32in,Electronics,West,Offline,4,13074.28,52297.12,Credit Card,CUST0489
TXN005477,6/29/2025,Basmati Rice 5kg,Grocery,North,Online,2,592.07,1184.14,Net Banking,CUST0658
TXN002973,6/29/2025,Men's T-Shirt,Clothing,West,Online,1,377.56,377.56,UPI,CUST0151
TXN003780,6/30/2025,Non-Stick Pan,Home & Kitchen,West,Online,3,1097.19,3291.57,Net Banking,CUST0536
TXN004172,6/30/2025,Face Wash,Beauty & Personal Care,North,Offline,3,322.92,968.76,UPI,CUST0656
TXN002314,6/30/2025,Wheat Flour 5kg,Grocery,East,Offline,1,208.02,208.02,Cash,CUST0595
TXN005985,6/30/2025,Wheat Flour 5kg,Grocery,North,Online,4,349.25,1397,Credit Card,CUST0838
TXN000760,6/30/2025,Tea Powder 500g,Grocery,West,Online,5,169.47,847.35,UPI,CUST0409
TXN004892,6/30/2025,Laptop Bag,Electronics,South,Offline,1,1259.7,1259.7,Credit Card,CUST0567
TXN005278,6/30/2025,Non-Stick Pan,Home & Kitchen,East,Offline,2,761.55,1523.1,Credit Card,CUST0162
TXN004477,6/30/2025,Wheat Flour 5kg,Grocery,East,Online,1,321.62,321.62,Net Banking,CUST0508
TXN005875,6/30/2025,LED TV 32in,Electronics,East,Offline,1,13344.57,13344.57,UPI,CUST0396
TXN001021,6/30/2025,Sunscreen SPF50,Beauty & Personal Care,South,Online,5,561.84,2809.2,UPI,CUST0597
TXN005183,6/30/2025,Denim Jeans,Clothing,South,Online,2,1924.3,3848.6,Credit Card,CUST0352
TXN002893,7/1/2025,Sunflower Oil 1L,Grocery,South,Online,3,212.21,636.63,Credit Card,CUST0519
TXN005980,7/1/2025,Sugar 1kg,Grocery,East,Offline,1,58.97,58.97,UPI,CUST0248
TXN000469,7/1/2025,Formal Shirt,Clothing,West,Online,2,604.67,1209.34,Cash,CUST0174
TXN003230,7/1/2025,Kids Hoodie,Clothing,East,Offline,2,1141.23,2282.46,UPI,CUST0002
TXN004286,7/1/2025,Basmati Rice 5kg,Grocery,East,Online,2,365.72,731.44,Credit Card,CUST0837
TXN001583,7/1/2025,LED TV 32in,Electronics,South,Offline,3,13248.84,39746.52,UPI,CUST0839
TXN002595,7/1/2025,Water Bottle,Home & Kitchen,North,Offline,1,421.74,421.74,Credit Card,CUST0560
TXN002652,7/1/2025,Wheat Flour 5kg,Grocery,East,Offline,1,279.67,279.67,Credit Card,CUST0132
TXN001219,7/1/2025,Wheat Flour 5kg,Grocery,South,Online,1,233.59,233.59,Credit Card,CUST0077
TXN002957,7/1/2025,Perfume 100ml,Beauty & Personal Care,North,Online,3,1888.13,5664.39,Net Banking,CUST0325
TXN001138,7/1/2025,Kids Hoodie,Clothing,East,Online,1,595.03,595.03,Net Banking,CUST0141
TXN004742,7/1/2025,Smartwatch,Electronics,East,Online,4,5369.29,21477.16,Credit Card,CUST0728
TXN002022,7/1/2025,Bluetooth Speaker,Electronics,North,Online,1,2274.29,2274.29,Cash,CUST0620
TXN005082,7/1/2025,Smartwatch,Electronics,North,Online,3,4788.32,14364.96,Credit Card,CUST0013
TXN004647,7/1/2025,Body Lotion,Beauty & Personal Care,North,Offline,1,385.59,385.59,Cash,CUST0113
TXN000997,7/1/2025,Wireless Earbuds,Electronics,South,Online,4,2277.11,9108.44,UPI,CUST0532
TXN000475,7/1/2025,Men's T-Shirt,Clothing,West,Offline,4,453.47,1813.88,Credit Card,CUST0236
TXN002738,7/1/2025,Mixer Grinder,Home & Kitchen,East,Online,1,4497.77,4497.77,Net Banking,CUST0040
TXN000533,7/1/2025,Wireless Earbuds,Electronics,South,Online,2,2369.36,4738.72,Cash,CUST0446
TXN001700,7/2/2025,Formal Shirt,Clothing,North,Online,5,1308.35,6541.75,Net Banking,CUST0128
TXN003081,7/2/2025,Smartwatch,Electronics,South,Offline,4,2633.5,10534,UPI,CUST0743
TXN001243,7/2/2025,Kids Hoodie,Clothing,South,Online,2,844.82,1689.64,UPI,CUST0619
TXN000089,7/2/2025,Toor Dal 1kg,Grocery,West,Online,3,132.09,396.27,Credit Card,CUST0234
TXN001882,7/2/2025,Wireless Earbuds,Electronics,East,Online,5,1958.6,9793,UPI,CUST0752
TXN001649,7/2/2025,Men's T-Shirt,Clothing,West,Online,2,549.05,1098.1,Net Banking,CUST0381
TXN000883,7/2/2025,Body Lotion,Beauty & Personal Care,West,Online,3,514.86,1544.58,Cash,CUST0420
TXN004512,7/2/2025,Basmati Rice 5kg,Grocery,East,Online,1,424.58,424.58,UPI,CUST0250
TXN002701,7/2/2025,Winter Jacket,Clothing,North,Online,1,2595.3,2595.3,UPI,CUST0136
TXN001475,7/2/2025,Face Wash,Beauty & Personal Care,North,Online,1,197.1,197.1,Cash,CUST0575
TXN001194,7/2/2025,Kids Hoodie,Clothing,East,Online,1,1124.54,1124.54,Cash,CUST0472
TXN004472,7/2/2025,Formal Shirt,Clothing,South,Online,4,1260.68,5042.72,Net Banking,CUST0315
TXN003112,7/2/2025,Wheat Flour 5kg,Grocery,South,Online,2,227.09,454.18,UPI,CUST0365
TXN003191,7/2/2025,Women's Kurti,Clothing,East,Online,2,783.91,1567.82,Credit Card,CUST0649
TXN002211,7/2/2025,Sunscreen SPF50,Beauty & Personal Care,North,Online,1,401.79,401.79,UPI,CUST0541
TXN001408,7/2/2025,Smartwatch,Electronics,East,Offline,3,5531.01,16593.03,Credit Card,CUST0532
TXN005355,7/2/2025,Wheat Flour 5kg,Grocery,East,Online,1,309.77,309.77,UPI,CUST0369
TXN004731,7/2/2025,Bed Sheet Set,Home & Kitchen,West,Online,4,1553.6,6214.4,Cash,CUST0676
TXN000823,7/2/2025,Basmati Rice 5kg,Grocery,East,Online,2,406.28,812.56,Net Banking,CUST0273
TXN000373,7/2/2025,Body Lotion,Beauty & Personal Care,North,Online,3,232.97,698.91,Cash,CUST0693
TXN000015,7/2/2025,Body Lotion,Beauty & Personal Care,South,Offline,3,472.68,1418.04,Credit Card,CUST0490
TXN003915,7/3/2025,Smartwatch,Electronics,South,Online,1,3893.36,3893.36,Credit Card,CUST0681
TXN002046,7/3/2025,Face Wash,Beauty & Personal Care,East,Online,1,385.09,385.09,Net Banking,CUST0098
TXN000543,7/3/2025,Face Wash,Beauty & Personal Care,East,Offline,4,192,768,UPI,CUST0575
TXN004240,7/3/2025,Shampoo 400ml,Beauty & Personal Care,East,Offline,4,312.91,1251.64,Credit Card,CUST0826
TXN000950,7/3/2025,Smartwatch,Electronics,West,Online,3,5404.4,16213.2,Credit Card,CUST0548
TXN001727,7/3/2025,Toor Dal 1kg,Grocery,East,Online,1,134.62,134.62,Net Banking,CUST0087
TXN000535,7/3/2025,Basmati Rice 5kg,Grocery,North,Online,1,558.83,558.83,Credit Card,CUST0135
TXN002278,7/3/2025,Shampoo 400ml,Beauty & Personal Care,South,Offline,2,377.27,754.54,Net Banking,CUST0788
TXN000581,7/3/2025,Laptop Bag,Electronics,East,Online,3,1748.05,5244.15,Net Banking,CUST0727
TXN004614,7/3/2025,Hair Oil,Beauty & Personal Care,South,Offline,1,222.78,222.78,Net Banking,CUST0616
TXN000139,7/3/2025,Non-Stick Pan,Home & Kitchen,East,Offline,2,477.75,955.5,Credit Card,CUST0063
TXN003460,7/3/2025,Formal Shirt,Clothing,South,Online,3,1274.55,3823.65,Credit Card,CUST0179
TXN005935,7/3/2025,Hair Oil,Beauty & Personal Care,East,Offline,1,148.78,148.78,Credit Card,CUST0806
TXN001108,7/3/2025,Non-Stick Pan,Home & Kitchen,South,Online,4,640.19,2560.76,Credit Card,CUST0689
TXN004210,7/3/2025,Wireless Earbuds,Electronics,South,Offline,4,3403.08,13612.32,Credit Card,CUST0859
TXN004358,7/3/2025,Bed Sheet Set,Home & Kitchen,West,Offline,5,746.08,3730.4,UPI,CUST0489
TXN002168,7/3/2025,Non-Stick Pan,Home & Kitchen,South,Offline,1,1003.43,1003.43,UPI,CUST0858
TXN001626,7/3/2025,Basmati Rice 5kg,Grocery,North,Offline,4,464.47,1857.88,Net Banking,CUST0257
TXN000115,7/3/2025,Toor Dal 1kg,Grocery,West,Offline,2,120.4,240.8,Net Banking,CUST0615
TXN003079,7/3/2025,Formal Shirt,Clothing,East,Offline,1,1581.86,1581.86,Credit Card,CUST0051
TXN003856,7/3/2025,Bluetooth Speaker,Electronics,South,Offline,1,1898.22,1898.22,Credit Card,CUST0772
TXN000634,7/3/2025,Men's T-Shirt,Clothing,North,Online,1,338.01,338.01,UPI,CUST0250
TXN000795,7/3/2025,Wheat Flour 5kg,Grocery,North,Offline,1,207.87,207.87,Cash,CUST0338
TXN005231,7/4/2025,Toor Dal 1kg,Grocery,South,Offline,1,138.2,138.2,UPI,CUST0350
TXN003064,7/4/2025,LED Bulb Pack,Home & Kitchen,West,Offline,3,366.22,1098.66,Credit Card,CUST0511
TXN004597,7/4/2025,Body Lotion,Beauty & Personal Care,North,Online,1,335.65,335.65,Credit Card,CUST0509
TXN001845,7/4/2025,Laptop Bag,Electronics,East,Online,2,1140.92,2281.84,Net Banking,CUST0533
TXN000545,7/4/2025,Laptop Bag,Electronics,North,Offline,1,912.74,912.74,Credit Card,CUST0774
TXN000976,7/4/2025,Basmati Rice 5kg,Grocery,East,Online,3,394.1,1182.3,UPI,CUST0484
TXN004400,7/4/2025,Women's Kurti,Clothing,South,Offline,2,949.08,1898.16,UPI,CUST0029
TXN004862,7/4/2025,Bluetooth Speaker,Electronics,North,Offline,5,3120.05,15600.25,Credit Card,CUST0829
TXN000770,7/4/2025,LED TV 32in,Electronics,South,Online,2,9759.01,19518.02,Cash,CUST0726
TXN002904,7/4/2025,Winter Jacket,Clothing,North,Online,1,2380.31,2380.31,Net Banking,CUST0881
TXN005952,7/4/2025,Shampoo 400ml,Beauty & Personal Care,West,Online,5,290.91,1454.55,UPI,CUST0826
TXN003237,7/4/2025,Water Bottle,Home & Kitchen,West,Online,1,320.2,320.2,Credit Card,CUST0644
TXN004941,7/4/2025,Men's T-Shirt,Clothing,East,Offline,1,550.7,550.7,UPI,CUST0389
TXN004473,7/4/2025,Water Bottle,Home & Kitchen,North,Offline,4,255.83,1023.32,UPI,CUST0397
TXN005426,7/5/2025,Smartwatch,Electronics,South,Online,5,2848.12,14240.6,Credit Card,CUST0186
TXN000588,7/5/2025,Men's T-Shirt,Clothing,East,Online,2,303.97,607.94,Net Banking,CUST0597
TXN005834,7/5/2025,Wheat Flour 5kg,Grocery,West,Online,3,233.06,699.18,UPI,CUST0314
TXN005937,7/5/2025,Men's T-Shirt,Clothing,South,Offline,1,891.03,891.03,Credit Card,CUST0337
TXN005459,7/5/2025,LED TV 32in,Electronics,North,Online,4,15777.92,63111.68,UPI,CUST0840
TXN000672,7/5/2025,Winter Jacket,Clothing,East,Online,4,1957.35,7829.4,Net Banking,CUST0158
TXN002844,7/5/2025,Toor Dal 1kg,Grocery,West,Offline,2,168.07,336.14,UPI,CUST0053
TXN005603,7/5/2025,Women's Kurti,Clothing,North,Offline,2,1250.96,2501.92,Credit Card,CUST0434
TXN000297,7/5/2025,Bed Sheet Set,Home & Kitchen,East,Offline,3,1185.98,3557.94,Credit Card,CUST0869
TXN002368,7/5/2025,Mixer Grinder,Home & Kitchen,North,Online,1,2608.85,2608.85,UPI,CUST0499
TXN003912,7/5/2025,Basmati Rice 5kg,Grocery,West,Online,1,402.3,402.3,Net Banking,CUST0760
TXN000108,7/5/2025,Basmati Rice 5kg,Grocery,South,Online,5,580.18,2900.9,UPI,CUST0756
TXN001231,7/5/2025,Sunflower Oil 1L,Grocery,South,Offline,1,199.17,199.17,UPI,CUST0155
TXN005369,7/6/2025,Hair Oil,Beauty & Personal Care,South,Online,2,196.12,392.24,Credit Card,CUST0273
TXN003263,7/6/2025,Body Lotion,Beauty & Personal Care,West,Online,1,585.88,585.88,Cash,CUST0489
TXN000551,7/6/2025,Basmati Rice 5kg,Grocery,North,Online,3,442.16,1326.48,UPI,CUST0449
TXN005710,7/6/2025,Women's Kurti,Clothing,South,Offline,2,603.32,1206.64,Cash,CUST0276
TXN005644,7/6/2025,Wireless Earbuds,Electronics,South,Online,3,3538.67,10616.01,Net Banking,CUST0249
TXN000405,7/6/2025,Wireless Earbuds,Electronics,West,Online,3,1672.36,5017.08,UPI,CUST0616
TXN003163,7/6/2025,Bluetooth Speaker,Electronics,South,Online,1,1777.4,1777.4,Credit Card,CUST0679
TXN001302,7/6/2025,Bluetooth Speaker,Electronics,East,Online,1,2621.63,2621.63,UPI,CUST0108
TXN003853,7/6/2025,LED TV 32in,Electronics,East,Online,1,11064.49,11064.49,Cash,CUST0576
TXN003316,7/6/2025,Formal Shirt,Clothing,North,Offline,5,664.47,3322.35,Credit Card,CUST0730
TXN000261,7/6/2025,Wireless Earbuds,Electronics,North,Online,1,3966.21,3966.21,Net Banking,CUST0736
TXN001292,7/6/2025,Power Bank 10000mAh,Electronics,East,Offline,3,1386.21,4158.63,Credit Card,CUST0807
TXN003634,7/6/2025,Power Bank 10000mAh,Electronics,North,Offline,2,819.25,1638.5,UPI,CUST0274
TXN005515,7/6/2025,Pressure Cooker,Home & Kitchen,North,Offline,1,1077.94,1077.94,Credit Card,CUST0192
TXN002956,7/6/2025,Mixer Grinder,Home & Kitchen,South,Offline,2,4271.41,8542.82,Credit Card,CUST0071
TXN004346,7/6/2025,Mixer Grinder,Home & Kitchen,West,Online,2,4201.58,8403.16,Net Banking,CUST0510
TXN000326,7/6/2025,Pressure Cooker,Home & Kitchen,West,Online,4,2006.73,8026.92,UPI,CUST0541
TXN004349,7/6/2025,Bed Sheet Set,Home & Kitchen,East,Offline,3,1486.98,4460.94,Net Banking,CUST0415
TXN000974,7/6/2025,Wireless Earbuds,Electronics,South,Offline,1,2896.03,2896.03,Credit Card,CUST0749
TXN004679,7/7/2025,Sunflower Oil 1L,Grocery,West,Online,4,212.01,848.04,UPI,CUST0809
TXN001377,7/7/2025,Bed Sheet Set,Home & Kitchen,East,Online,5,1584.33,7921.65,Cash,CUST0660
TXN004727,7/7/2025,Bluetooth Speaker,Electronics,West,Offline,1,2805.16,2805.16,UPI,CUST0402
TXN004725,7/7/2025,Basmati Rice 5kg,Grocery,East,Online,3,353.38,1060.14,Net Banking,CUST0051
TXN000001,7/7/2025,Bluetooth Speaker,Electronics,South,Online,1,2903.54,2903.54,Credit Card,CUST0198
TXN001971,7/7/2025,Mixer Grinder,Home & Kitchen,West,Online,3,2538.81,7616.43,Net Banking,CUST0797
TXN002937,7/7/2025,Body Lotion,Beauty & Personal Care,North,Offline,4,576.07,2304.28,Credit Card,CUST0826
TXN000741,7/7/2025,Winter Jacket,Clothing,North,Online,1,2077.6,2077.6,Credit Card,CUST0481
TXN002818,7/7/2025,Water Bottle,Home & Kitchen,West,Online,4,209.38,837.52,Cash,CUST0074
TXN004221,7/7/2025,Bed Sheet Set,Home & Kitchen,West,Online,1,754.2,754.2,Cash,CUST0282
TXN005632,7/7/2025,Body Lotion,Beauty & Personal Care,South,Offline,5,284.29,1421.45,Cash,CUST0803
TXN000746,7/7/2025,Pressure Cooker,Home & Kitchen,East,Online,3,1330.8,3992.4,UPI,CUST0674
TXN002043,7/7/2025,Kids Hoodie,Clothing,North,Online,1,1004.64,1004.64,UPI,CUST0268
TXN004557,7/7/2025,LED TV 32in,Electronics,East,Online,4,11731.22,46924.88,Net Banking,CUST0337
TXN004706,7/7/2025,Bluetooth Speaker,Electronics,West,Offline,3,2088.57,6265.71,Credit Card,CUST0521
TXN002138,7/7/2025,Hair Oil,Beauty & Personal Care,North,Offline,2,235.46,470.92,Credit Card,CUST0874
TXN002275,7/7/2025,Water Bottle,Home & Kitchen,East,Online,2,350.63,701.26,UPI,CUST0069
TXN002716,7/8/2025,Laptop Bag,Electronics,South,Online,3,698.64,2095.92,UPI,CUST0082
TXN001895,7/8/2025,Men's T-Shirt,Clothing,West,Offline,3,466.41,1399.23,Credit Card,CUST0402
TXN003110,7/8/2025,Basmati Rice 5kg,Grocery,West,Online,4,627.48,2509.92,Credit Card,CUST0054
TXN003828,7/8/2025,Toor Dal 1kg,Grocery,West,Offline,1,179.39,179.39,Credit Card,CUST0752
TXN003121,7/8/2025,Body Lotion,Beauty & Personal Care,West,Online,3,362.62,1087.86,UPI,CUST0384
TXN002388,7/8/2025,Hair Oil,Beauty & Personal Care,East,Online,4,327.21,1308.84,UPI,CUST0717
TXN005658,7/8/2025,Sunflower Oil 1L,Grocery,North,Online,3,120.17,360.51,UPI,CUST0052
TXN001686,7/8/2025,Tea Powder 500g,Grocery,North,Offline,1,261.7,261.7,UPI,CUST0533
TXN004740,7/8/2025,Winter Jacket,Clothing,East,Offline,1,2867.69,2867.69,Net Banking,CUST0051
TXN004025,7/8/2025,Winter Jacket,Clothing,North,Offline,2,1259.16,2518.32,Net Banking,CUST0051
TXN000934,7/8/2025,Women's Kurti,Clothing,South,Offline,3,1243.8,3731.4,Credit Card,CUST0662
TXN001149,7/8/2025,Water Bottle,Home & Kitchen,West,Offline,3,496.87,1490.61,UPI,CUST0485
TXN003755,7/8/2025,Sunscreen SPF50,Beauty & Personal Care,South,Online,1,377.83,377.83,UPI,CUST0359
TXN000614,7/8/2025,Bed Sheet Set,Home & Kitchen,West,Offline,2,1556.12,3112.24,UPI,CUST0016
TXN003878,7/8/2025,Hair Oil,Beauty & Personal Care,South,Online,3,347.36,1042.08,UPI,CUST0275
TXN003968,7/8/2025,Wheat Flour 5kg,Grocery,North,Online,4,339.08,1356.32,UPI,CUST0141
TXN001755,7/8/2025,Formal Shirt,Clothing,East,Offline,2,1500.35,3000.7,UPI,CUST0680
TXN001849,7/8/2025,Kids Hoodie,Clothing,North,Online,3,1057.84,3173.52,Credit Card,CUST0721
TXN005766,7/8/2025,Hair Oil,Beauty & Personal Care,East,Online,1,203.22,203.22,Cash,CUST0676
TXN001659,7/9/2025,Body Lotion,Beauty & Personal Care,West,Offline,3,394.94,1184.82,Credit Card,CUST0071
TXN002569,7/9/2025,Sugar 1kg,Grocery,North,Online,2,42.22,84.44,Credit Card,CUST0747
TXN005541,7/9/2025,Non-Stick Pan,Home & Kitchen,East,Online,1,973.64,973.64,UPI,CUST0249
TXN003200,7/9/2025,Wheat Flour 5kg,Grocery,West,Online,3,294.32,882.96,Cash,CUST0031
TXN001104,7/9/2025,Smartwatch,Electronics,East,Offline,1,2529.44,2529.44,Net Banking,CUST0239
TXN001406,7/9/2025,Laptop Bag,Electronics,West,Online,1,1441.61,1441.61,Cash,CUST0367
TXN000721,7/9/2025,Denim Jeans,Clothing,East,Offline,1,1559.54,1559.54,UPI,CUST0422
TXN002777,7/9/2025,Smartwatch,Electronics,East,Offline,3,5007.33,15021.99,Cash,CUST0164
TXN005809,7/9/2025,Pressure Cooker,Home & Kitchen,West,Online,2,1938.77,3877.54,Credit Card,CUST0565
TXN003396,7/9/2025,Smartwatch,Electronics,North,Online,1,1932.41,1932.41,Cash,CUST0267
TXN003467,7/9/2025,Sugar 1kg,Grocery,East,Offline,1,49.16,49.16,Cash,CUST0075
TXN002329,7/9/2025,Laptop Bag,Electronics,West,Online,1,1501.29,1501.29,Cash,CUST0104
TXN005405,7/9/2025,Formal Shirt,Clothing,West,Online,2,906.49,1812.98,Cash,CUST0358
TXN000028,7/9/2025,Winter Jacket,Clothing,East,Online,1,3058.45,3058.45,Net Banking,CUST0483
TXN003329,7/9/2025,Winter Jacket,Clothing,North,Online,3,1588.72,4766.16,Cash,CUST0424
TXN001197,7/9/2025,Kids Hoodie,Clothing,East,Online,1,794.77,794.77,UPI,CUST0509
TXN001224,7/10/2025,Power Bank 10000mAh,Electronics,South,Online,4,1397.74,5590.96,UPI,CUST0390
TXN002315,7/10/2025,Formal Shirt,Clothing,South,Offline,2,1050.34,2100.68,Cash,CUST0220
TXN000224,7/10/2025,Denim Jeans,Clothing,North,Online,1,2029.14,2029.14,UPI,CUST0720
TXN005169,7/10/2025,Power Bank 10000mAh,Electronics,West,Online,1,923.63,923.63,Credit Card,CUST0105
TXN003988,7/10/2025,Tea Powder 500g,Grocery,West,Offline,4,183.05,732.2,Credit Card,CUST0582
TXN001258,7/10/2025,Sunflower Oil 1L,Grocery,North,Online,3,150.91,452.73,UPI,CUST0316
TXN003062,7/10/2025,Wheat Flour 5kg,Grocery,South,Offline,1,300.66,300.66,UPI,CUST0365
TXN002013,7/10/2025,Winter Jacket,Clothing,South,Online,2,1703.41,3406.82,Credit Card,CUST0646
TXN004911,7/10/2025,Formal Shirt,Clothing,East,Online,4,1159.24,4636.96,Credit Card,CUST0157
TXN005423,7/10/2025,Power Bank 10000mAh,Electronics,South,Online,1,1609.79,1609.79,Credit Card,CUST0486
TXN001958,7/10/2025,Shampoo 400ml,Beauty & Personal Care,North,Online,2,481.63,963.26,Credit Card,CUST0039
TXN000569,7/10/2025,Perfume 100ml,Beauty & Personal Care,North,Offline,1,1066.65,1066.65,Net Banking,CUST0778
TXN004343,7/10/2025,Body Lotion,Beauty & Personal Care,North,Online,1,516.02,516.02,Credit Card,CUST0454
TXN000178,7/11/2025,Power Bank 10000mAh,Electronics,South,Offline,2,1208.98,2417.96,UPI,CUST0578
TXN005400,7/11/2025,Body Lotion,Beauty & Personal Care,West,Online,5,416.96,2084.8,Credit Card,CUST0278
TXN002185,7/11/2025,Face Wash,Beauty & Personal Care,West,Offline,2,419.9,839.8,UPI,CUST0610
TXN004716,7/11/2025,Winter Jacket,Clothing,North,Offline,1,1211.2,1211.2,UPI,CUST0749
TXN001701,7/11/2025,Basmati Rice 5kg,Grocery,South,Offline,3,575.74,1727.22,UPI,CUST0535
TXN000294,7/11/2025,Denim Jeans,Clothing,West,Online,3,822.71,2468.13,Net Banking,CUST0532
TXN002926,7/11/2025,Formal Shirt,Clothing,South,Offline,2,815.34,1630.68,Net Banking,CUST0081
TXN005170,7/11/2025,Mixer Grinder,Home & Kitchen,East,Offline,3,3393.84,10181.52,UPI,CUST0228
TXN004816,7/11/2025,Power Bank 10000mAh,Electronics,East,Online,1,944.77,944.77,UPI,CUST0272
TXN003448,7/11/2025,Laptop Bag,Electronics,East,Offline,1,1512.94,1512.94,Credit Card,CUST0492
TXN003522,7/11/2025,Hair Oil,Beauty & Personal Care,West,Offline,1,142.7,142.7,UPI,CUST0848
TXN002017,7/11/2025,Kids Hoodie,Clothing,West,Online,1,1037.95,1037.95,Credit Card,CUST0659
TXN004598,7/11/2025,Wireless Earbuds,Electronics,South,Online,5,1600.49,8002.45,Credit Card,CUST0794
TXN004636,7/11/2025,LED Bulb Pack,Home & Kitchen,West,Online,1,321.73,321.73,Credit Card,CUST0102
TXN001414,7/11/2025,LED Bulb Pack,Home & Kitchen,East,Offline,2,226.23,452.46,UPI,CUST0612
TXN000503,7/11/2025,Water Bottle,Home & Kitchen,North,Online,1,407.67,407.67,Net Banking,CUST0036
TXN001916,7/11/2025,Bluetooth Speaker,Electronics,South,Online,2,2991.84,5983.68,UPI,CUST0685
TXN000367,7/11/2025,LED Bulb Pack,Home & Kitchen,South,Online,1,171.06,171.06,Credit Card,CUST0365
TXN001009,7/12/2025,Kids Hoodie,Clothing,North,Online,2,1081.35,2162.7,Credit Card,CUST0297
TXN002971,7/12/2025,Smartwatch,Electronics,South,Online,1,3370.68,3370.68,UPI,CUST0367
TXN005911,7/12/2025,Formal Shirt,Clothing,South,Online,2,1189.23,2378.46,UPI,CUST0685
TXN001043,7/12/2025,Mixer Grinder,Home & Kitchen,West,Offline,1,2766.29,2766.29,Credit Card,CUST0701
TXN002599,7/12/2025,Body Lotion,Beauty & Personal Care,West,Online,2,415.85,831.7,Credit Card,CUST0188
TXN005387,7/12/2025,Winter Jacket,Clothing,West,Online,2,1338.44,2676.88,UPI,CUST0773
TXN001738,7/12/2025,Body Lotion,Beauty & Personal Care,East,Online,4,580.08,2320.32,UPI,CUST0678
TXN005043,7/12/2025,Formal Shirt,Clothing,North,Online,1,1374.39,1374.39,UPI,CUST0019
TXN004130,7/12/2025,Pressure Cooker,Home & Kitchen,North,Offline,5,1741.88,8709.4,Credit Card,CUST0117
TXN003438,7/12/2025,Perfume 100ml,Beauty & Personal Care,East,Offline,1,1074.24,1074.24,Cash,CUST0803
TXN000710,7/12/2025,Bed Sheet Set,Home & Kitchen,South,Online,2,1413.84,2827.68,UPI,CUST0481
TXN003823,7/12/2025,Sunscreen SPF50,Beauty & Personal Care,West,Online,1,271.1,271.1,Credit Card,CUST0194
TXN004253,7/12/2025,LED TV 32in,Electronics,East,Offline,1,14698.18,14698.18,UPI,CUST0808
TXN003795,7/12/2025,Women's Kurti,Clothing,West,Offline,4,1202.82,4811.28,Cash,CUST0404
TXN003778,7/12/2025,Body Lotion,Beauty & Personal Care,West,Online,3,303.81,911.43,Credit Card,CUST0853
TXN004139,7/12/2025,Mixer Grinder,Home & Kitchen,North,Online,2,1819.5,3639,Credit Card,CUST0640
TXN000629,7/13/2025,Wireless Earbuds,Electronics,North,Offline,1,1621.29,1621.29,UPI,CUST0717
TXN004174,7/13/2025,Sugar 1kg,Grocery,South,Offline,1,56.71,56.71,Credit Card,CUST0081
TXN005765,7/13/2025,Mixer Grinder,Home & Kitchen,North,Offline,1,2448.48,2448.48,Credit Card,CUST0797
TXN000873,7/13/2025,Non-Stick Pan,Home & Kitchen,West,Online,2,426.29,852.58,Cash,CUST0797
TXN000919,7/13/2025,Water Bottle,Home & Kitchen,East,Online,2,175.57,351.14,Cash,CUST0533
TXN002100,7/13/2025,Bed Sheet Set,Home & Kitchen,North,Offline,2,627.55,1255.1,Credit Card,CUST0778
TXN000009,7/13/2025,Formal Shirt,Clothing,North,Online,5,1240,6200,Cash,CUST0243
TXN002627,7/13/2025,Shampoo 400ml,Beauty & Personal Care,West,Online,2,236.03,472.06,Cash,CUST0869
TXN000284,7/13/2025,Denim Jeans,Clothing,South,Offline,1,1185.22,1185.22,UPI,CUST0826
TXN005624,7/13/2025,Wireless Earbuds,Electronics,East,Offline,1,1977.4,1977.4,Net Banking,CUST0182
TXN002961,7/13/2025,Face Wash,Beauty & Personal Care,South,Offline,2,439.49,878.98,Cash,CUST0724
TXN005320,7/13/2025,Women's Kurti,Clothing,East,Offline,4,1406.35,5625.4,Credit Card,CUST0141
TXN002321,7/13/2025,Sunscreen SPF50,Beauty & Personal Care,South,Offline,1,341.68,341.68,Credit Card,CUST0468
TXN003583,7/13/2025,Wireless Earbuds,Electronics,South,Offline,2,2934.71,5869.42,UPI,CUST0491
TXN002326,7/13/2025,Bed Sheet Set,Home & Kitchen,East,Offline,2,1405.77,2811.54,UPI,CUST0796
TXN004510,7/14/2025,LED TV 32in,Electronics,West,Offline,3,13199.37,39598.11,UPI,CUST0474
TXN003088,7/14/2025,Formal Shirt,Clothing,South,Offline,1,1109.04,1109.04,UPI,CUST0412
TXN000848,7/14/2025,LED Bulb Pack,Home & Kitchen,South,Online,2,357.89,715.78,Credit Card,CUST0244
TXN005463,7/14/2025,Pressure Cooker,Home & Kitchen,South,Online,5,1939.11,9695.55,Credit Card,CUST0229
TXN004020,7/14/2025,Non-Stick Pan,Home & Kitchen,West,Online,3,1118.06,3354.18,Net Banking,CUST0308
TXN002157,7/14/2025,LED Bulb Pack,Home & Kitchen,West,Offline,1,246.57,246.57,Cash,CUST0524
TXN002156,7/14/2025,Hair Oil,Beauty & Personal Care,South,Online,5,226.12,1130.6,Credit Card,CUST0862
TXN005812,7/14/2025,Denim Jeans,Clothing,West,Offline,1,2065.68,2065.68,UPI,CUST0222
TXN005455,7/14/2025,Tea Powder 500g,Grocery,South,Online,1,152.91,152.91,Credit Card,CUST0814
TXN005616,7/14/2025,Face Wash,Beauty & Personal Care,West,Offline,1,196.71,196.71,Credit Card,CUST0222
TXN004582,7/14/2025,Wheat Flour 5kg,Grocery,West,Online,1,284.05,284.05,Credit Card,CUST0266
TXN004982,7/14/2025,Tea Powder 500g,Grocery,South,Online,1,262.13,262.13,UPI,CUST0533
TXN003784,7/14/2025,Tea Powder 500g,Grocery,South,Offline,1,247.24,247.24,Credit Card,CUST0270
TXN002352,7/14/2025,Women's Kurti,Clothing,South,Online,5,1003.1,5015.5,Net Banking,CUST0114
TXN000921,7/14/2025,Bluetooth Speaker,Electronics,East,Offline,1,2053.07,2053.07,Credit Card,CUST0197
TXN004932,7/14/2025,Kids Hoodie,Clothing,West,Online,2,695.38,1390.76,UPI,CUST0435
TXN001213,7/14/2025,Formal Shirt,Clothing,North,Online,2,852.53,1705.06,Credit Card,CUST0179
TXN004098,7/14/2025,LED Bulb Pack,Home & Kitchen,North,Offline,2,164.13,328.26,UPI,CUST0297
TXN005526,7/14/2025,Non-Stick Pan,Home & Kitchen,East,Online,1,843.71,843.71,Cash,CUST0151
TXN003925,7/14/2025,Men's T-Shirt,Clothing,West,Online,1,333.39,333.39,Net Banking,CUST0486
TXN002824,7/14/2025,Toor Dal 1kg,Grocery,North,Online,2,166.92,333.84,Net Banking,CUST0179
TXN003286,7/14/2025,Sunflower Oil 1L,Grocery,East,Offline,3,163,489,Credit Card,CUST0536
TXN001395,7/14/2025,Perfume 100ml,Beauty & Personal Care,East,Online,2,1341.67,2683.34,UPI,CUST0004
TXN005700,7/14/2025,LED Bulb Pack,Home & Kitchen,West,Online,2,238.78,477.56,Credit Card,CUST0510
TXN002866,7/14/2025,Hair Oil,Beauty & Personal Care,North,Online,1,142.18,142.18,UPI,CUST0271
TXN000667,7/15/2025,Wireless Earbuds,Electronics,West,Offline,1,3897.05,3897.05,Credit Card,CUST0571
TXN000156,7/15/2025,LED TV 32in,Electronics,East,Offline,2,13105.26,26210.52,UPI,CUST0321
TXN002888,7/15/2025,Sugar 1kg,Grocery,East,Offline,1,52.96,52.96,UPI,CUST0421
TXN000513,7/15/2025,Tea Powder 500g,Grocery,East,Offline,4,298.48,1193.92,UPI,CUST0249
TXN002165,7/15/2025,Winter Jacket,Clothing,West,Online,2,2404.56,4809.12,Net Banking,CUST0550
TXN005817,7/15/2025,Water Bottle,Home & Kitchen,South,Online,4,428.44,1713.76,Credit Card,CUST0087
TXN002731,7/15/2025,Pressure Cooker,Home & Kitchen,East,Online,1,1036.4,1036.4,Cash,CUST0664
TXN001724,7/15/2025,Toor Dal 1kg,Grocery,West,Online,1,117.3,117.3,Credit Card,CUST0808
TXN003341,7/15/2025,Women's Kurti,Clothing,East,Offline,1,619.07,619.07,Cash,CUST0576
TXN004969,7/15/2025,Winter Jacket,Clothing,North,Online,2,1811.84,3623.68,Credit Card,CUST0722
TXN000456,7/15/2025,Perfume 100ml,Beauty & Personal Care,North,Online,5,2210.88,11054.4,Net Banking,CUST0779
TXN002898,7/15/2025,Men's T-Shirt,Clothing,West,Offline,5,462.93,2314.65,UPI,CUST0101
TXN001362,7/15/2025,Bluetooth Speaker,Electronics,East,Online,4,2730.25,10921,Credit Card,CUST0523
TXN004710,7/15/2025,Pressure Cooker,Home & Kitchen,North,Online,2,1336.92,2673.84,Credit Card,CUST0418
TXN003619,7/15/2025,LED TV 32in,Electronics,North,Online,2,14904.37,29808.74,Cash,CUST0188
TXN003557,7/15/2025,Tea Powder 500g,Grocery,South,Offline,1,238.1,238.1,Net Banking,CUST0595
TXN000322,7/16/2025,Pressure Cooker,Home & Kitchen,South,Online,3,1484.02,4452.06,Credit Card,CUST0141
TXN000243,7/16/2025,Sunscreen SPF50,Beauty & Personal Care,South,Offline,2,470.43,940.86,UPI,CUST0578
TXN001613,7/16/2025,Sunflower Oil 1L,Grocery,West,Offline,1,150.8,150.8,UPI,CUST0409
TXN005145,7/16/2025,Wireless Earbuds,Electronics,West,Offline,2,3718.34,7436.68,Credit Card,CUST0610
TXN005093,7/16/2025,Formal Shirt,Clothing,South,Offline,1,1365.79,1365.79,Net Banking,CUST0419
TXN002826,7/16/2025,Winter Jacket,Clothing,South,Offline,3,1261.3,3783.9,Credit Card,CUST0821
TXN004433,7/16/2025,Wireless Earbuds,Electronics,West,Online,3,3321.02,9963.06,UPI,CUST0082
TXN005059,7/16/2025,LED TV 32in,Electronics,East,Online,4,13945.1,55780.4,Cash,CUST0682
TXN005983,7/16/2025,Laptop Bag,Electronics,West,Online,4,1136.43,4545.72,UPI,CUST0289
TXN004805,7/16/2025,Sunflower Oil 1L,Grocery,East,Offline,2,178.48,356.96,Cash,CUST0811
TXN003558,7/16/2025,Formal Shirt,Clothing,West,Online,2,1239.6,2479.2,UPI,CUST0135
TXN004754,7/16/2025,Laptop Bag,Electronics,South,Offline,1,921.33,921.33,UPI,CUST0322
TXN001384,7/16/2025,Toor Dal 1kg,Grocery,North,Online,1,155.92,155.92,Credit Card,CUST0047
TXN002052,7/16/2025,Toor Dal 1kg,Grocery,West,Online,2,138.36,276.72,UPI,CUST0603
TXN004882,7/16/2025,Sugar 1kg,Grocery,West,Online,1,58.92,58.92,Cash,CUST0379
TXN005542,7/16/2025,Sunscreen SPF50,Beauty & Personal Care,West,Online,2,665.37,1330.74,UPI,CUST0021
TXN005718,7/16/2025,Perfume 100ml,Beauty & Personal Care,West,Online,5,2249.98,11249.9,UPI,CUST0344
TXN003845,7/16/2025,Formal Shirt,Clothing,South,Offline,1,946.26,946.26,Net Banking,CUST0222
TXN000094,7/16/2025,Bluetooth Speaker,Electronics,West,Online,1,1543.15,1543.15,UPI,CUST0518
TXN002187,7/17/2025,Mixer Grinder,Home & Kitchen,East,Offline,3,3766.42,11299.26,Credit Card,CUST0382
TXN003664,7/17/2025,Tea Powder 500g,Grocery,West,Offline,1,179.97,179.97,Cash,CUST0051
TXN002496,7/17/2025,Wheat Flour 5kg,Grocery,North,Online,3,346.26,1038.78,Credit Card,CUST0895
TXN002630,7/17/2025,Denim Jeans,Clothing,North,Online,2,942.14,1884.28,UPI,CUST0403
TXN002604,7/17/2025,Men's T-Shirt,Clothing,South,Offline,1,456.64,456.64,Cash,CUST0034
TXN004671,7/17/2025,Sugar 1kg,Grocery,East,Online,1,54.1,54.1,Cash,CUST0870
TXN005890,7/17/2025,Mixer Grinder,Home & Kitchen,East,Online,1,2085.4,2085.4,Credit Card,CUST0489
TXN000653,7/17/2025,Face Wash,Beauty & Personal Care,North,Offline,2,245.79,491.58,Credit Card,CUST0728
TXN002480,7/17/2025,Kids Hoodie,Clothing,North,Online,3,550.41,1651.23,Cash,CUST0608
TXN004485,7/17/2025,LED TV 32in,Electronics,West,Online,4,15316.71,61266.84,UPI,CUST0550
TXN002019,7/17/2025,Toor Dal 1kg,Grocery,South,Offline,2,177.25,354.5,UPI,CUST0391
TXN000144,7/17/2025,Kids Hoodie,Clothing,North,Offline,1,1192.17,1192.17,Credit Card,CUST0533
TXN003146,7/17/2025,Kids Hoodie,Clothing,North,Online,3,602.98,1808.94,Credit Card,CUST0395
TXN005675,7/17/2025,Formal Shirt,Clothing,North,Online,5,776.63,3883.15,UPI,CUST0074
TXN002399,7/17/2025,LED Bulb Pack,Home & Kitchen,South,Offline,5,262.79,1313.95,UPI,CUST0350
TXN002712,7/18/2025,Bed Sheet Set,Home & Kitchen,East,Online,2,1286.08,2572.16,Credit Card,CUST0138
TXN003504,7/18/2025,Sunscreen SPF50,Beauty & Personal Care,West,Online,2,519.03,1038.06,Credit Card,CUST0326
TXN003930,7/18/2025,Sugar 1kg,Grocery,North,Online,2,40.26,80.52,Net Banking,CUST0454
TXN000537,7/18/2025,Shampoo 400ml,Beauty & Personal Care,East,Online,1,238.03,238.03,UPI,CUST0275
TXN002446,7/18/2025,Non-Stick Pan,Home & Kitchen,West,Online,3,444.67,1334.01,Credit Card,CUST0626
TXN002188,7/18/2025,Shampoo 400ml,Beauty & Personal Care,South,Offline,1,364.53,364.53,Credit Card,CUST0012
TXN000677,7/18/2025,Women's Kurti,Clothing,East,Online,2,766.86,1533.72,UPI,CUST0026
TXN002922,7/18/2025,Hair Oil,Beauty & Personal Care,South,Online,1,245.37,245.37,UPI,CUST0331
TXN001068,7/18/2025,Face Wash,Beauty & Personal Care,North,Online,5,448.28,2241.4,Credit Card,CUST0330
TXN004745,7/18/2025,LED TV 32in,Electronics,East,Online,4,15004.65,60018.6,UPI,CUST0519
TXN000263,7/18/2025,Kids Hoodie,Clothing,West,Online,3,1053.54,3160.62,Credit Card,CUST0306
TXN004029,7/18/2025,Face Wash,Beauty & Personal Care,West,Offline,2,245.1,490.2,Credit Card,CUST0661
TXN002655,7/18/2025,Mixer Grinder,Home & Kitchen,South,Online,2,3418.88,6837.76,UPI,CUST0139
TXN004773,7/19/2025,Wheat Flour 5kg,Grocery,South,Offline,1,241.69,241.69,UPI,CUST0541
TXN002097,7/19/2025,Non-Stick Pan,Home & Kitchen,South,Online,1,707.28,707.28,UPI,CUST0151
TXN000238,7/19/2025,Mixer Grinder,Home & Kitchen,South,Offline,1,2881.57,2881.57,UPI,CUST0447
TXN000874,7/19/2025,Toor Dal 1kg,Grocery,East,Online,1,163.48,163.48,Credit Card,CUST0848
TXN005280,7/19/2025,Tea Powder 500g,Grocery,North,Online,1,156.13,156.13,UPI,CUST0285
TXN003328,7/19/2025,Shampoo 400ml,Beauty & Personal Care,East,Online,3,344.76,1034.28,Cash,CUST0542
TXN000933,7/19/2025,Wireless Earbuds,Electronics,South,Offline,1,3167.79,3167.79,Net Banking,CUST0511
TXN005088,7/19/2025,Water Bottle,Home & Kitchen,South,Offline,3,331.94,995.82,UPI,CUST0826
TXN002390,7/19/2025,Pressure Cooker,Home & Kitchen,East,Offline,5,1959.54,9797.7,UPI,CUST0194
TXN002500,7/19/2025,Men's T-Shirt,Clothing,South,Offline,2,635.75,1271.5,Net Banking,CUST0508
TXN002199,7/19/2025,Sugar 1kg,Grocery,West,Offline,2,50.07,100.14,UPI,CUST0008
TXN004425,7/19/2025,Tea Powder 500g,Grocery,North,Online,2,265.47,530.94,Cash,CUST0053
TXN001651,7/20/2025,Denim Jeans,Clothing,North,Online,3,1468.91,4406.73,UPI,CUST0316
TXN004259,7/20/2025,Tea Powder 500g,Grocery,North,Online,5,281.73,1408.65,UPI,CUST0433
TXN000435,7/20/2025,Basmati Rice 5kg,Grocery,West,Offline,2,530.89,1061.78,Credit Card,CUST0870
TXN001217,7/20/2025,Perfume 100ml,Beauty & Personal Care,North,Online,1,706.48,706.48,UPI,CUST0403
TXN004345,7/20/2025,Bluetooth Speaker,Electronics,North,Online,1,1699.41,1699.41,UPI,CUST0627
TXN003319,7/20/2025,Face Wash,Beauty & Personal Care,East,Online,2,254.64,509.28,UPI,CUST0589
TXN002250,7/20/2025,Laptop Bag,Electronics,South,Offline,2,1501.11,3002.22,Credit Card,CUST0413
TXN004644,7/20/2025,Wheat Flour 5kg,Grocery,West,Offline,1,267.96,267.96,Credit Card,CUST0738
TXN004284,7/20/2025,Water Bottle,Home & Kitchen,East,Online,1,319.99,319.99,Net Banking,CUST0829
TXN002060,7/20/2025,Kids Hoodie,Clothing,East,Offline,1,619.61,619.61,UPI,CUST0718
TXN000911,7/20/2025,Sunflower Oil 1L,Grocery,East,Online,1,203.47,203.47,Cash,CUST0561
TXN003710,7/20/2025,Sunflower Oil 1L,Grocery,South,Offline,3,181.34,544.02,UPI,CUST0351
TXN002203,7/20/2025,Basmati Rice 5kg,Grocery,West,Online,5,655.2,3276,Net Banking,CUST0811
TXN003844,7/20/2025,Toor Dal 1kg,Grocery,North,Online,3,160.5,481.5,Cash,CUST0893
TXN005428,7/20/2025,Wheat Flour 5kg,Grocery,East,Offline,4,306.16,1224.64,UPI,CUST0383
TXN003524,7/20/2025,Shampoo 400ml,Beauty & Personal Care,East,Online,2,279.54,559.08,Net Banking,CUST0644
TXN001158,7/21/2025,Bluetooth Speaker,Electronics,East,Offline,1,2549.76,2549.76,Net Banking,CUST0384
TXN001773,7/21/2025,Water Bottle,Home & Kitchen,East,Online,5,368.46,1842.3,Credit Card,CUST0620
TXN000752,7/21/2025,Sunscreen SPF50,Beauty & Personal Care,West,Offline,2,510.16,1020.32,Credit Card,CUST0273
TXN005714,7/21/2025,Power Bank 10000mAh,Electronics,South,Offline,3,1610.99,4832.97,Credit Card,CUST0036
TXN000169,7/21/2025,Water Bottle,Home & Kitchen,East,Online,4,351.52,1406.08,Net Banking,CUST0325
TXN001146,7/21/2025,Laptop Bag,Electronics,West,Online,1,1617.2,1617.2,UPI,CUST0632
TXN002266,7/21/2025,Shampoo 400ml,Beauty & Personal Care,South,Online,1,340.81,340.81,UPI,CUST0447
TXN000520,7/21/2025,Sugar 1kg,Grocery,East,Offline,2,49.81,99.62,UPI,CUST0826
TXN002095,7/21/2025,Winter Jacket,Clothing,South,Offline,2,2963.25,5926.5,UPI,CUST0127
TXN001472,7/21/2025,Tea Powder 500g,Grocery,North,Online,1,231.96,231.96,UPI,CUST0752
TXN003896,7/21/2025,Toor Dal 1kg,Grocery,North,Offline,2,152.42,304.84,UPI,CUST0287
TXN000494,7/21/2025,Laptop Bag,Electronics,East,Offline,1,1150.91,1150.91,Cash,CUST0470
TXN003824,7/21/2025,Shampoo 400ml,Beauty & Personal Care,North,Online,2,300.15,600.3,Net Banking,CUST0390
TXN002646,7/21/2025,Wheat Flour 5kg,Grocery,North,Offline,3,298.5,895.5,Credit Card,CUST0147
TXN002202,7/21/2025,Men's T-Shirt,Clothing,East,Online,2,788.8,1577.6,Net Banking,CUST0662
TXN002285,7/21/2025,Wheat Flour 5kg,Grocery,North,Online,1,298.41,298.41,Credit Card,CUST0468
TXN000828,7/21/2025,Hair Oil,Beauty & Personal Care,West,Offline,1,336,336,Cash,CUST0896
TXN003476,7/22/2025,Denim Jeans,Clothing,North,Offline,4,2176.74,8706.96,Cash,CUST0442
TXN000068,7/22/2025,Non-Stick Pan,Home & Kitchen,East,Online,2,956.42,1912.84,Net Banking,CUST0268
TXN004285,7/22/2025,Perfume 100ml,Beauty & Personal Care,East,Online,1,2418.87,2418.87,Credit Card,CUST0669
TXN002065,7/22/2025,Power Bank 10000mAh,Electronics,East,Online,1,1019.66,1019.66,Cash,CUST0764
TXN000785,7/22/2025,LED Bulb Pack,Home & Kitchen,South,Offline,1,393.96,393.96,UPI,CUST0127
TXN001697,7/22/2025,Hair Oil,Beauty & Personal Care,South,Online,2,199.9,399.8,Credit Card,CUST0249
TXN005057,7/22/2025,Tea Powder 500g,Grocery,South,Offline,1,207.08,207.08,UPI,CUST0276
TXN001501,7/22/2025,Denim Jeans,Clothing,North,Online,2,1336.13,2672.26,UPI,CUST0309
TXN001182,7/22/2025,LED Bulb Pack,Home & Kitchen,South,Offline,1,173.41,173.41,Credit Card,CUST0063
TXN000409,7/22/2025,Denim Jeans,Clothing,North,Offline,3,2126.92,6380.76,UPI,CUST0309
TXN001163,7/22/2025,Formal Shirt,Clothing,North,Online,1,639.14,639.14,Cash,CUST0718
TXN005321,7/22/2025,Mixer Grinder,Home & Kitchen,North,Online,3,1959.93,5879.79,UPI,CUST0714
TXN003451,7/22/2025,Perfume 100ml,Beauty & Personal Care,North,Offline,1,1802.84,1802.84,Cash,CUST0701
TXN002883,7/22/2025,Laptop Bag,Electronics,South,Online,1,1629.15,1629.15,Credit Card,CUST0010
TXN004369,7/22/2025,Tea Powder 500g,Grocery,North,Offline,1,166.56,166.56,Credit Card,CUST0764
TXN001074,7/22/2025,Women's Kurti,Clothing,South,Online,2,658.78,1317.56,UPI,CUST0470
TXN000329,7/22/2025,Non-Stick Pan,Home & Kitchen,East,Online,2,864.41,1728.82,UPI,CUST0882
TXN003028,7/22/2025,Kids Hoodie,Clothing,North,Online,1,1023.32,1023.32,Cash,CUST0561
TXN002587,7/22/2025,Toor Dal 1kg,Grocery,South,Online,1,170.89,170.89,Cash,CUST0325
TXN005707,7/22/2025,Denim Jeans,Clothing,South,Online,1,839.43,839.43,Credit Card,CUST0122
TXN001398,7/22/2025,Tea Powder 500g,Grocery,North,Online,5,164.96,824.8,Net Banking,CUST0036
TXN000908,7/22/2025,Kids Hoodie,Clothing,West,Offline,1,713.88,713.88,Credit Card,CUST0179
TXN005730,7/23/2025,Denim Jeans,Clothing,East,Offline,2,1122.95,2245.9,Cash,CUST0609
TXN001657,7/23/2025,Basmati Rice 5kg,Grocery,North,Online,2,635.95,1271.9,Credit Card,CUST0472
TXN003176,7/23/2025,Power Bank 10000mAh,Electronics,West,Offline,5,834.33,4171.65,Credit Card,CUST0507
TXN003883,7/23/2025,Shampoo 400ml,Beauty & Personal Care,East,Online,1,342.43,342.43,UPI,CUST0495
TXN002349,7/23/2025,Tea Powder 500g,Grocery,South,Online,2,150.58,301.16,Cash,CUST0777
TXN001338,7/23/2025,Hair Oil,Beauty & Personal Care,East,Online,1,271.57,271.57,Credit Card,CUST0179
TXN004995,7/23/2025,Sunscreen SPF50,Beauty & Personal Care,South,Online,1,573.51,573.51,Cash,CUST0421
TXN005063,7/23/2025,Sugar 1kg,Grocery,West,Online,1,50.08,50.08,Credit Card,CUST0379
TXN004578,7/24/2025,Kids Hoodie,Clothing,South,Offline,1,792.76,792.76,UPI,CUST0595
TXN004105,7/24/2025,Sunscreen SPF50,Beauty & Personal Care,West,Offline,3,445.59,1336.77,Net Banking,CUST0775
TXN002124,7/24/2025,Power Bank 10000mAh,Electronics,North,Online,3,885.56,2656.68,UPI,CUST0305
TXN000820,7/24/2025,Men's T-Shirt,Clothing,East,Offline,2,501.53,1003.06,UPI,CUST0229
TXN000856,7/24/2025,Women's Kurti,Clothing,North,Online,3,777.38,2332.14,Credit Card,CUST0716
TXN000698,7/24/2025,Sugar 1kg,Grocery,North,Offline,2,59.33,118.66,UPI,CUST0075
TXN004170,7/24/2025,Face Wash,Beauty & Personal Care,West,Offline,2,332.28,664.56,UPI,CUST0012
TXN000034,7/24/2025,Laptop Bag,Electronics,East,Offline,4,1283.61,5134.44,Cash,CUST0474
TXN003060,7/24/2025,Winter Jacket,Clothing,North,Online,2,2355.95,4711.9,Cash,CUST0039
TXN005939,7/24/2025,Mixer Grinder,Home & Kitchen,East,Online,5,1982.96,9914.8,Credit Card,CUST0153
TXN003282,7/24/2025,Tea Powder 500g,Grocery,North,Online,5,347.48,1737.4,Credit Card,CUST0575
TXN004439,7/24/2025,Hair Oil,Beauty & Personal Care,West,Online,1,293.5,293.5,UPI,CUST0808
TXN004850,7/24/2025,Perfume 100ml,Beauty & Personal Care,South,Offline,3,2279.24,6837.72,UPI,CUST0583
TXN000953,7/24/2025,Wireless Earbuds,Electronics,East,Offline,5,3530.71,17653.55,UPI,CUST0768
TXN005496,7/25/2025,Women's Kurti,Clothing,South,Online,1,1297.14,1297.14,Cash,CUST0256
TXN004992,7/25/2025,Kids Hoodie,Clothing,East,Online,4,879,3516,Credit Card,CUST0513
TXN000813,7/25/2025,Sunscreen SPF50,Beauty & Personal Care,South,Online,2,542.07,1084.14,Credit Card,CUST0695
TXN000464,7/25/2025,Wheat Flour 5kg,Grocery,North,Online,1,295.16,295.16,Credit Card,CUST0536
TXN001381,7/25/2025,Bed Sheet Set,Home & Kitchen,South,Online,1,1067.32,1067.32,Credit Card,CUST0242
TXN004497,7/25/2025,Sunflower Oil 1L,Grocery,South,Online,1,151.72,151.72,Net Banking,CUST0089
TXN004338,7/25/2025,Face Wash,Beauty & Personal Care,North,Offline,1,446.55,446.55,Cash,CUST0565
TXN004017,7/25/2025,Wireless Earbuds,Electronics,South,Online,2,2334.31,4668.62,Cash,CUST0297
TXN002039,7/25/2025,Kids Hoodie,Clothing,North,Offline,2,1136.53,2273.06,Credit Card,CUST0848
TXN001603,7/25/2025,LED TV 32in,Electronics,East,Online,2,12985.3,25970.6,Credit Card,CUST0507
TXN001151,7/25/2025,Toor Dal 1kg,Grocery,South,Offline,1,132.64,132.64,UPI,CUST0416
TXN000538,7/25/2025,Laptop Bag,Electronics,West,Online,1,717.84,717.84,Credit Card,CUST0615
TXN005257,7/25/2025,Face Wash,Beauty & Personal Care,West,Online,3,352,1056,Credit Card,CUST0660
TXN000592,7/25/2025,Non-Stick Pan,Home & Kitchen,North,Online,1,568.6,568.6,UPI,CUST0347
TXN001823,7/25/2025,Smartwatch,Electronics,North,Online,1,4747.66,4747.66,UPI,CUST0693
TXN000787,7/25/2025,Wireless Earbuds,Electronics,East,Online,2,2259.85,4519.7,UPI,CUST0815
TXN003711,7/25/2025,Smartwatch,Electronics,East,Online,1,3030.65,3030.65,Credit Card,CUST0308
TXN001591,7/26/2025,Women's Kurti,Clothing,North,Offline,1,1350.92,1350.92,Credit Card,CUST0262
TXN004648,7/26/2025,Denim Jeans,Clothing,South,Online,1,1660.62,1660.62,Credit Card,CUST0051
TXN003133,7/26/2025,LED Bulb Pack,Home & Kitchen,South,Online,3,193.32,579.96,Cash,CUST0076
TXN001223,7/26/2025,Sunflower Oil 1L,Grocery,North,Online,1,185.73,185.73,Credit Card,CUST0861
TXN004924,7/26/2025,Face Wash,Beauty & Personal Care,South,Online,1,170.31,170.31,UPI,CUST0647
TXN003819,7/26/2025,Water Bottle,Home & Kitchen,South,Online,1,483.82,483.82,UPI,CUST0399
TXN002027,7/26/2025,LED TV 32in,Electronics,South,Online,1,9620.97,9620.97,Cash,CUST0718
TXN005699,7/26/2025,Wheat Flour 5kg,Grocery,South,Offline,3,217.25,651.75,UPI,CUST0814
TXN004340,7/26/2025,Toor Dal 1kg,Grocery,West,Online,2,150.54,301.08,Credit Card,CUST0338
TXN000012,7/26/2025,Mixer Grinder,Home & Kitchen,East,Online,1,3378.38,3378.38,UPI,CUST0249
TXN000509,7/26/2025,Formal Shirt,Clothing,North,Offline,3,1162.28,3486.84,UPI,CUST0513
TXN003600,7/26/2025,Formal Shirt,Clothing,West,Online,3,1274.15,3822.45,UPI,CUST0390
TXN002094,7/26/2025,Wireless Earbuds,Electronics,West,Online,5,3974.87,19874.35,Credit Card,CUST0367
TXN004902,7/26/2025,Sunscreen SPF50,Beauty & Personal Care,East,Offline,2,296.6,593.2,Credit Card,CUST0095
TXN002944,7/26/2025,Laptop Bag,Electronics,South,Online,2,1599.99,3199.98,Credit Card,CUST0382
TXN001950,7/26/2025,Toor Dal 1kg,Grocery,North,Online,1,112.73,112.73,Net Banking,CUST0326
TXN004833,7/27/2025,Water Bottle,Home & Kitchen,South,Offline,3,200.53,601.59,Cash,CUST0555
TXN003471,7/27/2025,LED TV 32in,Electronics,North,Offline,4,14985.81,59943.24,Credit Card,CUST0193
TXN004083,7/27/2025,Mixer Grinder,Home & Kitchen,East,Online,1,3828.41,3828.41,UPI,CUST0567
TXN003548,7/27/2025,Body Lotion,Beauty & Personal Care,East,Online,1,401.07,401.07,Credit Card,CUST0715
TXN004749,7/27/2025,Toor Dal 1kg,Grocery,West,Offline,1,173.15,173.15,Cash,CUST0533
TXN003611,7/27/2025,Men's T-Shirt,Clothing,South,Online,1,629.81,629.81,UPI,CUST0166
TXN000531,7/27/2025,LED Bulb Pack,Home & Kitchen,East,Offline,2,304.59,609.18,UPI,CUST0413
TXN004588,7/27/2025,Laptop Bag,Electronics,North,Online,4,745.49,2981.96,Net Banking,CUST0566
TXN003787,7/28/2025,Wireless Earbuds,Electronics,South,Offline,1,1259.12,1259.12,Credit Card,CUST0135
TXN003737,7/28/2025,Denim Jeans,Clothing,East,Offline,2,1523.62,3047.24,Credit Card,CUST0299
TXN005036,7/28/2025,Water Bottle,Home & Kitchen,East,Offline,1,430.12,430.12,Credit Card,CUST0647
TXN004524,7/28/2025,Sunscreen SPF50,Beauty & Personal Care,West,Online,4,492.12,1968.48,Net Banking,CUST0384
TXN002750,7/28/2025,Sugar 1kg,Grocery,South,Online,1,50.34,50.34,Credit Card,CUST0898
TXN002749,7/28/2025,Winter Jacket,Clothing,East,Offline,1,1975.94,1975.94,Cash,CUST0520
TXN001097,7/28/2025,Basmati Rice 5kg,Grocery,North,Offline,2,431.35,862.7,Cash,CUST0848
TXN000255,7/28/2025,Women's Kurti,Clothing,South,Online,1,609.23,609.23,UPI,CUST0532
TXN003433,7/28/2025,Shampoo 400ml,Beauty & Personal Care,West,Online,4,397.63,1590.52,Net Banking,CUST0403
TXN000307,7/28/2025,Sugar 1kg,Grocery,North,Online,1,59.23,59.23,Net Banking,CUST0582
TXN005773,7/28/2025,Smartwatch,Electronics,East,Online,2,5115.83,10231.66,UPI,CUST0234
TXN004612,7/28/2025,Bluetooth Speaker,Electronics,North,Online,4,2002.53,8010.12,UPI,CUST0821
TXN004847,7/28/2025,Body Lotion,Beauty & Personal Care,West,Offline,4,287.63,1150.52,Credit Card,CUST0576
TXN004110,7/28/2025,Toor Dal 1kg,Grocery,East,Offline,2,141.27,282.54,UPI,CUST0396
TXN003865,7/28/2025,Bed Sheet Set,Home & Kitchen,West,Offline,2,1218.87,2437.74,Cash,CUST0480
TXN004840,7/28/2025,Power Bank 10000mAh,Electronics,East,Online,1,1521.18,1521.18,Credit Card,CUST0413
TXN001707,7/28/2025,Sunscreen SPF50,Beauty & Personal Care,North,Offline,1,589.51,589.51,Net Banking,CUST0049
TXN000400,7/28/2025,Women's Kurti,Clothing,East,Online,4,584.04,2336.16,UPI,CUST0615
TXN001516,7/28/2025,Sunscreen SPF50,Beauty & Personal Care,East,Offline,1,569.19,569.19,UPI,CUST0854
TXN000855,7/28/2025,Bluetooth Speaker,Electronics,West,Online,1,2584.12,2584.12,Credit Card,CUST0870
TXN000366,7/29/2025,Pressure Cooker,Home & Kitchen,North,Offline,1,2103.91,2103.91,Credit Card,CUST0070
TXN004414,7/29/2025,Perfume 100ml,Beauty & Personal Care,West,Online,1,1199.55,1199.55,Cash,CUST0854
TXN004904,7/29/2025,Body Lotion,Beauty & Personal Care,East,Online,2,495.33,990.66,UPI,CUST0726
TXN003115,7/29/2025,Denim Jeans,Clothing,East,Online,2,1523.88,3047.76,UPI,CUST0542
TXN002024,7/29/2025,Basmati Rice 5kg,Grocery,East,Online,1,448.14,448.14,UPI,CUST0177
TXN004411,7/29/2025,Laptop Bag,Electronics,South,Offline,1,1379.22,1379.22,Cash,CUST0306
TXN004989,7/29/2025,Toor Dal 1kg,Grocery,West,Offline,4,112.59,450.36,UPI,CUST0716
TXN002717,7/29/2025,Bed Sheet Set,Home & Kitchen,South,Online,1,1316.07,1316.07,Credit Card,CUST0497
TXN004835,7/29/2025,Bed Sheet Set,Home & Kitchen,North,Online,1,682.95,682.95,Cash,CUST0578
TXN005037,7/29/2025,Water Bottle,Home & Kitchen,South,Online,2,332.34,664.68,UPI,CUST0582
TXN004357,7/29/2025,Pressure Cooker,Home & Kitchen,South,Offline,3,1329.23,3987.69,Net Banking,CUST0068
TXN005155,7/29/2025,Kids Hoodie,Clothing,East,Offline,1,541.82,541.82,UPI,CUST0756
TXN005065,7/29/2025,Kids Hoodie,Clothing,North,Online,2,856.96,1713.92,Cash,CUST0442
TXN000694,7/29/2025,Bed Sheet Set,Home & Kitchen,South,Online,4,885.45,3541.8,Credit Card,CUST0102
TXN003553,7/29/2025,Bluetooth Speaker,Electronics,South,Offline,1,1842.72,1842.72,UPI,CUST0743
TXN002257,7/30/2025,Non-Stick Pan,Home & Kitchen,South,Offline,2,799.75,1599.5,Net Banking,CUST0829
TXN005645,7/30/2025,Sunscreen SPF50,Beauty & Personal Care,North,Online,1,447.81,447.81,Cash,CUST0447
TXN003334,7/30/2025,LED TV 32in,Electronics,West,Online,1,14760.75,14760.75,Credit Card,CUST0808
TXN003682,7/30/2025,Hair Oil,Beauty & Personal Care,North,Online,2,110.51,221.02,Cash,CUST0273
TXN004175,7/30/2025,Basmati Rice 5kg,Grocery,West,Offline,1,403.79,403.79,Credit Card,CUST0869
TXN000487,7/30/2025,Men's T-Shirt,Clothing,East,Offline,3,362.23,1086.69,Net Banking,CUST0685
TXN005049,7/30/2025,Denim Jeans,Clothing,South,Online,1,1922.82,1922.82,UPI,CUST0579
TXN005012,7/30/2025,Power Bank 10000mAh,Electronics,West,Offline,1,1412.32,1412.32,UPI,CUST0818
TXN004777,7/30/2025,Power Bank 10000mAh,Electronics,East,Online,1,1510.02,1510.02,Cash,CUST0509
TXN003023,7/30/2025,Bed Sheet Set,Home & Kitchen,South,Offline,1,831.73,831.73,Net Banking,CUST0699
TXN005200,7/30/2025,Laptop Bag,Electronics,North,Offline,2,616.69,1233.38,Credit Card,CUST0780
TXN001925,7/30/2025,Tea Powder 500g,Grocery,East,Online,2,179.43,358.86,Cash,CUST0289
TXN002872,7/30/2025,Tea Powder 500g,Grocery,South,Online,3,196.89,590.67,Credit Card,CUST0804
TXN000118,7/30/2025,Water Bottle,Home & Kitchen,South,Offline,5,194.19,970.95,Credit Card,CUST0501
TXN002335,7/30/2025,Denim Jeans,Clothing,East,Online,1,1945.12,1945.12,Credit Card,CUST0365
TXN005973,7/30/2025,Non-Stick Pan,Home & Kitchen,West,Offline,4,818.06,3272.24,UPI,CUST0532
TXN000610,7/30/2025,Pressure Cooker,Home & Kitchen,South,Online,4,1762.86,7051.44,Credit Card,CUST0679
TXN002933,7/30/2025,Hair Oil,Beauty & Personal Care,West,Online,2,133.1,266.2,UPI,CUST0734
TXN002071,7/31/2025,Perfume 100ml,Beauty & Personal Care,North,Offline,2,1057.51,2115.02,UPI,CUST0356
TXN003068,7/31/2025,Face Wash,Beauty & Personal Care,South,Offline,1,195.28,195.28,UPI,CUST0041
TXN003195,7/31/2025,Denim Jeans,Clothing,South,Offline,1,1700.38,1700.38,Net Banking,CUST0304
TXN002481,7/31/2025,Wheat Flour 5kg,Grocery,West,Online,1,308.13,308.13,Net Banking,CUST0339
TXN002666,7/31/2025,Wireless Earbuds,Electronics,North,Offline,2,2694.94,5389.88,Cash,CUST0635
TXN005553,7/31/2025,Perfume 100ml,Beauty & Personal Care,South,Online,3,1211.53,3634.59,Net Banking,CUST0396
TXN000778,7/31/2025,Tea Powder 500g,Grocery,East,Offline,1,188.62,188.62,UPI,CUST0377
TXN002229,7/31/2025,Laptop Bag,Electronics,East,Online,1,728.88,728.88,UPI,CUST0848
TXN001617,7/31/2025,Perfume 100ml,Beauty & Personal Care,South,Online,1,1563.43,1563.43,Credit Card,CUST0018
TXN000148,7/31/2025,Kids Hoodie,Clothing,West,Online,1,753.43,753.43,Credit Card,CUST0026
TXN000796,7/31/2025,Women's Kurti,Clothing,South,Online,4,1221.4,4885.6,Credit Card,CUST0066
TXN001785,7/31/2025,Smartwatch,Electronics,East,Online,1,4468.25,4468.25,Net Banking,CUST0306
TXN004308,7/31/2025,Tea Powder 500g,Grocery,West,Offline,1,269.45,269.45,Net Banking,CUST0399
TXN002361,7/31/2025,Toor Dal 1kg,Grocery,West,Offline,2,142.78,285.56,Credit Card,CUST0195
TXN002639,7/31/2025,Toor Dal 1kg,Grocery,North,Online,4,161.93,647.72,UPI,CUST0576
TXN002418,8/1/2025,Basmati Rice 5kg,Grocery,West,Online,5,370.1,1850.5,Credit Card,CUST0003
TXN002035,8/1/2025,Hair Oil,Beauty & Personal Care,South,Offline,4,139.35,557.4,Net Banking,CUST0616
TXN001588,8/1/2025,Wheat Flour 5kg,Grocery,West,Online,2,285.23,570.46,UPI,CUST0770
TXN003885,8/1/2025,Power Bank 10000mAh,Electronics,East,Offline,2,1335.05,2670.1,UPI,CUST0389
TXN000437,8/1/2025,Men's T-Shirt,Clothing,West,Offline,5,676.34,3381.7,Cash,CUST0192
TXN000909,8/1/2025,Bluetooth Speaker,Electronics,East,Online,3,2955.27,8865.81,Net Banking,CUST0166
TXN002256,8/1/2025,Water Bottle,Home & Kitchen,East,Offline,1,179.79,179.79,UPI,CUST0551
TXN005410,8/1/2025,Pressure Cooker,Home & Kitchen,South,Offline,2,2231.38,4462.76,Net Banking,CUST0720
TXN000932,8/1/2025,Men's T-Shirt,Clothing,East,Offline,2,873.12,1746.24,UPI,CUST0523
TXN005271,8/1/2025,Sugar 1kg,Grocery,West,Offline,4,58.49,233.96,UPI,CUST0052
TXN004416,8/1/2025,Perfume 100ml,Beauty & Personal Care,West,Online,1,1272.28,1272.28,Cash,CUST0413
TXN004158,8/1/2025,Denim Jeans,Clothing,South,Online,1,1539.75,1539.75,Net Banking,CUST0254
TXN004606,8/2/2025,Sugar 1kg,Grocery,East,Offline,1,53.52,53.52,Cash,CUST0177
TXN005486,8/2/2025,Toor Dal 1kg,Grocery,North,Online,3,132.06,396.18,Credit Card,CUST0534
TXN001808,8/2/2025,Tea Powder 500g,Grocery,South,Offline,3,279.17,837.51,UPI,CUST0248
TXN004049,8/2/2025,Bed Sheet Set,Home & Kitchen,South,Online,2,1083.11,2166.22,Credit Card,CUST0718
TXN005795,8/2/2025,Smartwatch,Electronics,East,Offline,3,4347.97,13043.91,Credit Card,CUST0499
TXN005302,8/2/2025,Hair Oil,Beauty & Personal Care,North,Online,4,123.71,494.84,Credit Card,CUST0376
TXN003345,8/2/2025,Water Bottle,Home & Kitchen,East,Offline,1,382.17,382.17,Credit Card,CUST0385
TXN004891,8/2/2025,Wheat Flour 5kg,Grocery,West,Online,1,237.69,237.69,UPI,CUST0248
TXN002195,8/2/2025,Smartwatch,Electronics,North,Online,1,4600.23,4600.23,Credit Card,CUST0183
TXN002610,8/2/2025,Basmati Rice 5kg,Grocery,West,Offline,1,470.47,470.47,Credit Card,CUST0056
TXN005550,8/2/2025,Face Wash,Beauty & Personal Care,West,Offline,4,156.53,626.12,UPI,CUST0490
TXN005324,8/2/2025,Water Bottle,Home & Kitchen,North,Online,2,366.04,732.08,UPI,CUST0337
TXN003641,8/2/2025,Water Bottle,Home & Kitchen,East,Online,2,190.07,380.14,Credit Card,CUST0163
TXN000472,8/2/2025,Body Lotion,Beauty & Personal Care,East,Offline,1,491.13,491.13,Credit Card,CUST0175
TXN001466,8/3/2025,Denim Jeans,Clothing,South,Offline,2,1682.04,3364.08,UPI,CUST0044
TXN002320,8/3/2025,Tea Powder 500g,Grocery,North,Online,3,322.37,967.11,Credit Card,CUST0647
TXN005066,8/3/2025,Men's T-Shirt,Clothing,West,Online,1,522.27,522.27,Cash,CUST0800
TXN003154,8/3/2025,Winter Jacket,Clothing,South,Online,1,3076.67,3076.67,UPI,CUST0495
TXN003131,8/3/2025,Denim Jeans,Clothing,East,Online,3,1021.65,3064.95,Net Banking,CUST0574
TXN001455,8/3/2025,Kids Hoodie,Clothing,East,Online,2,618.2,1236.4,UPI,CUST0633
TXN002540,8/3/2025,Non-Stick Pan,Home & Kitchen,South,Online,3,1146.03,3438.09,UPI,CUST0821
TXN004428,8/3/2025,Sunflower Oil 1L,Grocery,East,Offline,2,125.33,250.66,Credit Card,CUST0147
TXN000576,8/3/2025,Bed Sheet Set,Home & Kitchen,East,Offline,2,833.7,1667.4,Net Banking,CUST0571
TXN003676,8/3/2025,Toor Dal 1kg,Grocery,East,Online,1,164.5,164.5,UPI,CUST0279
TXN004811,8/3/2025,Men's T-Shirt,Clothing,West,Online,1,341.37,341.37,Credit Card,CUST0160
TXN005824,8/3/2025,Winter Jacket,Clothing,West,Online,2,2623.68,5247.36,Cash,CUST0395
TXN001088,8/3/2025,Sunscreen SPF50,Beauty & Personal Care,North,Offline,2,449.79,899.58,Credit Card,CUST0448
TXN003266,8/3/2025,Wireless Earbuds,Electronics,North,Online,4,3617.8,14471.2,Net Banking,CUST0363
TXN001007,8/3/2025,Pressure Cooker,Home & Kitchen,West,Offline,4,1671.5,6686,Credit Card,CUST0849
TXN003935,8/3/2025,Hair Oil,Beauty & Personal Care,West,Offline,1,230.61,230.61,UPI,CUST0488
TXN000920,8/3/2025,Bluetooth Speaker,Electronics,West,Online,5,3360.44,16802.2,Net Banking,CUST0358
TXN002903,8/3/2025,Face Wash,Beauty & Personal Care,West,Online,1,292.79,292.79,Cash,CUST0728
TXN003754,8/3/2025,Laptop Bag,Electronics,East,Offline,5,1224.51,6122.55,UPI,CUST0756
TXN005008,8/3/2025,Winter Jacket,Clothing,South,Offline,2,2316.47,4632.94,Credit Card,CUST0689
TXN000315,8/3/2025,Pressure Cooker,Home & Kitchen,North,Online,1,1048.9,1048.9,Credit Card,CUST0595
TXN001011,8/3/2025,Toor Dal 1kg,Grocery,West,Online,1,142.19,142.19,Net Banking,CUST0274
TXN002025,8/3/2025,Mixer Grinder,Home & Kitchen,East,Offline,1,2475.86,2475.86,UPI,CUST0344
TXN001277,8/4/2025,Laptop Bag,Electronics,East,Online,1,637.59,637.59,UPI,CUST0257
TXN001286,8/4/2025,Face Wash,Beauty & Personal Care,East,Offline,2,382.32,764.64,Credit Card,CUST0833
TXN002828,8/4/2025,Face Wash,Beauty & Personal Care,West,Online,1,412.37,412.37,UPI,CUST0089
TXN000079,8/4/2025,Laptop Bag,Electronics,North,Offline,3,1620.35,4861.05,Credit Card,CUST0448
TXN004672,8/4/2025,Smartwatch,Electronics,North,Offline,1,2270.07,2270.07,Credit Card,CUST0063
TXN002925,8/4/2025,Hair Oil,Beauty & Personal Care,West,Online,2,247.5,495,Credit Card,CUST0198
TXN003509,8/4/2025,Shampoo 400ml,Beauty & Personal Care,North,Online,1,309.32,309.32,Cash,CUST0358
TXN003217,8/4/2025,Smartwatch,Electronics,South,Online,2,3219.34,6438.68,UPI,CUST0812
TXN000891,8/4/2025,Power Bank 10000mAh,Electronics,East,Online,2,982.09,1964.18,UPI,CUST0141
TXN001972,8/4/2025,Non-Stick Pan,Home & Kitchen,West,Offline,2,644.96,1289.92,UPI,CUST0842
TXN005251,8/4/2025,LED Bulb Pack,Home & Kitchen,West,Offline,1,227.82,227.82,UPI,CUST0509
TXN002533,8/4/2025,LED TV 32in,Electronics,North,Offline,1,9741.1,9741.1,Credit Card,CUST0676
TXN003574,8/4/2025,Women's Kurti,Clothing,North,Offline,1,1272.29,1272.29,UPI,CUST0325
TXN001469,8/4/2025,Toor Dal 1kg,Grocery,West,Online,3,170.48,511.44,Net Banking,CUST0314
TXN001708,8/4/2025,Bluetooth Speaker,Electronics,North,Online,3,1772.24,5316.72,UPI,CUST0253
TXN000643,8/4/2025,Non-Stick Pan,Home & Kitchen,East,Online,1,526.54,526.54,Cash,CUST0501
TXN004196,8/4/2025,Kids Hoodie,Clothing,South,Online,3,923.37,2770.11,Cash,CUST0402
TXN000506,8/5/2025,Denim Jeans,Clothing,West,Online,3,993.45,2980.35,Credit Card,CUST0436
TXN000418,8/5/2025,Power Bank 10000mAh,Electronics,South,Online,5,735.62,3678.1,Net Banking,CUST0646
TXN003372,8/5/2025,Bed Sheet Set,Home & Kitchen,East,Offline,1,880.85,880.85,Net Banking,CUST0848
TXN001718,8/5/2025,Basmati Rice 5kg,Grocery,West,Online,4,524.18,2096.72,UPI,CUST0249
TXN002769,8/5/2025,Mixer Grinder,Home & Kitchen,East,Offline,1,4481.95,4481.95,Cash,CUST0026
TXN004129,8/5/2025,Wireless Earbuds,Electronics,East,Online,1,3906.14,3906.14,UPI,CUST0637
TXN001915,8/5/2025,Sugar 1kg,Grocery,West,Online,1,59.23,59.23,Credit Card,CUST0500
TXN004812,8/5/2025,Pressure Cooker,Home & Kitchen,West,Online,2,2343.09,4686.18,UPI,CUST0862
TXN000228,8/6/2025,Sunscreen SPF50,Beauty & Personal Care,East,Offline,2,574.28,1148.56,Credit Card,CUST0382
TXN001782,8/6/2025,LED TV 32in,Electronics,West,Online,1,15915.51,15915.51,Cash,CUST0746
TXN000754,8/6/2025,Wireless Earbuds,Electronics,East,Offline,1,3198.43,3198.43,Credit Card,CUST0327
TXN003722,8/6/2025,Tea Powder 500g,Grocery,North,Online,1,190.56,190.56,Credit Card,CUST0679
TXN005503,8/6/2025,Pressure Cooker,Home & Kitchen,East,Offline,2,2157.89,4315.78,Credit Card,CUST0194
TXN002551,8/6/2025,Shampoo 400ml,Beauty & Personal Care,East,Online,2,225.36,450.72,Cash,CUST0413
TXN001473,8/6/2025,Formal Shirt,Clothing,East,Offline,2,929.68,1859.36,Net Banking,CUST0595
TXN005569,8/6/2025,Tea Powder 500g,Grocery,South,Offline,1,311.71,311.71,Credit Card,CUST0826
TXN004920,8/6/2025,Hair Oil,Beauty & Personal Care,East,Offline,1,310.91,310.91,Credit Card,CUST0448
TXN000744,8/6/2025,Mixer Grinder,Home & Kitchen,East,Offline,2,3930.11,7860.22,Cash,CUST0533
TXN000291,8/6/2025,Women's Kurti,Clothing,South,Online,2,742.59,1485.18,Net Banking,CUST0065
TXN000553,8/6/2025,Mixer Grinder,Home & Kitchen,West,Online,2,3101.7,6203.4,Net Banking,CUST0775
TXN002457,8/6/2025,Wireless Earbuds,Electronics,East,Online,1,2218.81,2218.81,UPI,CUST0598
TXN002950,8/6/2025,Formal Shirt,Clothing,North,Online,1,855.79,855.79,Cash,CUST0066
TXN002838,8/6/2025,Laptop Bag,Electronics,South,Online,2,913.11,1826.22,UPI,CUST0668
TXN005910,8/6/2025,Sunscreen SPF50,Beauty & Personal Care,East,Online,1,467.36,467.36,Credit Card,CUST0281
TXN005854,8/6/2025,Power Bank 10000mAh,Electronics,South,Online,4,1260.71,5042.84,Credit Card,CUST0081
TXN005739,8/6/2025,Mixer Grinder,Home & Kitchen,West,Offline,4,3211.24,12844.96,Credit Card,CUST0081
TXN005793,8/7/2025,Laptop Bag,Electronics,South,Offline,4,789.8,3159.2,UPI,CUST0577
TXN004651,8/7/2025,Basmati Rice 5kg,Grocery,West,Offline,2,604.41,1208.82,Credit Card,CUST0244
TXN003515,8/7/2025,Sunflower Oil 1L,Grocery,East,Online,1,138.8,138.8,Credit Card,CUST0384
TXN001109,8/7/2025,Formal Shirt,Clothing,North,Online,2,975.15,1950.3,Cash,CUST0063
TXN003042,8/7/2025,Smartwatch,Electronics,East,Online,1,2078.1,2078.1,UPI,CUST0800
TXN003403,8/7/2025,Face Wash,Beauty & Personal Care,North,Offline,1,259.01,259.01,Credit Card,CUST0674
TXN001789,8/7/2025,Power Bank 10000mAh,Electronics,North,Online,4,1467.88,5871.52,UPI,CUST0447
TXN003990,8/7/2025,Pressure Cooker,Home & Kitchen,East,Offline,2,1524.18,3048.36,UPI,CUST0592
TXN001891,8/7/2025,Winter Jacket,Clothing,West,Online,2,1536.58,3073.16,UPI,CUST0619
TXN004453,8/7/2025,Denim Jeans,Clothing,North,Online,1,858.25,858.25,Cash,CUST0262
TXN004278,8/7/2025,Formal Shirt,Clothing,East,Offline,1,788.49,788.49,Cash,CUST0081
TXN002802,8/7/2025,Bluetooth Speaker,Electronics,South,Offline,2,2327.22,4654.44,UPI,CUST0578
TXN000991,8/7/2025,Bed Sheet Set,Home & Kitchen,North,Online,3,1170.27,3510.81,Net Banking,CUST0094
TXN003860,8/7/2025,Formal Shirt,Clothing,East,Online,3,1160.25,3480.75,UPI,CUST0889
TXN001618,8/7/2025,Non-Stick Pan,Home & Kitchen,South,Online,3,599.88,1799.64,Net Banking,CUST0438
TXN000164,8/7/2025,Women's Kurti,Clothing,South,Online,1,924.01,924.01,Credit Card,CUST0390
TXN000532,8/7/2025,Power Bank 10000mAh,Electronics,South,Online,1,1454.47,1454.47,UPI,CUST0468
TXN003005,8/8/2025,Sunflower Oil 1L,Grocery,South,Online,1,176.84,176.84,Net Banking,CUST0752
TXN003639,8/8/2025,Laptop Bag,Electronics,North,Online,4,1503.28,6013.12,Credit Card,CUST0076
TXN001512,8/8/2025,Wheat Flour 5kg,Grocery,North,Offline,4,339.14,1356.56,UPI,CUST0135
TXN003426,8/8/2025,Tea Powder 500g,Grocery,South,Offline,1,269.34,269.34,UPI,CUST0845
TXN000198,8/8/2025,Bed Sheet Set,Home & Kitchen,North,Offline,1,779.42,779.42,Credit Card,CUST0181
TXN000505,8/8/2025,LED TV 32in,Electronics,North,Offline,4,11930.65,47722.6,Credit Card,CUST0568
TXN001321,8/8/2025,Face Wash,Beauty & Personal Care,West,Offline,1,233.41,233.41,UPI,CUST0613
TXN005610,8/8/2025,Shampoo 400ml,Beauty & Personal Care,South,Online,3,278.75,836.25,Credit Card,CUST0582
TXN004157,8/8/2025,Laptop Bag,Electronics,South,Offline,1,1071.94,1071.94,UPI,CUST0402
TXN005127,8/8/2025,Pressure Cooker,Home & Kitchen,South,Online,2,2009.1,4018.2,Cash,CUST0781
TXN005131,8/8/2025,Men's T-Shirt,Clothing,South,Online,3,728.1,2184.3,Credit Card,CUST0533
TXN002206,8/8/2025,Men's T-Shirt,Clothing,North,Offline,2,599.92,1199.84,Credit Card,CUST0399
TXN001264,8/8/2025,Kids Hoodie,Clothing,North,Offline,5,861.41,4307.05,Credit Card,CUST0750
TXN001342,8/8/2025,Water Bottle,Home & Kitchen,South,Online,1,246.57,246.57,Credit Card,CUST0035
TXN001424,8/8/2025,Sugar 1kg,Grocery,West,Offline,2,55.65,111.3,Cash,CUST0277
TXN005915,8/9/2025,Tea Powder 500g,Grocery,West,Offline,1,230.19,230.19,UPI,CUST0438
TXN001803,8/9/2025,Women's Kurti,Clothing,South,Offline,4,1208.1,4832.4,UPI,CUST0120
TXN003840,8/9/2025,Power Bank 10000mAh,Electronics,South,Offline,2,1226.8,2453.6,Credit Card,CUST0532
TXN004933,8/9/2025,Water Bottle,Home & Kitchen,East,Online,4,471.3,1885.2,UPI,CUST0726
TXN001576,8/9/2025,Hair Oil,Beauty & Personal Care,West,Online,1,105.71,105.71,UPI,CUST0775
TXN002896,8/9/2025,Toor Dal 1kg,Grocery,South,Offline,1,164.26,164.26,Credit Card,CUST0560
TXN002263,8/9/2025,Mixer Grinder,Home & Kitchen,West,Online,1,3527.07,3527.07,UPI,CUST0272
TXN002356,8/9/2025,Sunscreen SPF50,Beauty & Personal Care,North,Offline,2,688.63,1377.26,Credit Card,CUST0138
TXN001666,8/9/2025,Kids Hoodie,Clothing,North,Offline,3,606.44,1819.32,UPI,CUST0267
TXN005864,8/9/2025,Bluetooth Speaker,Electronics,East,Online,1,3292.5,3292.5,Credit Card,CUST0262
TXN004547,8/9/2025,Bluetooth Speaker,Electronics,South,Online,2,2628.7,5257.4,UPI,CUST0315
TXN001799,8/10/2025,Non-Stick Pan,Home & Kitchen,South,Offline,1,894.78,894.78,Credit Card,CUST0685
TXN002502,8/10/2025,Wheat Flour 5kg,Grocery,South,Online,1,334.5,334.5,Credit Card,CUST0090
TXN002205,8/10/2025,Bluetooth Speaker,Electronics,West,Online,3,1643.56,4930.68,UPI,CUST0243
TXN003593,8/10/2025,Tea Powder 500g,Grocery,South,Online,1,266.45,266.45,Credit Card,CUST0501
TXN004437,8/10/2025,Pressure Cooker,Home & Kitchen,North,Online,5,1198.33,5991.65,UPI,CUST0306
TXN000376,8/10/2025,Water Bottle,Home & Kitchen,South,Online,4,190.6,762.4,Credit Card,CUST0104
TXN005481,8/10/2025,Winter Jacket,Clothing,North,Offline,1,2375.14,2375.14,UPI,CUST0523
TXN003675,8/10/2025,LED TV 32in,Electronics,North,Offline,2,9016.14,18032.28,UPI,CUST0676
TXN000593,8/10/2025,Wireless Earbuds,Electronics,West,Offline,1,1735.17,1735.17,Credit Card,CUST0218
TXN000038,8/10/2025,Basmati Rice 5kg,Grocery,South,Online,3,596.24,1788.72,Credit Card,CUST0811
TXN004260,8/10/2025,Wireless Earbuds,Electronics,South,Online,4,2082.4,8329.6,UPI,CUST0217
TXN002568,8/10/2025,LED TV 32in,Electronics,South,Online,1,13265.87,13265.87,UPI,CUST0571
TXN000722,8/10/2025,Wheat Flour 5kg,Grocery,East,Offline,1,210.69,210.69,Credit Card,CUST0056
TXN005462,8/10/2025,Basmati Rice 5kg,Grocery,South,Offline,1,443.88,443.88,Net Banking,CUST0422
TXN000954,8/10/2025,Sunscreen SPF50,Beauty & Personal Care,North,Online,2,515.97,1031.94,Cash,CUST0753
TXN000547,8/11/2025,Winter Jacket,Clothing,West,Online,1,1749.43,1749.43,Cash,CUST0595
TXN001979,8/11/2025,Basmati Rice 5kg,Grocery,West,Offline,2,518.43,1036.86,UPI,CUST0518
TXN001493,8/11/2025,Basmati Rice 5kg,Grocery,West,Online,2,532.87,1065.74,Net Banking,CUST0396
TXN003793,8/11/2025,Non-Stick Pan,Home & Kitchen,North,Online,3,714.55,2143.65,UPI,CUST0314
TXN002144,8/11/2025,Sunscreen SPF50,Beauty & Personal Care,East,Offline,1,285.1,285.1,Cash,CUST0377
TXN000416,8/11/2025,Water Bottle,Home & Kitchen,South,Offline,5,392.75,1963.75,Credit Card,CUST0545
TXN000280,8/11/2025,Denim Jeans,Clothing,East,Offline,1,1724.28,1724.28,UPI,CUST0482
TXN003150,8/11/2025,LED TV 32in,Electronics,North,Offline,4,10917.09,43668.36,UPI,CUST0193
TXN000425,8/11/2025,Winter Jacket,Clothing,East,Online,5,1977.29,9886.45,Net Banking,CUST0870
TXN005709,8/11/2025,Face Wash,Beauty & Personal Care,West,Online,2,283.68,567.36,UPI,CUST0830
TXN005898,8/11/2025,Kids Hoodie,Clothing,West,Offline,2,511.88,1023.76,Credit Card,CUST0279
TXN004533,8/11/2025,Mixer Grinder,Home & Kitchen,East,Offline,3,3329,9987,UPI,CUST0576
TXN004347,8/11/2025,Sunscreen SPF50,Beauty & Personal Care,West,Online,5,501.82,2509.1,UPI,CUST0713
TXN005676,8/12/2025,Face Wash,Beauty & Personal Care,South,Online,4,233.17,932.68,Credit Card,CUST0616
TXN003047,8/12/2025,Sunscreen SPF50,Beauty & Personal Care,South,Online,1,325.86,325.86,UPI,CUST0565
TXN004229,8/12/2025,Women's Kurti,Clothing,South,Offline,1,932.14,932.14,Net Banking,CUST0314
TXN002462,8/12/2025,Women's Kurti,Clothing,East,Online,3,726.84,2180.52,UPI,CUST0250
TXN002891,8/12/2025,LED TV 32in,Electronics,East,Offline,3,12562.79,37688.37,UPI,CUST0203
TXN002175,8/12/2025,Pressure Cooker,Home & Kitchen,North,Offline,1,1731.69,1731.69,Credit Card,CUST0521
TXN004958,8/12/2025,LED TV 32in,Electronics,East,Online,2,14291.65,28583.3,Net Banking,CUST0008
TXN001236,8/12/2025,LED TV 32in,Electronics,East,Online,5,11501.16,57505.8,Credit Card,CUST0796
TXN004327,8/12/2025,Mixer Grinder,Home & Kitchen,South,Offline,1,3409.56,3409.56,UPI,CUST0511
TXN005206,8/12/2025,Body Lotion,Beauty & Personal Care,West,Online,2,459.02,918.04,UPI,CUST0171
TXN002573,8/12/2025,Formal Shirt,Clothing,North,Offline,1,1017.93,1017.93,UPI,CUST0530
TXN003992,8/12/2025,Non-Stick Pan,Home & Kitchen,West,Online,1,939.61,939.61,Credit Card,CUST0053
TXN005573,8/12/2025,Power Bank 10000mAh,Electronics,East,Online,4,1667.84,6671.36,Cash,CUST0550
TXN001049,8/12/2025,Perfume 100ml,Beauty & Personal Care,North,Online,2,2357.82,4715.64,Cash,CUST0299
TXN001531,8/12/2025,Smartwatch,Electronics,South,Online,1,1891.35,1891.35,Cash,CUST0524
TXN001486,8/12/2025,Laptop Bag,Electronics,East,Offline,1,769.6,769.6,Cash,CUST0510
TXN001899,8/12/2025,Hair Oil,Beauty & Personal Care,West,Online,3,150.79,452.37,UPI,CUST0877
TXN005488,8/13/2025,Wireless Earbuds,Electronics,West,Online,5,2555.74,12778.7,UPI,CUST0659
TXN004041,8/13/2025,LED TV 32in,Electronics,East,Offline,2,12942.29,25884.58,Credit Card,CUST0311
TXN000299,8/13/2025,Kids Hoodie,Clothing,East,Offline,2,761.24,1522.48,Credit Card,CUST0663
TXN002600,8/13/2025,Kids Hoodie,Clothing,South,Online,3,885.75,2657.25,Credit Card,CUST0653
TXN002999,8/13/2025,Sunflower Oil 1L,Grocery,South,Offline,4,166.02,664.08,Net Banking,CUST0482
TXN004526,8/13/2025,LED TV 32in,Electronics,South,Offline,1,14383.2,14383.2,Credit Card,CUST0508
TXN000170,8/13/2025,Water Bottle,Home & Kitchen,North,Online,5,210.16,1050.8,Cash,CUST0262
TXN002968,8/13/2025,Kids Hoodie,Clothing,South,Online,1,1022.13,1022.13,UPI,CUST0576
TXN001616,8/13/2025,Wireless Earbuds,Electronics,West,Online,3,3372.17,10116.51,UPI,CUST0818
TXN000121,8/13/2025,Perfume 100ml,Beauty & Personal Care,South,Offline,2,1673.83,3347.66,Net Banking,CUST0604
TXN004264,8/13/2025,Perfume 100ml,Beauty & Personal Care,East,Offline,1,1927.64,1927.64,UPI,CUST0428
TXN002860,8/13/2025,Smartwatch,Electronics,South,Offline,1,4500.24,4500.24,UPI,CUST0740
TXN002098,8/13/2025,Women's Kurti,Clothing,West,Online,2,809.59,1619.18,Credit Card,CUST0277
TXN005879,8/13/2025,Pressure Cooker,Home & Kitchen,South,Offline,2,1888.78,3777.56,Credit Card,CUST0891
TXN004794,8/13/2025,Tea Powder 500g,Grocery,South,Offline,3,276.53,829.59,UPI,CUST0519
TXN005381,8/14/2025,Power Bank 10000mAh,Electronics,East,Online,2,739.36,1478.72,Credit Card,CUST0736
TXN000096,8/14/2025,Perfume 100ml,Beauty & Personal Care,West,Online,5,1249.68,6248.4,Net Banking,CUST0088
TXN000661,8/14/2025,Kids Hoodie,Clothing,West,Offline,1,538.18,538.18,Net Banking,CUST0323
TXN005940,8/14/2025,Face Wash,Beauty & Personal Care,West,Offline,1,370.16,370.16,UPI,CUST0861
TXN000045,8/14/2025,Sunflower Oil 1L,Grocery,North,Offline,2,207.47,414.94,Cash,CUST0197
TXN000695,8/14/2025,Bed Sheet Set,Home & Kitchen,West,Online,1,1256.81,1256.81,UPI,CUST0634
TXN000319,8/14/2025,Pressure Cooker,Home & Kitchen,North,Online,1,1533.11,1533.11,Credit Card,CUST0555
TXN004319,8/14/2025,Face Wash,Beauty & Personal Care,East,Offline,1,368.02,368.02,Credit Card,CUST0219
TXN005548,8/14/2025,Tea Powder 500g,Grocery,South,Online,3,293.87,881.61,UPI,CUST0442
TXN002774,8/14/2025,Body Lotion,Beauty & Personal Care,South,Online,3,477.94,1433.82,UPI,CUST0111
TXN005077,8/14/2025,Shampoo 400ml,Beauty & Personal Care,West,Offline,1,407.7,407.7,UPI,CUST0051
TXN000137,8/14/2025,Sugar 1kg,Grocery,West,Offline,2,49.43,98.86,Cash,CUST0309
TXN001270,8/14/2025,Men's T-Shirt,Clothing,South,Online,1,545.42,545.42,Cash,CUST0294
TXN000199,8/15/2025,Perfume 100ml,Beauty & Personal Care,East,Online,1,1455.69,1455.69,Credit Card,CUST0692
TXN004442,8/15/2025,Laptop Bag,Electronics,South,Online,2,1333.55,2667.1,Net Banking,CUST0844
TXN001413,8/15/2025,Body Lotion,Beauty & Personal Care,West,Online,1,364.33,364.33,Credit Card,CUST0447
TXN001824,8/15/2025,Sugar 1kg,Grocery,South,Online,2,58.3,116.6,Credit Card,CUST0415
TXN004160,8/15/2025,Perfume 100ml,Beauty & Personal Care,East,Online,1,1258.61,1258.61,Credit Card,CUST0315
TXN003683,8/15/2025,Women's Kurti,Clothing,East,Offline,1,1399.33,1399.33,Net Banking,CUST0696
TXN000159,8/15/2025,Sugar 1kg,Grocery,West,Offline,3,56.9,170.7,UPI,CUST0442
TXN001168,8/15/2025,Sunflower Oil 1L,Grocery,South,Offline,1,132.85,132.85,Credit Card,CUST0243
TXN004086,8/15/2025,Bluetooth Speaker,Electronics,West,Online,1,2771.1,2771.1,Net Banking,CUST0143
TXN003039,8/15/2025,Non-Stick Pan,Home & Kitchen,North,Online,1,436.47,436.47,Net Banking,CUST0162
TXN005053,8/15/2025,Hair Oil,Beauty & Personal Care,South,Online,2,302.18,604.36,Credit Card,CUST0706
TXN000870,8/15/2025,LED TV 32in,Electronics,North,Offline,2,10069.16,20138.32,Cash,CUST0367
TXN003458,8/15/2025,Bluetooth Speaker,Electronics,North,Online,2,1237.36,2474.72,UPI,CUST0533
TXN005003,8/15/2025,Body Lotion,Beauty & Personal Care,West,Online,2,249.3,498.6,Cash,CUST0122
TXN002554,8/15/2025,Winter Jacket,Clothing,East,Offline,2,1596.43,3192.86,UPI,CUST0346
TXN004985,8/16/2025,Formal Shirt,Clothing,South,Offline,2,611.42,1222.84,Credit Card,CUST0442
TXN004449,8/16/2025,Mixer Grinder,Home & Kitchen,North,Online,4,4279.48,17117.92,Cash,CUST0412
TXN004576,8/16/2025,Winter Jacket,Clothing,South,Offline,3,1619.89,4859.67,Cash,CUST0383
TXN002555,8/16/2025,Toor Dal 1kg,Grocery,South,Online,1,156.43,156.43,Cash,CUST0837
TXN005480,8/16/2025,Hair Oil,Beauty & Personal Care,South,Online,1,201.79,201.79,UPI,CUST0796
TXN004302,8/16/2025,LED Bulb Pack,Home & Kitchen,East,Offline,3,231.41,694.23,Cash,CUST0878
TXN002548,8/16/2025,Basmati Rice 5kg,Grocery,North,Offline,2,523.89,1047.78,Credit Card,CUST0625
TXN005726,8/16/2025,Toor Dal 1kg,Grocery,South,Online,1,174.03,174.03,Cash,CUST0163
TXN003950,8/16/2025,Bluetooth Speaker,Electronics,East,Offline,4,2038.29,8153.16,UPI,CUST0107
TXN000239,8/16/2025,Shampoo 400ml,Beauty & Personal Care,West,Online,2,355.95,711.9,Cash,CUST0442
TXN005863,8/16/2025,Power Bank 10000mAh,Electronics,West,Offline,1,1295.56,1295.56,UPI,CUST0155
TXN002054,8/17/2025,Wheat Flour 5kg,Grocery,South,Offline,1,307.14,307.14,Cash,CUST0420
TXN000671,8/17/2025,Tea Powder 500g,Grocery,North,Online,5,272.49,1362.45,Cash,CUST0513
TXN000360,8/17/2025,Power Bank 10000mAh,Electronics,West,Online,2,756.97,1513.94,UPI,CUST0510
TXN000877,8/17/2025,Bluetooth Speaker,Electronics,North,Online,3,2543.12,7629.36,Cash,CUST0585
TXN001779,8/17/2025,Power Bank 10000mAh,Electronics,East,Offline,2,871.87,1743.74,Net Banking,CUST0111
TXN002109,8/17/2025,Tea Powder 500g,Grocery,North,Online,1,251.81,251.81,UPI,CUST0576
TXN001752,8/17/2025,LED TV 32in,Electronics,West,Offline,5,9875.17,49375.85,Net Banking,CUST0339
TXN004880,8/17/2025,Bed Sheet Set,Home & Kitchen,East,Offline,2,1124.32,2248.64,Net Banking,CUST0227
TXN000641,8/17/2025,Bluetooth Speaker,Electronics,North,Online,2,1772.15,3544.3,Credit Card,CUST0616
TXN005190,8/17/2025,Wireless Earbuds,Electronics,West,Online,2,1327.11,2654.22,Net Banking,CUST0021
TXN004723,8/17/2025,Wireless Earbuds,Electronics,West,Online,1,2342.11,2342.11,Cash,CUST0732
TXN004356,8/17/2025,Tea Powder 500g,Grocery,West,Offline,1,338.31,338.31,Credit Card,CUST0442
TXN001461,8/17/2025,Non-Stick Pan,Home & Kitchen,South,Offline,3,928.9,2786.7,Credit Card,CUST0012
TXN000669,8/17/2025,Wheat Flour 5kg,Grocery,North,Online,2,321.78,643.56,Net Banking,CUST0533
TXN003366,8/17/2025,Basmati Rice 5kg,Grocery,East,Offline,3,638.33,1914.99,Net Banking,CUST0404
TXN002816,8/17/2025,Mixer Grinder,Home & Kitchen,North,Online,2,2514.89,5029.78,Net Banking,CUST0278
TXN000318,8/17/2025,Winter Jacket,Clothing,East,Online,1,3371.71,3371.71,UPI,CUST0579
TXN004392,8/18/2025,Smartwatch,Electronics,East,Online,3,5093.31,15279.93,Credit Card,CUST0179
TXN001366,8/18/2025,Denim Jeans,Clothing,East,Online,1,1593.33,1593.33,Credit Card,CUST0536
TXN005218,8/18/2025,Wheat Flour 5kg,Grocery,East,Online,1,219.88,219.88,UPI,CUST0890
TXN001743,8/18/2025,Kids Hoodie,Clothing,East,Online,2,657.66,1315.32,Net Banking,CUST0696
TXN005377,8/18/2025,Laptop Bag,Electronics,South,Online,1,740.13,740.13,Net Banking,CUST0242
TXN000980,8/18/2025,Sunscreen SPF50,Beauty & Personal Care,East,Online,3,511.72,1535.16,Credit Card,CUST0500
TXN005837,8/19/2025,Denim Jeans,Clothing,South,Online,1,1052.23,1052.23,UPI,CUST0839
TXN005471,8/19/2025,Wheat Flour 5kg,Grocery,East,Online,3,248.1,744.3,UPI,CUST0569
TXN001571,8/19/2025,Perfume 100ml,Beauty & Personal Care,West,Online,1,2086.9,2086.9,Net Banking,CUST0219
TXN000110,8/19/2025,Denim Jeans,Clothing,North,Offline,2,970,1940,Cash,CUST0446
TXN003625,8/19/2025,Sugar 1kg,Grocery,South,Online,1,59.28,59.28,UPI,CUST0721
TXN003482,8/19/2025,Water Bottle,Home & Kitchen,East,Online,2,426.35,852.7,UPI,CUST0070
TXN003236,8/19/2025,Power Bank 10000mAh,Electronics,East,Online,4,726.44,2905.76,UPI,CUST0013
TXN004197,8/19/2025,Sunflower Oil 1L,Grocery,East,Online,1,133.9,133.9,Net Banking,CUST0752
TXN000060,8/19/2025,Bluetooth Speaker,Electronics,East,Online,1,2153.21,2153.21,UPI,CUST0653
TXN005352,8/19/2025,Toor Dal 1kg,Grocery,East,Offline,2,113.65,227.3,Credit Card,CUST0166
TXN002468,8/19/2025,Sunscreen SPF50,Beauty & Personal Care,South,Offline,2,607.19,1214.38,Net Banking,CUST0249
TXN000477,8/19/2025,Bed Sheet Set,Home & Kitchen,West,Online,1,1434.23,1434.23,Cash,CUST0406
TXN004405,8/19/2025,Laptop Bag,Electronics,North,Offline,1,1020.46,1020.46,UPI,CUST0397
TXN005091,8/19/2025,Power Bank 10000mAh,Electronics,North,Offline,5,1065.41,5327.05,Credit Card,CUST0012
TXN002369,8/19/2025,Shampoo 400ml,Beauty & Personal Care,North,Offline,1,474.76,474.76,Credit Card,CUST0534
TXN000703,8/20/2025,Sugar 1kg,Grocery,North,Offline,2,49.93,99.86,Net Banking,CUST0218
TXN001846,8/20/2025,Men's T-Shirt,Clothing,West,Offline,1,504.99,504.99,Net Banking,CUST0696
TXN001525,8/20/2025,LED Bulb Pack,Home & Kitchen,East,Online,3,280.76,842.28,Cash,CUST0262
TXN000205,8/20/2025,Body Lotion,Beauty & Personal Care,South,Online,2,478.16,956.32,UPI,CUST0894
TXN000775,8/20/2025,Non-Stick Pan,Home & Kitchen,North,Offline,2,720.49,1440.98,Cash,CUST0706
TXN001300,8/20/2025,LED Bulb Pack,Home & Kitchen,West,Online,3,276.06,828.18,Credit Card,CUST0355
TXN002460,8/20/2025,Formal Shirt,Clothing,South,Online,2,786.49,1572.98,UPI,CUST0561
TXN004074,8/20/2025,Formal Shirt,Clothing,West,Offline,2,1437.73,2875.46,Credit Card,CUST0616
TXN002729,8/20/2025,Sunscreen SPF50,Beauty & Personal Care,West,Online,4,532.75,2131,UPI,CUST0708
TXN004656,8/20/2025,Tea Powder 500g,Grocery,North,Online,1,231.61,231.61,Credit Card,CUST0619
TXN002488,8/20/2025,Hair Oil,Beauty & Personal Care,West,Online,3,333.99,1001.97,Cash,CUST0497
TXN000544,8/20/2025,Denim Jeans,Clothing,North,Offline,4,1989.42,7957.68,UPI,CUST0406
TXN004409,8/20/2025,Non-Stick Pan,Home & Kitchen,North,Offline,3,1182.55,3547.65,Cash,CUST0792
TXN003654,8/20/2025,Non-Stick Pan,Home & Kitchen,West,Offline,3,1008.61,3025.83,Credit Card,CUST0790
TXN000172,8/21/2025,LED TV 32in,Electronics,South,Offline,3,9534.66,28603.98,Credit Card,CUST0225
TXN005408,8/21/2025,Sunflower Oil 1L,Grocery,East,Online,1,204.19,204.19,UPI,CUST0338
TXN000644,8/21/2025,LED Bulb Pack,Home & Kitchen,South,Online,3,253.09,759.27,Net Banking,CUST0242
TXN003153,8/21/2025,Bed Sheet Set,Home & Kitchen,East,Offline,3,1789.79,5369.37,UPI,CUST0733
TXN002900,8/21/2025,LED TV 32in,Electronics,North,Online,4,9039.06,36156.24,Cash,CUST0501
TXN002174,8/21/2025,Wheat Flour 5kg,Grocery,East,Online,1,230.61,230.61,Credit Card,CUST0249
TXN005161,8/21/2025,Laptop Bag,Electronics,West,Online,2,1355.05,2710.1,Cash,CUST0377
TXN001506,8/21/2025,Sugar 1kg,Grocery,West,Online,1,43.32,43.32,UPI,CUST0525
TXN001003,8/21/2025,Non-Stick Pan,Home & Kitchen,East,Online,1,423.13,423.13,UPI,CUST0678
TXN004116,8/21/2025,Bed Sheet Set,Home & Kitchen,South,Online,3,840.13,2520.39,Credit Card,CUST0200
TXN003604,8/21/2025,Wireless Earbuds,Electronics,East,Online,2,3924.99,7849.98,Cash,CUST0005
TXN005507,8/21/2025,Tea Powder 500g,Grocery,South,Online,2,333.2,666.4,Cash,CUST0299
TXN001821,8/21/2025,Women's Kurti,Clothing,South,Offline,1,887.53,887.53,Credit Card,CUST0800
TXN003697,8/21/2025,Bed Sheet Set,Home & Kitchen,East,Offline,2,719.67,1439.34,UPI,CUST0662
TXN005946,8/22/2025,Face Wash,Beauty & Personal Care,West,Offline,1,155.57,155.57,UPI,CUST0186
TXN001010,8/22/2025,Tea Powder 500g,Grocery,East,Online,4,339.08,1356.32,UPI,CUST0141
TXN001123,8/22/2025,Denim Jeans,Clothing,South,Offline,4,952.87,3811.48,Cash,CUST0830
TXN004785,8/22/2025,Denim Jeans,Clothing,East,Online,1,1646.32,1646.32,Cash,CUST0139
TXN000175,8/22/2025,Bed Sheet Set,Home & Kitchen,South,Offline,4,1277.39,5109.56,Cash,CUST0887
TXN000008,8/22/2025,Denim Jeans,Clothing,West,Offline,2,899.96,1799.92,UPI,CUST0311
TXN001087,8/22/2025,Sunflower Oil 1L,Grocery,East,Online,1,189.67,189.67,UPI,CUST0642
TXN003851,8/22/2025,Men's T-Shirt,Clothing,East,Online,2,349.93,699.86,UPI,CUST0310
TXN004899,8/22/2025,Toor Dal 1kg,Grocery,West,Online,2,167.42,334.84,Cash,CUST0855
TXN003998,8/22/2025,Shampoo 400ml,Beauty & Personal Care,South,Online,3,421.41,1264.23,UPI,CUST0269
TXN002438,8/22/2025,Tea Powder 500g,Grocery,West,Offline,5,294.35,1471.75,UPI,CUST0676
TXN001855,8/22/2025,Body Lotion,Beauty & Personal Care,West,Online,2,567.82,1135.64,Credit Card,CUST0812
TXN005026,8/22/2025,Bed Sheet Set,Home & Kitchen,West,Offline,1,881.17,881.17,Credit Card,CUST0628
TXN005585,8/22/2025,Bed Sheet Set,Home & Kitchen,South,Online,4,874.22,3496.88,Cash,CUST0187
TXN002621,8/23/2025,Tea Powder 500g,Grocery,West,Online,1,160.45,160.45,Credit Card,CUST0220
TXN004088,8/23/2025,Body Lotion,Beauty & Personal Care,North,Online,1,450.21,450.21,Net Banking,CUST0523
TXN001988,8/23/2025,Bed Sheet Set,Home & Kitchen,North,Online,1,1573,1573,UPI,CUST0383
TXN005887,8/23/2025,Laptop Bag,Electronics,South,Online,4,1264.07,5056.28,Net Banking,CUST0835
TXN000765,8/23/2025,Laptop Bag,Electronics,East,Offline,3,1740.59,5221.77,UPI,CUST0892
TXN003188,8/23/2025,Basmati Rice 5kg,Grocery,South,Online,1,351.8,351.8,UPI,CUST0525
TXN004620,8/23/2025,LED Bulb Pack,Home & Kitchen,South,Online,1,315.08,315.08,Cash,CUST0545
TXN005942,8/23/2025,Shampoo 400ml,Beauty & Personal Care,West,Online,1,366.44,366.44,Net Banking,CUST0158
TXN000801,8/23/2025,Bed Sheet Set,Home & Kitchen,East,Online,2,1547.46,3094.92,Net Banking,CUST0859
TXN001750,8/23/2025,Bed Sheet Set,Home & Kitchen,South,Online,1,773.29,773.29,UPI,CUST0415
TXN000496,8/23/2025,Bed Sheet Set,Home & Kitchen,East,Online,3,1755.81,5267.43,UPI,CUST0738
TXN003271,8/23/2025,Formal Shirt,Clothing,North,Online,3,885.84,2657.52,UPI,CUST0170
TXN003719,8/23/2025,Hair Oil,Beauty & Personal Care,South,Online,1,243.8,243.8,UPI,CUST0273
TXN003184,8/23/2025,Denim Jeans,Clothing,West,Online,4,1057.92,4231.68,Net Banking,CUST0662
TXN002562,8/23/2025,Bluetooth Speaker,Electronics,South,Online,4,2345,9380,Net Banking,CUST0150
TXN002846,8/23/2025,Tea Powder 500g,Grocery,West,Offline,1,334.8,334.8,UPI,CUST0200
TXN005865,8/23/2025,Power Bank 10000mAh,Electronics,West,Offline,1,1176.91,1176.91,Credit Card,CUST0708
TXN002396,8/23/2025,Face Wash,Beauty & Personal Care,North,Offline,1,223.29,223.29,UPI,CUST0063
TXN003538,8/23/2025,Pressure Cooker,Home & Kitchen,South,Online,3,1469.34,4408.02,Credit Card,CUST0698
TXN000888,8/23/2025,Shampoo 400ml,Beauty & Personal Care,North,Online,3,329.53,988.59,Net Banking,CUST0532
TXN003397,8/23/2025,Kids Hoodie,Clothing,North,Offline,2,1006.57,2013.14,UPI,CUST0138
TXN005618,8/24/2025,Hair Oil,Beauty & Personal Care,East,Offline,1,269.54,269.54,UPI,CUST0639
TXN005619,8/24/2025,Pressure Cooker,Home & Kitchen,East,Offline,4,1586.24,6344.96,Credit Card,CUST0877
TXN005600,8/24/2025,Non-Stick Pan,Home & Kitchen,West,Online,2,1071.88,2143.76,Credit Card,CUST0694
TXN000767,8/24/2025,Shampoo 400ml,Beauty & Personal Care,South,Offline,2,479.58,959.16,Credit Card,CUST0198
TXN000575,8/24/2025,Sunscreen SPF50,Beauty & Personal Care,North,Offline,4,619.1,2476.4,UPI,CUST0297
TXN005997,8/24/2025,Smartwatch,Electronics,West,Online,4,2929.73,11718.92,UPI,CUST0718
TXN003647,8/24/2025,Denim Jeans,Clothing,North,Offline,1,1974.87,1974.87,UPI,CUST0012
TXN002617,8/24/2025,Men's T-Shirt,Clothing,South,Online,2,853.88,1707.76,UPI,CUST0081
TXN005611,8/24/2025,Power Bank 10000mAh,Electronics,East,Online,1,1006.41,1006.41,UPI,CUST0052
TXN003951,8/24/2025,Perfume 100ml,Beauty & Personal Care,East,Online,2,2386.73,4773.46,UPI,CUST0877
TXN000635,8/25/2025,Mixer Grinder,Home & Kitchen,North,Online,2,2671.02,5342.04,UPI,CUST0386
TXN001522,8/25/2025,Kids Hoodie,Clothing,West,Online,1,1086.12,1086.12,UPI,CUST0025
TXN005313,8/25/2025,Power Bank 10000mAh,Electronics,West,Online,3,1063.01,3189.03,UPI,CUST0374
TXN004290,8/25/2025,Hair Oil,Beauty & Personal Care,East,Online,4,267.17,1068.68,Net Banking,CUST0253
TXN004769,8/25/2025,Basmati Rice 5kg,Grocery,East,Online,1,613.35,613.35,Net Banking,CUST0053
TXN004173,8/25/2025,Non-Stick Pan,Home & Kitchen,West,Offline,2,829.01,1658.02,Cash,CUST0444
TXN001881,8/25/2025,Pressure Cooker,Home & Kitchen,East,Online,4,1132.9,4531.6,Credit Card,CUST0051
TXN005072,8/25/2025,Tea Powder 500g,Grocery,East,Online,1,326.04,326.04,Credit Card,CUST0193
TXN004633,8/25/2025,Non-Stick Pan,Home & Kitchen,North,Online,3,673.62,2020.86,UPI,CUST0595
TXN005238,8/25/2025,Power Bank 10000mAh,Electronics,South,Offline,5,1168.89,5844.45,Credit Card,CUST0826
TXN004046,8/25/2025,LED TV 32in,Electronics,South,Online,3,13634.96,40904.88,Cash,CUST0837
TXN002328,8/25/2025,Basmati Rice 5kg,Grocery,South,Online,4,577.46,2309.84,UPI,CUST0324
TXN000296,8/25/2025,Pressure Cooker,Home & Kitchen,North,Offline,3,2446.41,7339.23,Credit Card,CUST0778
TXN000049,8/25/2025,Power Bank 10000mAh,Electronics,East,Online,5,1007.04,5035.2,Net Banking,CUST0780
TXN004181,8/26/2025,LED TV 32in,Electronics,West,Offline,1,12021.35,12021.35,Credit Card,CUST0070
TXN005195,8/26/2025,Laptop Bag,Electronics,North,Online,3,956.14,2868.42,Credit Card,CUST0196
TXN002723,8/26/2025,Bed Sheet Set,Home & Kitchen,West,Offline,2,920.4,1840.8,Credit Card,CUST0205
TXN004432,8/26/2025,Formal Shirt,Clothing,North,Offline,1,1436.5,1436.5,UPI,CUST0281
TXN000726,8/26/2025,Shampoo 400ml,Beauty & Personal Care,East,Offline,1,279.33,279.33,UPI,CUST0592
TXN003595,8/26/2025,Perfume 100ml,Beauty & Personal Care,West,Offline,1,2409.54,2409.54,UPI,CUST0649
TXN005364,8/26/2025,LED TV 32in,Electronics,West,Offline,2,10979.99,21959.98,Credit Card,CUST0870
TXN004670,8/26/2025,Formal Shirt,Clothing,East,Online,3,1572.43,4717.29,UPI,CUST0869
TXN000285,8/26/2025,Sunscreen SPF50,Beauty & Personal Care,South,Offline,2,687.53,1375.06,Cash,CUST0098
TXN005545,8/26/2025,Kids Hoodie,Clothing,South,Online,2,695.48,1390.96,Net Banking,CUST0519
TXN005899,8/26/2025,Toor Dal 1kg,Grocery,North,Online,2,115.37,230.74,Cash,CUST0093
TXN001298,8/26/2025,Sunflower Oil 1L,Grocery,South,Offline,5,139.27,696.35,Credit Card,CUST0770
TXN002606,8/26/2025,Perfume 100ml,Beauty & Personal Care,South,Offline,2,991.59,1983.18,UPI,CUST0533
TXN004658,8/26/2025,Mixer Grinder,Home & Kitchen,West,Offline,1,2434.55,2434.55,Credit Card,CUST0650
TXN001100,8/26/2025,Kids Hoodie,Clothing,North,Offline,1,694.69,694.69,UPI,CUST0258
TXN001190,8/26/2025,Sunflower Oil 1L,Grocery,East,Offline,4,212.91,851.64,Cash,CUST0355
TXN002316,8/26/2025,Bluetooth Speaker,Electronics,North,Offline,3,1937.15,5811.45,Net Banking,CUST0115
TXN003477,8/27/2025,Body Lotion,Beauty & Personal Care,East,Offline,1,563.73,563.73,Net Banking,CUST0359
TXN004359,8/27/2025,Women's Kurti,Clothing,North,Offline,3,1130.14,3390.42,Credit Card,CUST0389
TXN005562,8/27/2025,Non-Stick Pan,Home & Kitchen,West,Online,1,696.82,696.82,Credit Card,CUST0582
TXN002651,8/27/2025,Smartwatch,Electronics,South,Online,5,3090.97,15454.85,Net Banking,CUST0717
TXN005148,8/27/2025,LED Bulb Pack,Home & Kitchen,West,Offline,1,303.5,303.5,Cash,CUST0462
TXN002186,8/27/2025,Kids Hoodie,Clothing,East,Online,3,1172.25,3516.75,Net Banking,CUST0579
TXN000142,8/27/2025,Winter Jacket,Clothing,West,Online,5,2044.87,10224.35,Cash,CUST0706
TXN005690,8/27/2025,Tea Powder 500g,Grocery,South,Online,1,171.11,171.11,Credit Card,CUST0706
TXN002345,8/27/2025,Winter Jacket,Clothing,West,Offline,1,2747.84,2747.84,UPI,CUST0612
TXN001228,8/27/2025,Winter Jacket,Clothing,North,Online,1,2246.56,2246.56,Credit Card,CUST0157
TXN001833,8/27/2025,Wireless Earbuds,Electronics,West,Offline,1,2040.95,2040.95,Net Banking,CUST0054
TXN000536,8/27/2025,Face Wash,Beauty & Personal Care,West,Offline,1,273.8,273.8,Net Banking,CUST0034
TXN003273,8/27/2025,Power Bank 10000mAh,Electronics,East,Online,2,1001.88,2003.76,UPI,CUST0406
TXN001670,8/27/2025,Mixer Grinder,Home & Kitchen,South,Offline,1,3923.04,3923.04,Net Banking,CUST0821
TXN004603,8/27/2025,Sugar 1kg,Grocery,West,Online,3,41.09,123.27,Credit Card,CUST0222
TXN003817,8/27/2025,Hair Oil,Beauty & Personal Care,North,Online,1,344.3,344.3,Credit Card,CUST0519
TXN000214,8/27/2025,Men's T-Shirt,Clothing,East,Offline,1,340.34,340.34,UPI,CUST0479
TXN001170,8/27/2025,Water Bottle,Home & Kitchen,East,Online,1,371.59,371.59,UPI,CUST0302
TXN004696,8/27/2025,Sugar 1kg,Grocery,West,Online,2,48.65,97.3,Credit Card,CUST0438
TXN003445,8/27/2025,Kids Hoodie,Clothing,West,Online,1,955.32,955.32,Net Banking,CUST0514
TXN002141,8/28/2025,Denim Jeans,Clothing,South,Online,2,1681.32,3362.64,UPI,CUST0173
TXN005975,8/28/2025,Sugar 1kg,Grocery,East,Online,1,43.82,43.82,UPI,CUST0762
TXN004456,8/28/2025,Face Wash,Beauty & Personal Care,West,Online,1,184.97,184.97,UPI,CUST0379
TXN001256,8/28/2025,Bed Sheet Set,Home & Kitchen,West,Offline,1,1564.01,1564.01,UPI,CUST0229
TXN003238,8/28/2025,Sugar 1kg,Grocery,East,Offline,2,54.41,108.82,Cash,CUST0293
TXN003399,8/28/2025,Mixer Grinder,Home & Kitchen,North,Offline,2,3707.36,7414.72,Cash,CUST0397
TXN001695,8/28/2025,Basmati Rice 5kg,Grocery,West,Offline,1,429.04,429.04,Net Banking,CUST0138
TXN005044,8/28/2025,Sunscreen SPF50,Beauty & Personal Care,East,Online,1,549.71,549.71,UPI,CUST0786
TXN004351,8/28/2025,LED Bulb Pack,Home & Kitchen,East,Offline,3,214.41,643.23,Credit Card,CUST0360
TXN000453,8/28/2025,Pressure Cooker,Home & Kitchen,East,Offline,1,2358.42,2358.42,UPI,CUST0402
TXN000207,8/28/2025,Wireless Earbuds,Electronics,South,Online,2,1685.27,3370.54,Net Banking,CUST0367
TXN000776,8/28/2025,Wireless Earbuds,Electronics,North,Offline,2,3276.18,6552.36,Credit Card,CUST0274
TXN002242,8/28/2025,Perfume 100ml,Beauty & Personal Care,South,Online,5,1849.99,9249.95,UPI,CUST0814
TXN000766,8/28/2025,Power Bank 10000mAh,Electronics,South,Online,1,1540.24,1540.24,UPI,CUST0759
TXN000955,8/28/2025,Mixer Grinder,Home & Kitchen,North,Online,1,1971.48,1971.48,Cash,CUST0812
TXN005557,8/29/2025,LED TV 32in,Electronics,South,Online,1,11301.45,11301.45,Net Banking,CUST0532
TXN001998,8/29/2025,Sunflower Oil 1L,Grocery,North,Online,1,136.84,136.84,UPI,CUST0258
TXN002773,8/29/2025,Bluetooth Speaker,Electronics,West,Online,1,3364.34,3364.34,Credit Card,CUST0634
TXN004099,8/29/2025,Face Wash,Beauty & Personal Care,North,Online,4,197.05,788.2,Credit Card,CUST0725
TXN001840,8/29/2025,Basmati Rice 5kg,Grocery,North,Offline,2,633.62,1267.24,Credit Card,CUST0071
TXN005192,8/29/2025,Body Lotion,Beauty & Personal Care,North,Online,3,540.92,1622.76,UPI,CUST0687
TXN000600,8/29/2025,Basmati Rice 5kg,Grocery,West,Online,2,551.9,1103.8,UPI,CUST0769
TXN003398,8/29/2025,Mixer Grinder,Home & Kitchen,West,Online,2,3636.6,7273.2,UPI,CUST0141
TXN005456,8/29/2025,Face Wash,Beauty & Personal Care,East,Online,3,404.97,1214.91,UPI,CUST0862
TXN002455,8/29/2025,Sunflower Oil 1L,Grocery,South,Offline,4,156.75,627,Credit Card,CUST0183
TXN002273,8/29/2025,Wheat Flour 5kg,Grocery,South,Online,2,264.34,528.68,Credit Card,CUST0154
TXN001013,8/29/2025,Winter Jacket,Clothing,North,Offline,1,1386.64,1386.64,Cash,CUST0895
TXN001771,8/29/2025,Body Lotion,Beauty & Personal Care,South,Offline,1,266.75,266.75,Credit Card,CUST0546
TXN002660,8/29/2025,Bed Sheet Set,Home & Kitchen,East,Online,2,1796.12,3592.24,Credit Card,CUST0419
TXN000508,8/29/2025,Women's Kurti,Clothing,North,Online,2,1481.34,2962.68,Credit Card,CUST0718
TXN000523,8/29/2025,Wheat Flour 5kg,Grocery,East,Offline,5,323.55,1617.75,UPI,CUST0044
TXN003667,8/29/2025,Non-Stick Pan,Home & Kitchen,South,Online,2,1137.74,2275.48,UPI,CUST0242
TXN002221,8/29/2025,Bed Sheet Set,Home & Kitchen,South,Online,1,937.68,937.68,Credit Card,CUST0249
TXN004564,8/29/2025,LED Bulb Pack,Home & Kitchen,East,Offline,1,242.93,242.93,UPI,CUST0281
TXN000550,8/29/2025,Formal Shirt,Clothing,South,Online,2,646.44,1292.88,Cash,CUST0582
TXN000196,8/29/2025,Winter Jacket,Clothing,South,Online,4,3130.11,12520.44,Credit Card,CUST0170
TXN001022,8/29/2025,Body Lotion,Beauty & Personal Care,North,Offline,1,469.24,469.24,Credit Card,CUST0002
TXN001415,8/29/2025,Men's T-Shirt,Clothing,West,Offline,5,719.01,3595.05,Credit Card,CUST0892
TXN001826,8/30/2025,Denim Jeans,Clothing,South,Online,2,1423.76,2847.52,UPI,CUST0273
TXN002483,8/30/2025,Men's T-Shirt,Clothing,East,Online,1,673.65,673.65,Credit Card,CUST0034
TXN003352,8/30/2025,Perfume 100ml,Beauty & Personal Care,East,Online,1,2091.65,2091.65,UPI,CUST0056
TXN002136,8/30/2025,Perfume 100ml,Beauty & Personal Care,South,Offline,1,831.15,831.15,Cash,CUST0253
TXN004458,8/30/2025,Sugar 1kg,Grocery,East,Online,1,53.71,53.71,UPI,CUST0870
TXN000452,8/30/2025,Formal Shirt,Clothing,South,Online,1,806.73,806.73,Credit Card,CUST0509
TXN002353,8/30/2025,Body Lotion,Beauty & Personal Care,South,Offline,1,394.19,394.19,Credit Card,CUST0525
TXN005576,8/30/2025,Non-Stick Pan,Home & Kitchen,South,Online,4,581.84,2327.36,UPI,CUST0816
TXN005652,8/30/2025,Sunscreen SPF50,Beauty & Personal Care,South,Online,1,516.68,516.68,Net Banking,CUST0472
TXN001629,8/30/2025,Power Bank 10000mAh,Electronics,West,Online,4,1512.83,6051.32,Cash,CUST0008
TXN005583,8/30/2025,Perfume 100ml,Beauty & Personal Care,North,Online,5,2067.55,10337.75,UPI,CUST0533
TXN002931,8/30/2025,Bed Sheet Set,Home & Kitchen,East,Offline,1,1550.89,1550.89,UPI,CUST0356
TXN003888,8/30/2025,Body Lotion,Beauty & Personal Care,North,Offline,2,358.63,717.26,UPI,CUST0806
TXN005656,8/30/2025,Winter Jacket,Clothing,North,Offline,2,2698.09,5396.18,Cash,CUST0620
TXN001969,8/30/2025,Hair Oil,Beauty & Personal Care,East,Online,1,175.07,175.07,UPI,CUST0258
TXN004559,8/31/2025,Shampoo 400ml,Beauty & Personal Care,South,Offline,4,456.91,1827.64,UPI,CUST0870
TXN004986,8/31/2025,Sunflower Oil 1L,Grocery,North,Online,3,124.18,372.54,UPI,CUST0445
TXN001611,8/31/2025,Mixer Grinder,Home & Kitchen,South,Offline,5,4449.12,22245.6,Credit Card,CUST0056
TXN002902,8/31/2025,LED TV 32in,Electronics,North,Online,4,13607.19,54428.76,UPI,CUST0833
TXN004393,8/31/2025,Toor Dal 1kg,Grocery,East,Online,1,169.93,169.93,UPI,CUST0039
TXN003672,8/31/2025,Hair Oil,Beauty & Personal Care,West,Online,1,341.71,341.71,UPI,CUST0576
TXN002724,8/31/2025,Smartwatch,Electronics,North,Online,2,5666.73,11333.46,Credit Card,CUST0780
TXN005236,8/31/2025,Women's Kurti,Clothing,North,Online,1,641.15,641.15,Credit Card,CUST0097
TXN002520,8/31/2025,Formal Shirt,Clothing,South,Online,1,1486.12,1486.12,UPI,CUST0012
TXN000257,8/31/2025,Non-Stick Pan,Home & Kitchen,North,Online,5,526.35,2631.75,Net Banking,CUST0151
TXN004683,8/31/2025,LED Bulb Pack,Home & Kitchen,North,Online,2,390.98,781.96,Credit Card,CUST0736
TXN001546,8/31/2025,Non-Stick Pan,Home & Kitchen,East,Online,2,409.27,818.54,UPI,CUST0272
TXN002190,8/31/2025,Face Wash,Beauty & Personal Care,North,Online,1,199.97,199.97,UPI,CUST0241
TXN002677,8/31/2025,Power Bank 10000mAh,Electronics,South,Offline,1,738.34,738.34,Credit Card,CUST0187
TXN004126,8/31/2025,Toor Dal 1kg,Grocery,North,Online,2,147.82,295.64,Cash,CUST0475
TXN000780,8/31/2025,Bluetooth Speaker,Electronics,West,Online,1,1686.86,1686.86,UPI,CUST0597
TXN005113,8/31/2025,Pressure Cooker,Home & Kitchen,South,Offline,1,2001.72,2001.72,UPI,CUST0873
TXN001577,8/31/2025,Women's Kurti,Clothing,North,Online,1,1242.97,1242.97,Credit Card,CUST0125
TXN000652,8/31/2025,Wheat Flour 5kg,Grocery,South,Online,1,315.56,315.56,Net Banking,CUST0523
TXN005030,8/31/2025,Mixer Grinder,Home & Kitchen,East,Online,1,3306.39,3306.39,UPI,CUST0797
TXN004224,9/1/2025,Shampoo 400ml,Beauty & Personal Care,East,Offline,1,210.49,210.49,UPI,CUST0445
TXN005046,9/1/2025,Face Wash,Beauty & Personal Care,West,Online,4,248.91,995.64,UPI,CUST0311
TXN000441,9/1/2025,Face Wash,Beauty & Personal Care,South,Offline,4,229.24,916.96,Net Banking,CUST0243
TXN000567,9/1/2025,Men's T-Shirt,Clothing,North,Offline,1,304.32,304.32,UPI,CUST0870
TXN003179,9/1/2025,LED TV 32in,Electronics,North,Offline,5,10228.5,51142.5,Credit Card,CUST0681
TXN004030,9/1/2025,Power Bank 10000mAh,Electronics,East,Offline,4,797.39,3189.56,Cash,CUST0813
TXN003420,9/1/2025,LED TV 32in,Electronics,West,Online,3,14090.25,42270.75,UPI,CUST0469
TXN003172,9/1/2025,Denim Jeans,Clothing,South,Offline,5,1529.06,7645.3,Credit Card,CUST0576
TXN001658,9/1/2025,Bed Sheet Set,Home & Kitchen,South,Online,1,1493.95,1493.95,Credit Card,CUST0271
TXN002517,9/1/2025,Men's T-Shirt,Clothing,South,Online,1,543.95,543.95,Cash,CUST0279
TXN000383,9/1/2025,Mixer Grinder,Home & Kitchen,East,Offline,3,3727.86,11183.58,Credit Card,CUST0499
TXN005383,9/1/2025,Wheat Flour 5kg,Grocery,South,Online,3,306.43,919.29,Cash,CUST0679
TXN004375,9/1/2025,Non-Stick Pan,Home & Kitchen,East,Online,2,679.66,1359.32,UPI,CUST0431
TXN001062,9/1/2025,Wireless Earbuds,Electronics,West,Online,4,3447.77,13791.08,Net Banking,CUST0384
TXN003199,9/1/2025,Body Lotion,Beauty & Personal Care,South,Online,3,238.24,714.72,UPI,CUST0243
TXN005936,9/1/2025,Formal Shirt,Clothing,South,Offline,2,1385.98,2771.96,UPI,CUST0151
TXN005317,9/1/2025,Shampoo 400ml,Beauty & Personal Care,East,Online,4,203.57,814.28,Credit Card,CUST0144
TXN004484,9/1/2025,Denim Jeans,Clothing,East,Offline,1,1941.13,1941.13,UPI,CUST0008
TXN003575,9/1/2025,Winter Jacket,Clothing,West,Online,2,1784.29,3568.58,UPI,CUST0572
TXN005304,9/1/2025,Kids Hoodie,Clothing,West,Offline,1,1183.95,1183.95,Net Banking,CUST0552
TXN002379,9/1/2025,Wireless Earbuds,Electronics,East,Online,1,3623.37,3623.37,UPI,CUST0305
TXN004466,9/1/2025,Face Wash,Beauty & Personal Care,South,Offline,1,184.1,184.1,Credit Card,CUST0891
TXN002556,9/1/2025,Face Wash,Beauty & Personal Care,North,Online,1,182.09,182.09,Credit Card,CUST0158
TXN002733,9/1/2025,Formal Shirt,Clothing,North,Offline,1,725.09,725.09,Cash,CUST0416
TXN004697,9/2/2025,Body Lotion,Beauty & Personal Care,East,Online,2,284.97,569.94,UPI,CUST0325
TXN003742,9/2/2025,Non-Stick Pan,Home & Kitchen,South,Online,2,1098.09,2196.18,Net Banking,CUST0279
TXN001772,9/2/2025,Kids Hoodie,Clothing,West,Online,1,1025,1025,Cash,CUST0367
TXN003276,9/2/2025,Body Lotion,Beauty & Personal Care,East,Offline,1,385.04,385.04,UPI,CUST0895
TXN000408,9/2/2025,LED TV 32in,Electronics,North,Offline,5,9700.94,48504.7,Net Banking,CUST0716
TXN002189,9/2/2025,Shampoo 400ml,Beauty & Personal Care,South,Offline,3,435.81,1307.43,Net Banking,CUST0511
TXN000161,9/2/2025,Toor Dal 1kg,Grocery,South,Offline,1,120.03,120.03,Cash,CUST0780
TXN003966,9/2/2025,Toor Dal 1kg,Grocery,South,Online,1,120.93,120.93,Net Banking,CUST0537
TXN004550,9/2/2025,Kids Hoodie,Clothing,North,Online,1,928.43,928.43,UPI,CUST0121
TXN003309,9/2/2025,Water Bottle,Home & Kitchen,East,Online,2,407.12,814.24,UPI,CUST0081
TXN005799,9/2/2025,Bed Sheet Set,Home & Kitchen,West,Offline,2,1565.45,3130.9,Net Banking,CUST0720
TXN002949,9/2/2025,Power Bank 10000mAh,Electronics,North,Offline,2,962.78,1925.56,Cash,CUST0624
TXN003362,9/2/2025,Body Lotion,Beauty & Personal Care,East,Offline,1,256.89,256.89,UPI,CUST0790
TXN000947,9/2/2025,Face Wash,Beauty & Personal Care,East,Online,2,357.54,715.08,Credit Card,CUST0117
TXN002026,9/2/2025,Sunscreen SPF50,Beauty & Personal Care,North,Offline,2,493.48,986.96,Credit Card,CUST0803
TXN000925,9/2/2025,Mixer Grinder,Home & Kitchen,West,Offline,1,4103.19,4103.19,UPI,CUST0545
TXN005560,9/3/2025,Power Bank 10000mAh,Electronics,East,Online,2,804.13,1608.26,Cash,CUST0315
TXN002262,9/3/2025,Toor Dal 1kg,Grocery,West,Online,2,170.13,340.26,Net Banking,CUST0023
TXN001290,9/3/2025,Bed Sheet Set,Home & Kitchen,West,Online,1,942.03,942.03,Credit Card,CUST0569
TXN004569,9/3/2025,Smartwatch,Electronics,West,Online,3,3009.17,9027.51,Credit Card,CUST0752
TXN002930,9/3/2025,Women's Kurti,Clothing,West,Online,1,549.67,549.67,Net Banking,CUST0212
TXN004889,9/3/2025,Bed Sheet Set,Home & Kitchen,East,Offline,2,1017.01,2034.02,UPI,CUST0898
TXN003773,9/3/2025,Water Bottle,Home & Kitchen,West,Offline,1,275.8,275.8,Net Banking,CUST0636
TXN005491,9/3/2025,Men's T-Shirt,Clothing,North,Online,1,666.35,666.35,UPI,CUST0083
TXN000691,9/3/2025,Shampoo 400ml,Beauty & Personal Care,West,Online,4,360.96,1443.84,UPI,CUST0595
TXN001528,9/3/2025,Laptop Bag,Electronics,South,Online,1,738.36,738.36,Cash,CUST0848
TXN001961,9/3/2025,Water Bottle,Home & Kitchen,South,Online,3,397.58,1192.74,UPI,CUST0772
TXN001965,9/3/2025,Bluetooth Speaker,Electronics,West,Offline,1,1964.79,1964.79,UPI,CUST0400
TXN002616,9/3/2025,Kids Hoodie,Clothing,South,Offline,3,776.07,2328.21,Credit Card,CUST0832
TXN001136,9/3/2025,Winter Jacket,Clothing,South,Online,1,1592,1592,UPI,CUST0317
TXN005182,9/3/2025,Bluetooth Speaker,Electronics,West,Offline,4,2307.2,9228.8,UPI,CUST0859
TXN000665,9/3/2025,Body Lotion,Beauty & Personal Care,East,Offline,1,308.52,308.52,Credit Card,CUST0733
TXN002938,9/3/2025,Power Bank 10000mAh,Electronics,South,Online,4,793.69,3174.76,UPI,CUST0116
TXN002461,9/3/2025,Mixer Grinder,Home & Kitchen,West,Offline,1,4211.78,4211.78,Net Banking,CUST0711
TXN004306,9/3/2025,Sunflower Oil 1L,Grocery,East,Offline,1,214.76,214.76,Credit Card,CUST0352
TXN001354,9/3/2025,Wireless Earbuds,Electronics,North,Offline,5,3554.42,17772.1,Credit Card,CUST0738
TXN005361,9/4/2025,LED Bulb Pack,Home & Kitchen,East,Online,4,271.05,1084.2,Credit Card,CUST0117
TXN004901,9/4/2025,Non-Stick Pan,Home & Kitchen,North,Online,1,635.03,635.03,Credit Card,CUST0271
TXN005165,9/4/2025,Basmati Rice 5kg,Grocery,South,Offline,1,698.58,698.58,UPI,CUST0227
TXN004464,9/4/2025,Face Wash,Beauty & Personal Care,North,Online,3,187.39,562.17,Credit Card,CUST0597
TXN002629,9/4/2025,Denim Jeans,Clothing,North,Online,2,1372.03,2744.06,Credit Card,CUST0861
TXN003811,9/4/2025,Kids Hoodie,Clothing,South,Offline,1,730.7,730.7,UPI,CUST0390
TXN003089,9/4/2025,Kids Hoodie,Clothing,East,Online,2,1145.24,2290.48,Credit Card,CUST0306
TXN000427,9/4/2025,Sunflower Oil 1L,Grocery,South,Online,4,174.01,696.04,UPI,CUST0177
TXN004903,9/4/2025,Smartwatch,Electronics,South,Offline,1,3033.99,3033.99,Net Banking,CUST0250
TXN000558,9/4/2025,Sunflower Oil 1L,Grocery,West,Online,2,207.85,415.7,Net Banking,CUST0576
TXN002477,9/4/2025,Body Lotion,Beauty & Personal Care,East,Offline,3,269.81,809.43,Credit Card,CUST0677
TXN002585,9/4/2025,Sugar 1kg,Grocery,West,Offline,2,45.98,91.96,UPI,CUST0511
TXN004078,9/4/2025,Non-Stick Pan,Home & Kitchen,East,Online,4,664.58,2658.32,UPI,CUST0197
TXN000735,9/4/2025,Laptop Bag,Electronics,East,Offline,1,1193.15,1193.15,UPI,CUST0820
TXN001621,9/4/2025,Formal Shirt,Clothing,West,Online,1,1172.73,1172.73,Credit Card,CUST0595
TXN005694,9/4/2025,Water Bottle,Home & Kitchen,West,Online,4,376.63,1506.52,Cash,CUST0760
TXN000605,9/4/2025,Hair Oil,Beauty & Personal Care,South,Online,1,281.94,281.94,Credit Card,CUST0354
TXN001896,9/4/2025,Body Lotion,Beauty & Personal Care,East,Online,1,215.97,215.97,UPI,CUST0519
TXN002640,9/5/2025,Smartwatch,Electronics,East,Online,3,4358.65,13075.95,UPI,CUST0056
TXN001051,9/5/2025,Formal Shirt,Clothing,South,Offline,1,1070.67,1070.67,Credit Card,CUST0085
TXN000901,9/5/2025,Water Bottle,Home & Kitchen,West,Online,4,162.18,648.72,UPI,CUST0848
TXN004991,9/5/2025,Sugar 1kg,Grocery,West,Online,1,58.59,58.59,UPI,CUST0628
TXN000143,9/5/2025,Basmati Rice 5kg,Grocery,West,Online,3,509.15,1527.45,Credit Card,CUST0285
TXN000484,9/5/2025,Tea Powder 500g,Grocery,North,Online,1,320.4,320.4,UPI,CUST0243
TXN004418,9/5/2025,Basmati Rice 5kg,Grocery,South,Online,4,641.87,2567.48,Credit Card,CUST0850
TXN005859,9/5/2025,Basmati Rice 5kg,Grocery,South,Online,1,519.97,519.97,Credit Card,CUST0898
TXN004301,9/5/2025,Laptop Bag,Electronics,East,Online,4,1207.26,4829.04,Cash,CUST0273
TXN003805,9/5/2025,Sugar 1kg,Grocery,West,Online,2,50.38,100.76,Credit Card,CUST0386
TXN000058,9/5/2025,Perfume 100ml,Beauty & Personal Care,South,Offline,2,1210.82,2421.64,UPI,CUST0049
TXN002182,9/6/2025,Perfume 100ml,Beauty & Personal Care,West,Online,1,1971.1,1971.1,UPI,CUST0790
TXN005681,9/6/2025,Sugar 1kg,Grocery,East,Offline,1,57.89,57.89,Cash,CUST0788
TXN005954,9/6/2025,Non-Stick Pan,Home & Kitchen,East,Offline,1,1010.15,1010.15,Credit Card,CUST0696
TXN004553,9/6/2025,Hair Oil,Beauty & Personal Care,East,Online,1,318.21,318.21,UPI,CUST0201
TXN000269,9/6/2025,Water Bottle,Home & Kitchen,South,Online,4,415.07,1660.28,UPI,CUST0004
TXN003618,9/6/2025,Sugar 1kg,Grocery,South,Online,5,53.35,266.75,UPI,CUST0799
TXN001869,9/6/2025,Non-Stick Pan,Home & Kitchen,East,Online,1,610.22,610.22,Cash,CUST0453
TXN004024,9/6/2025,LED Bulb Pack,Home & Kitchen,North,Online,1,347.37,347.37,Credit Card,CUST0787
TXN005245,9/6/2025,Face Wash,Beauty & Personal Care,North,Offline,1,403.66,403.66,Credit Card,CUST0698
TXN000896,9/6/2025,Water Bottle,Home & Kitchen,South,Online,2,192.22,384.44,UPI,CUST0081
TXN003948,9/6/2025,Pressure Cooker,Home & Kitchen,North,Online,1,1137.76,1137.76,Credit Card,CUST0136
TXN002695,9/6/2025,Smartwatch,Electronics,West,Online,3,2396.05,7188.15,UPI,CUST0446
TXN004909,9/6/2025,Men's T-Shirt,Clothing,North,Online,1,753.74,753.74,Cash,CUST0535
TXN000055,9/6/2025,Body Lotion,Beauty & Personal Care,North,Online,2,276.74,553.48,UPI,CUST0390
TXN000959,9/7/2025,Tea Powder 500g,Grocery,South,Offline,1,299.85,299.85,UPI,CUST0750
TXN004863,9/7/2025,Power Bank 10000mAh,Electronics,South,Offline,3,1062.47,3187.41,UPI,CUST0837
TXN002934,9/7/2025,Hair Oil,Beauty & Personal Care,West,Online,1,285.57,285.57,UPI,CUST0359
TXN000696,9/7/2025,Shampoo 400ml,Beauty & Personal Care,East,Online,1,453.23,453.23,UPI,CUST0509
TXN001039,9/7/2025,LED Bulb Pack,Home & Kitchen,East,Online,3,235.39,706.17,Net Banking,CUST0451
TXN004868,9/7/2025,Wheat Flour 5kg,Grocery,East,Online,2,307.57,615.14,UPI,CUST0065
TXN004631,9/7/2025,Water Bottle,Home & Kitchen,South,Online,1,472.22,472.22,Cash,CUST0486
TXN004828,9/7/2025,Body Lotion,Beauty & Personal Care,East,Online,4,337.95,1351.8,UPI,CUST0093
TXN002952,9/7/2025,Tea Powder 500g,Grocery,East,Offline,2,199.78,399.56,UPI,CUST0114
TXN004144,9/7/2025,Denim Jeans,Clothing,South,Online,2,891.44,1782.88,UPI,CUST0570
TXN005083,9/7/2025,Pressure Cooker,Home & Kitchen,South,Offline,3,2112.99,6338.97,Credit Card,CUST0852
TXN000432,9/7/2025,Tea Powder 500g,Grocery,West,Online,1,300.45,300.45,Credit Card,CUST0630
TXN004413,9/7/2025,Water Bottle,Home & Kitchen,West,Online,4,430.79,1723.16,Credit Card,CUST0818
TXN004097,9/8/2025,Hair Oil,Beauty & Personal Care,South,Offline,1,224.26,224.26,Net Banking,CUST0116
TXN000490,9/8/2025,Power Bank 10000mAh,Electronics,South,Online,3,946.38,2839.14,UPI,CUST0413
TXN004102,9/8/2025,Shampoo 400ml,Beauty & Personal Care,South,Offline,1,278.38,278.38,Cash,CUST0433
TXN003255,9/8/2025,Denim Jeans,Clothing,South,Online,2,1996.44,3992.88,Net Banking,CUST0242
TXN000549,9/8/2025,LED Bulb Pack,Home & Kitchen,East,Offline,1,208.5,208.5,Credit Card,CUST0840
TXN003450,9/8/2025,Power Bank 10000mAh,Electronics,North,Online,4,799.95,3199.8,Cash,CUST0536
TXN002619,9/8/2025,Body Lotion,Beauty & Personal Care,North,Offline,1,272.38,272.38,Credit Card,CUST0070
TXN002169,9/8/2025,LED Bulb Pack,Home & Kitchen,West,Online,1,234.32,234.32,Cash,CUST0241
TXN001668,9/8/2025,Bed Sheet Set,Home & Kitchen,West,Offline,1,1450.01,1450.01,Credit Card,CUST0257
TXN001458,9/8/2025,LED TV 32in,Electronics,South,Online,1,10949.17,10949.17,Credit Card,CUST0063
TXN004908,9/8/2025,Formal Shirt,Clothing,North,Offline,2,886.77,1773.54,UPI,CUST0877
TXN005830,9/8/2025,Body Lotion,Beauty & Personal Care,East,Online,1,365.67,365.67,Cash,CUST0718
TXN003620,9/8/2025,Winter Jacket,Clothing,South,Online,1,3381.74,3381.74,Net Banking,CUST0024
TXN001887,9/8/2025,Wheat Flour 5kg,Grocery,East,Online,1,289.66,289.66,UPI,CUST0852
TXN003507,9/8/2025,Bed Sheet Set,Home & Kitchen,West,Online,2,1213.35,2426.7,UPI,CUST0844
TXN003899,9/9/2025,Toor Dal 1kg,Grocery,East,Offline,1,141,141,UPI,CUST0119
TXN002887,9/9/2025,Non-Stick Pan,Home & Kitchen,South,Online,1,417.53,417.53,Net Banking,CUST0508
TXN001975,9/9/2025,Winter Jacket,Clothing,East,Online,1,2712.15,2712.15,UPI,CUST0693
TXN005168,9/9/2025,Winter Jacket,Clothing,West,Online,1,2628.65,2628.65,Cash,CUST0306
TXN001776,9/9/2025,Toor Dal 1kg,Grocery,East,Online,1,141.49,141.49,Credit Card,CUST0262
TXN000993,9/9/2025,Laptop Bag,Electronics,North,Online,1,1249.19,1249.19,Credit Card,CUST0716
TXN000527,9/9/2025,Bluetooth Speaker,Electronics,East,Offline,1,1350.59,1350.59,UPI,CUST0003
TXN000680,9/9/2025,Women's Kurti,Clothing,East,Offline,1,913.04,913.04,Credit Card,CUST0486
TXN000337,9/9/2025,Face Wash,Beauty & Personal Care,South,Online,1,184.19,184.19,Cash,CUST0770
TXN002234,9/9/2025,Pressure Cooker,Home & Kitchen,East,Online,1,1218.34,1218.34,Credit Card,CUST0486
TXN002637,9/9/2025,Kids Hoodie,Clothing,West,Online,3,708.28,2124.84,Net Banking,CUST0242
TXN000658,9/9/2025,Women's Kurti,Clothing,East,Offline,4,589.59,2358.36,Credit Card,CUST0384
TXN004734,9/10/2025,LED TV 32in,Electronics,North,Offline,2,9162.09,18324.18,Credit Card,CUST0183
TXN000136,9/10/2025,Body Lotion,Beauty & Personal Care,East,Online,1,347.43,347.43,Credit Card,CUST0599
TXN002561,9/10/2025,Sugar 1kg,Grocery,North,Online,3,56.74,170.22,Net Banking,CUST0253
TXN000339,9/10/2025,Pressure Cooker,Home & Kitchen,East,Offline,4,1844.27,7377.08,UPI,CUST0862
TXN000958,9/10/2025,Sunscreen SPF50,Beauty & Personal Care,North,Online,3,681.91,2045.73,Credit Card,CUST0419
TXN000026,9/10/2025,Men's T-Shirt,Clothing,East,Online,2,737.45,1474.9,Cash,CUST0024
TXN004792,9/10/2025,LED TV 32in,Electronics,West,Offline,2,13236.71,26473.42,Credit Card,CUST0151
TXN000324,9/10/2025,Winter Jacket,Clothing,South,Offline,3,3028.6,9085.8,Credit Card,CUST0839
TXN003157,9/10/2025,Water Bottle,Home & Kitchen,South,Offline,1,293.5,293.5,UPI,CUST0728
TXN003459,9/10/2025,Denim Jeans,Clothing,East,Offline,1,1329.97,1329.97,Net Banking,CUST0505
TXN005371,9/10/2025,Pressure Cooker,Home & Kitchen,East,Offline,2,1965.73,3931.46,UPI,CUST0318
TXN000859,9/10/2025,Smartwatch,Electronics,South,Offline,2,2577.53,5155.06,Cash,CUST0108
TXN005476,9/10/2025,Denim Jeans,Clothing,East,Online,1,1514.2,1514.2,Credit Card,CUST0039
TXN002107,9/10/2025,Water Bottle,Home & Kitchen,East,Offline,2,299.08,598.16,Credit Card,CUST0807
TXN002873,9/10/2025,Face Wash,Beauty & Personal Care,South,Online,2,173.3,346.6,UPI,CUST0314
TXN000697,9/10/2025,Hair Oil,Beauty & Personal Care,West,Offline,1,144.56,144.56,Credit Card,CUST0252
TXN005717,9/10/2025,Sunscreen SPF50,Beauty & Personal Care,South,Online,1,333.55,333.55,Credit Card,CUST0192
TXN004695,9/10/2025,Toor Dal 1kg,Grocery,East,Online,1,116.09,116.09,UPI,CUST0327
TXN004294,9/10/2025,Women's Kurti,Clothing,West,Online,2,1465.39,2930.78,UPI,CUST0823
TXN003839,9/11/2025,Wireless Earbuds,Electronics,North,Online,1,1977.93,1977.93,UPI,CUST0349
TXN003078,9/11/2025,Water Bottle,Home & Kitchen,South,Online,2,366.25,732.5,UPI,CUST0489
TXN005092,9/11/2025,Bluetooth Speaker,Electronics,North,Online,2,1516.57,3033.14,Cash,CUST0483
TXN000381,9/11/2025,LED TV 32in,Electronics,South,Online,3,15259.88,45779.64,Credit Card,CUST0532
TXN005695,9/11/2025,Kids Hoodie,Clothing,North,Online,5,1013.36,5066.8,Net Banking,CUST0662
TXN001284,9/11/2025,Smartwatch,Electronics,South,Offline,1,5126.47,5126.47,Cash,CUST0273
TXN005784,9/11/2025,Bluetooth Speaker,Electronics,South,Offline,1,3439.7,3439.7,UPI,CUST0277
TXN004201,9/11/2025,Denim Jeans,Clothing,South,Online,4,2197.09,8788.36,UPI,CUST0411
TXN004363,9/11/2025,Wireless Earbuds,Electronics,South,Online,3,3657.37,10972.11,Cash,CUST0497
TXN005689,9/11/2025,Formal Shirt,Clothing,East,Offline,4,960.75,3843,Net Banking,CUST0184
TXN003212,9/11/2025,Bed Sheet Set,Home & Kitchen,South,Online,3,1237.8,3713.4,UPI,CUST0452
TXN004384,9/11/2025,Tea Powder 500g,Grocery,West,Online,4,328.85,1315.4,Cash,CUST0796
TXN002518,9/11/2025,Bluetooth Speaker,Electronics,West,Offline,1,2905.34,2905.34,UPI,CUST0555
TXN001082,9/11/2025,Bed Sheet Set,Home & Kitchen,East,Online,1,1366.64,1366.64,Credit Card,CUST0717
TXN000103,9/11/2025,Face Wash,Beauty & Personal Care,South,Offline,1,218.68,218.68,UPI,CUST0779
TXN005962,9/11/2025,Shampoo 400ml,Beauty & Personal Care,West,Online,1,377.75,377.75,UPI,CUST0808
TXN005963,9/11/2025,Bluetooth Speaker,Electronics,North,Offline,2,1907.01,3814.02,Credit Card,CUST0848
TXN000470,9/12/2025,Kids Hoodie,Clothing,West,Online,3,633.4,1900.2,Credit Card,CUST0227
TXN005258,9/12/2025,LED Bulb Pack,Home & Kitchen,East,Online,1,371.66,371.66,Credit Card,CUST0633
TXN004138,9/12/2025,Wheat Flour 5kg,Grocery,North,Online,1,230.88,230.88,Net Banking,CUST0864
TXN005947,9/12/2025,Formal Shirt,Clothing,West,Online,2,657.1,1314.2,UPI,CUST0389
TXN000864,9/12/2025,Sunflower Oil 1L,Grocery,East,Offline,1,172.27,172.27,UPI,CUST0446
TXN002698,9/12/2025,Bed Sheet Set,Home & Kitchen,East,Online,3,628.93,1886.79,UPI,CUST0490
TXN002034,9/12/2025,Non-Stick Pan,Home & Kitchen,West,Offline,3,970.98,2912.94,Credit Card,CUST0486
TXN005579,9/12/2025,LED Bulb Pack,Home & Kitchen,North,Offline,1,377.71,377.71,UPI,CUST0476
TXN002890,9/12/2025,Women's Kurti,Clothing,South,Offline,1,1430.93,1430.93,Cash,CUST0876
TXN001760,9/12/2025,Winter Jacket,Clothing,West,Offline,3,3214.61,9643.83,UPI,CUST0559
TXN003227,9/12/2025,Sunscreen SPF50,Beauty & Personal Care,West,Online,3,419.46,1258.38,Credit Card,CUST0578
TXN000483,9/12/2025,Wheat Flour 5kg,Grocery,West,Online,1,243.59,243.59,Credit Card,CUST0863
TXN004759,9/12/2025,Kids Hoodie,Clothing,West,Offline,3,775.03,2325.09,Credit Card,CUST0854
TXN004131,9/12/2025,Kids Hoodie,Clothing,South,Online,2,925.03,1850.06,UPI,CUST0273
TXN003392,9/13/2025,Basmati Rice 5kg,Grocery,North,Offline,1,591.42,591.42,Credit Card,CUST0074
TXN000213,9/13/2025,Toor Dal 1kg,Grocery,South,Offline,2,135.43,270.86,Credit Card,CUST0215
TXN004905,9/13/2025,Power Bank 10000mAh,Electronics,North,Offline,2,1480.68,2961.36,Credit Card,CUST0352
TXN001388,9/13/2025,Bluetooth Speaker,Electronics,East,Offline,2,2348.7,4697.4,Credit Card,CUST0304
TXN005758,9/13/2025,Women's Kurti,Clothing,East,Online,2,599.13,1198.26,Credit Card,CUST0288
TXN005836,9/13/2025,Hair Oil,Beauty & Personal Care,North,Offline,2,323.15,646.3,UPI,CUST0500
TXN002467,9/13/2025,Wireless Earbuds,Electronics,North,Offline,1,3884.51,3884.51,Net Banking,CUST0293
TXN004422,9/13/2025,Tea Powder 500g,Grocery,West,Online,2,274.59,549.18,Net Banking,CUST0257
TXN002967,9/13/2025,Toor Dal 1kg,Grocery,East,Online,3,170.45,511.35,UPI,CUST0385
TXN004637,9/13/2025,Toor Dal 1kg,Grocery,East,Offline,3,142.72,428.16,Credit Card,CUST0140
TXN004494,9/13/2025,Pressure Cooker,Home & Kitchen,South,Online,1,2034.99,2034.99,Net Banking,CUST0511
TXN000165,9/13/2025,Bed Sheet Set,Home & Kitchen,East,Offline,1,939.9,939.9,Credit Card,CUST0391
TXN000815,9/13/2025,Wireless Earbuds,Electronics,West,Online,1,3100.46,3100.46,UPI,CUST0054
TXN001179,9/13/2025,Sunscreen SPF50,Beauty & Personal Care,East,Offline,1,599.89,599.89,UPI,CUST0882
TXN001095,9/13/2025,Hair Oil,Beauty & Personal Care,East,Offline,5,274.08,1370.4,UPI,CUST0669
TXN004968,9/13/2025,Shampoo 400ml,Beauty & Personal Care,West,Online,4,483.62,1934.48,Credit Card,CUST0223
TXN002307,9/13/2025,Bed Sheet Set,Home & Kitchen,South,Online,2,1374.08,2748.16,Credit Card,CUST0766
TXN003730,9/13/2025,Smartwatch,Electronics,East,Offline,1,4442.1,4442.1,Credit Card,CUST0465
TXN002096,9/13/2025,Water Bottle,Home & Kitchen,West,Online,2,405.42,810.84,UPI,CUST0770
TXN004265,9/13/2025,Women's Kurti,Clothing,South,Online,1,835.64,835.64,Credit Card,CUST0140
TXN000191,9/13/2025,Formal Shirt,Clothing,East,Offline,4,794.02,3176.08,UPI,CUST0838
TXN003563,9/14/2025,Sunflower Oil 1L,Grocery,East,Offline,1,192.75,192.75,UPI,CUST0895
TXN005994,9/14/2025,Power Bank 10000mAh,Electronics,South,Online,1,928.39,928.39,UPI,CUST0359
TXN005393,9/14/2025,LED TV 32in,Electronics,South,Online,1,10351.31,10351.31,Credit Card,CUST0848
TXN000246,9/14/2025,Perfume 100ml,Beauty & Personal Care,East,Offline,3,966,2898,UPI,CUST0786
TXN004963,9/14/2025,Sunscreen SPF50,Beauty & Personal Care,South,Online,1,479.05,479.05,UPI,CUST0008
TXN004163,9/14/2025,Smartwatch,Electronics,East,Offline,3,4853.5,14560.5,Credit Card,CUST0454
TXN004399,9/14/2025,Non-Stick Pan,Home & Kitchen,East,Online,4,535.69,2142.76,UPI,CUST0396
TXN003102,9/14/2025,Sunflower Oil 1L,Grocery,South,Offline,3,132.8,398.4,Credit Card,CUST0718
TXN005713,9/14/2025,Body Lotion,Beauty & Personal Care,West,Online,1,341.2,341.2,Credit Card,CUST0236
TXN001758,9/14/2025,Mixer Grinder,Home & Kitchen,South,Online,2,2265.32,4530.64,Credit Card,CUST0757
TXN005634,9/14/2025,Formal Shirt,Clothing,West,Online,1,919.78,919.78,Credit Card,CUST0008
TXN000449,9/14/2025,Toor Dal 1kg,Grocery,East,Online,1,174.62,174.62,Cash,CUST0887
TXN001665,9/14/2025,Body Lotion,Beauty & Personal Care,North,Offline,1,263.5,263.5,Net Banking,CUST0377
TXN004191,9/14/2025,Body Lotion,Beauty & Personal Care,East,Online,3,204.62,613.86,Cash,CUST0036
TXN003665,9/14/2025,Mixer Grinder,Home & Kitchen,East,Offline,2,2524.58,5049.16,Credit Card,CUST0221
TXN003429,9/15/2025,Smartwatch,Electronics,North,Online,5,3261.85,16309.25,Credit Card,CUST0081
TXN004700,9/15/2025,Power Bank 10000mAh,Electronics,South,Offline,1,874.65,874.65,Credit Card,CUST0625
TXN001715,9/15/2025,Women's Kurti,Clothing,North,Online,5,596.97,2984.85,UPI,CUST0281
TXN004496,9/15/2025,Sunscreen SPF50,Beauty & Personal Care,North,Offline,4,553.64,2214.56,Cash,CUST0345
TXN005269,9/15/2025,Face Wash,Beauty & Personal Care,West,Online,1,364.01,364.01,Credit Card,CUST0053
TXN002997,9/15/2025,Women's Kurti,Clothing,East,Offline,2,979.06,1958.12,UPI,CUST0140
TXN003969,9/15/2025,Power Bank 10000mAh,Electronics,North,Offline,3,1217.53,3652.59,Net Banking,CUST0519
TXN005022,9/15/2025,Wireless Earbuds,Electronics,West,Online,1,2925.45,2925.45,Net Banking,CUST0859
TXN004667,9/15/2025,Tea Powder 500g,Grocery,South,Online,1,217.92,217.92,Cash,CUST0601
TXN001019,9/15/2025,Wireless Earbuds,Electronics,North,Online,2,2653.69,5307.38,UPI,CUST0365
TXN005615,9/15/2025,Face Wash,Beauty & Personal Care,West,Offline,1,381,381,Credit Card,CUST0464
TXN003566,9/16/2025,Men's T-Shirt,Clothing,East,Offline,2,838.33,1676.66,Credit Card,CUST0367
TXN003221,9/16/2025,Wireless Earbuds,Electronics,East,Online,1,1269.59,1269.59,Net Banking,CUST0265
TXN000343,9/16/2025,LED TV 32in,Electronics,East,Offline,2,12464.79,24929.58,Net Banking,CUST0684
TXN003453,9/16/2025,Non-Stick Pan,Home & Kitchen,West,Offline,3,1192.09,3576.27,Credit Card,CUST0386
TXN000488,9/16/2025,Pressure Cooker,Home & Kitchen,North,Online,1,946.11,946.11,Cash,CUST0126
TXN002635,9/16/2025,Hair Oil,Beauty & Personal Care,North,Online,2,158.49,316.98,UPI,CUST0222
TXN001172,9/16/2025,Tea Powder 500g,Grocery,West,Offline,1,256.29,256.29,Credit Card,CUST0470
TXN005135,9/16/2025,Shampoo 400ml,Beauty & Personal Care,East,Online,5,483.74,2418.7,Net Banking,CUST0541
TXN001199,9/16/2025,Men's T-Shirt,Clothing,South,Offline,1,308.19,308.19,Credit Card,CUST0713
TXN000306,9/16/2025,Women's Kurti,Clothing,South,Offline,1,1424.16,1424.16,UPI,CUST0684
TXN000846,9/16/2025,Shampoo 400ml,Beauty & Personal Care,North,Offline,2,276.34,552.68,UPI,CUST0442
TXN001857,9/16/2025,Bed Sheet Set,Home & Kitchen,South,Offline,2,1656.76,3313.52,Cash,CUST0428
TXN004756,9/16/2025,Hair Oil,Beauty & Personal Care,South,Online,1,218.15,218.15,UPI,CUST0122
TXN004942,9/16/2025,Pressure Cooker,Home & Kitchen,West,Online,1,1518.56,1518.56,UPI,CUST0139
TXN004133,9/16/2025,Sugar 1kg,Grocery,South,Online,1,41.61,41.61,Credit Card,CUST0500
TXN005790,9/16/2025,Sunscreen SPF50,Beauty & Personal Care,North,Online,3,496.03,1488.09,Cash,CUST0070
TXN000444,9/16/2025,Basmati Rice 5kg,Grocery,West,Offline,3,650.38,1951.14,Credit Card,CUST0639
TXN002420,9/17/2025,Power Bank 10000mAh,Electronics,East,Online,1,1671.81,1671.81,UPI,CUST0685
TXN003417,9/17/2025,Sugar 1kg,Grocery,East,Online,1,54.86,54.86,Net Banking,CUST0632
TXN002374,9/17/2025,Bluetooth Speaker,Electronics,South,Online,1,2582.36,2582.36,UPI,CUST0479
TXN000560,9/17/2025,Shampoo 400ml,Beauty & Personal Care,South,Offline,2,264.65,529.3,Credit Card,CUST0560
TXN003161,9/17/2025,Sunflower Oil 1L,Grocery,West,Offline,2,140.51,281.02,UPI,CUST0266
TXN000040,9/17/2025,Bluetooth Speaker,Electronics,South,Online,1,1988.62,1988.62,Credit Card,CUST0508
TXN004267,9/17/2025,Laptop Bag,Electronics,West,Online,2,1640.98,3281.96,UPI,CUST0198
TXN003735,9/17/2025,Body Lotion,Beauty & Personal Care,North,Offline,1,459.05,459.05,Credit Card,CUST0132
TXN001949,9/17/2025,Men's T-Shirt,Clothing,East,Online,5,520.06,2600.3,Credit Card,CUST0500
TXN001235,9/17/2025,Winter Jacket,Clothing,West,Online,4,2774.16,11096.64,Credit Card,CUST0631
TXN002207,9/17/2025,Smartwatch,Electronics,West,Offline,1,2461.1,2461.1,UPI,CUST0633
TXN003408,9/17/2025,Hair Oil,Beauty & Personal Care,West,Online,1,134.95,134.95,Net Banking,CUST0535
TXN003728,9/18/2025,Wheat Flour 5kg,Grocery,South,Offline,4,318.68,1274.72,UPI,CUST0453
TXN004763,9/18/2025,Wireless Earbuds,Electronics,North,Online,2,1691.82,3383.64,Cash,CUST0721
TXN002684,9/18/2025,Laptop Bag,Electronics,South,Online,1,1117.95,1117.95,Credit Card,CUST0767
TXN005018,9/18/2025,LED Bulb Pack,Home & Kitchen,East,Offline,3,379.19,1137.57,Credit Card,CUST0569
TXN005802,9/18/2025,Laptop Bag,Electronics,West,Online,1,1445.84,1445.84,Credit Card,CUST0662
TXN004869,9/18/2025,Body Lotion,Beauty & Personal Care,South,Online,1,338.01,338.01,Credit Card,CUST0249
TXN004870,9/18/2025,Kids Hoodie,Clothing,South,Offline,1,740.06,740.06,Credit Card,CUST0809
TXN000244,9/18/2025,Tea Powder 500g,Grocery,South,Online,5,266.74,1333.7,UPI,CUST0500
TXN002245,9/18/2025,Pressure Cooker,Home & Kitchen,East,Online,1,1192.82,1192.82,Credit Card,CUST0249
TXN003560,9/18/2025,Perfume 100ml,Beauty & Personal Care,South,Online,3,1297.11,3891.33,UPI,CUST0489
TXN004527,9/18/2025,Tea Powder 500g,Grocery,South,Online,1,230.51,230.51,Credit Card,CUST0880
TXN003635,9/18/2025,Winter Jacket,Clothing,West,Offline,2,2704.67,5409.34,Cash,CUST0493
TXN000613,9/18/2025,Bluetooth Speaker,Electronics,North,Offline,1,2430.73,2430.73,Credit Card,CUST0848
TXN000673,9/18/2025,Women's Kurti,Clothing,North,Offline,1,638.11,638.11,UPI,CUST0652
TXN004474,9/18/2025,Bed Sheet Set,Home & Kitchen,South,Online,1,1552.19,1552.19,Cash,CUST0696
TXN004930,9/18/2025,Winter Jacket,Clothing,East,Online,2,2977.67,5955.34,UPI,CUST0479
TXN001883,9/18/2025,Body Lotion,Beauty & Personal Care,South,Offline,2,502.97,1005.94,Cash,CUST0877
TXN005415,9/18/2025,LED TV 32in,Electronics,South,Online,3,10958.81,32876.43,Credit Card,CUST0256
TXN005217,9/18/2025,Winter Jacket,Clothing,North,Offline,1,1482.63,1482.63,Credit Card,CUST0560
TXN000650,9/19/2025,Shampoo 400ml,Beauty & Personal Care,North,Offline,1,444.23,444.23,UPI,CUST0536
TXN001735,9/19/2025,Sugar 1kg,Grocery,East,Offline,3,42.58,127.74,Credit Card,CUST0620
TXN005744,9/19/2025,Perfume 100ml,Beauty & Personal Care,East,Offline,1,1715.15,1715.15,UPI,CUST0798
TXN002678,9/19/2025,Tea Powder 500g,Grocery,West,Online,1,161.32,161.32,UPI,CUST0446
TXN002383,9/19/2025,LED Bulb Pack,Home & Kitchen,South,Offline,3,153.05,459.15,Net Banking,CUST0760
TXN004072,9/19/2025,Women's Kurti,Clothing,South,Online,4,1186.99,4747.96,UPI,CUST0800
TXN004008,9/19/2025,Bed Sheet Set,Home & Kitchen,South,Online,2,684.66,1369.32,UPI,CUST0197
TXN004948,9/19/2025,Toor Dal 1kg,Grocery,North,Offline,1,116.65,116.65,UPI,CUST0650
TXN000021,9/19/2025,Pressure Cooker,Home & Kitchen,East,Online,5,2386.26,11931.3,UPI,CUST0775
TXN002318,9/19/2025,Hair Oil,Beauty & Personal Care,North,Offline,3,321.2,963.6,UPI,CUST0002
TXN000850,9/19/2025,Bed Sheet Set,Home & Kitchen,South,Online,1,1017.85,1017.85,Credit Card,CUST0132
TXN005384,9/19/2025,Bed Sheet Set,Home & Kitchen,South,Offline,1,1593.69,1593.69,UPI,CUST0622
TXN002435,9/19/2025,Wireless Earbuds,Electronics,North,Online,1,3427.23,3427.23,Credit Card,CUST0796
TXN000948,9/19/2025,Sunscreen SPF50,Beauty & Personal Care,West,Offline,1,553.21,553.21,Net Banking,CUST0189
TXN000747,9/19/2025,Body Lotion,Beauty & Personal Care,East,Online,1,432.11,432.11,Cash,CUST0122
TXN001025,9/19/2025,Mixer Grinder,Home & Kitchen,West,Offline,5,2409.2,12046,UPI,CUST0710
TXN002021,9/19/2025,Tea Powder 500g,Grocery,South,Online,1,262.49,262.49,Cash,CUST0295
TXN003938,9/19/2025,Wireless Earbuds,Electronics,West,Offline,1,1523.92,1523.92,UPI,CUST0386
TXN000809,9/19/2025,Denim Jeans,Clothing,North,Offline,2,1338.83,2677.66,Credit Card,CUST0532
TXN000647,9/19/2025,Denim Jeans,Clothing,East,Offline,1,1880.13,1880.13,Credit Card,CUST0718
TXN004050,9/19/2025,Bed Sheet Set,Home & Kitchen,North,Online,5,897.38,4486.9,UPI,CUST0752
TXN000250,9/20/2025,Pressure Cooker,Home & Kitchen,West,Online,3,1929.29,5787.87,UPI,CUST0772
TXN002171,9/20/2025,Body Lotion,Beauty & Personal Care,East,Online,4,587.05,2348.2,Net Banking,CUST0616
TXN003364,9/20/2025,Formal Shirt,Clothing,West,Offline,3,943.95,2831.85,Net Banking,CUST0361
TXN004076,9/20/2025,Water Bottle,Home & Kitchen,South,Online,1,294.15,294.15,UPI,CUST0409
TXN005497,9/20/2025,Shampoo 400ml,Beauty & Personal Care,West,Online,2,211.77,423.54,UPI,CUST0451
TXN004189,9/20/2025,Wheat Flour 5kg,Grocery,South,Offline,4,305.22,1220.88,UPI,CUST0508
TXN000918,9/20/2025,Sugar 1kg,Grocery,North,Online,1,46.46,46.46,Credit Card,CUST0681
TXN005989,9/20/2025,Kids Hoodie,Clothing,South,Online,1,1067.63,1067.63,UPI,CUST0141
TXN004311,9/20/2025,Bluetooth Speaker,Electronics,West,Online,2,2809.5,5619,UPI,CUST0844
TXN002863,9/20/2025,Pressure Cooker,Home & Kitchen,West,Offline,3,1575.18,4725.54,Net Banking,CUST0476
TXN004121,9/20/2025,Kids Hoodie,Clothing,West,Offline,4,504.83,2019.32,UPI,CUST0570
TXN005419,9/20/2025,Smartwatch,Electronics,West,Offline,3,5945.82,17837.46,UPI,CUST0550
TXN002139,9/20/2025,Smartwatch,Electronics,East,Offline,3,5795.88,17387.64,Net Banking,CUST0065
TXN003510,9/20/2025,Body Lotion,Beauty & Personal Care,East,Offline,3,480.55,1441.65,Credit Card,CUST0492
TXN001367,9/21/2025,Pressure Cooker,Home & Kitchen,East,Offline,1,1742.51,1742.51,UPI,CUST0518
TXN001590,9/21/2025,Toor Dal 1kg,Grocery,East,Offline,1,130.64,130.64,Cash,CUST0350
TXN001643,9/21/2025,Basmati Rice 5kg,Grocery,East,Online,1,404.52,404.52,UPI,CUST0753
TXN004012,9/21/2025,Smartwatch,Electronics,South,Online,1,3948.94,3948.94,Net Banking,CUST0492
TXN000354,9/21/2025,Bed Sheet Set,Home & Kitchen,East,Offline,1,1499.76,1499.76,UPI,CUST0120
TXN000789,9/21/2025,Bluetooth Speaker,Electronics,East,Offline,2,1852.58,3705.16,UPI,CUST0525
TXN003917,9/21/2025,Sunscreen SPF50,Beauty & Personal Care,North,Online,1,483.8,483.8,UPI,CUST0808
TXN003617,9/21/2025,Water Bottle,Home & Kitchen,South,Online,3,171.89,515.67,Cash,CUST0472
TXN001215,9/21/2025,Smartwatch,Electronics,North,Offline,1,4177.93,4177.93,Credit Card,CUST0555
TXN004918,9/21/2025,Winter Jacket,Clothing,West,Offline,1,2036.02,2036.02,Cash,CUST0509
TXN002877,9/21/2025,Pressure Cooker,Home & Kitchen,South,Offline,1,1375.1,1375.1,UPI,CUST0732
TXN003605,9/21/2025,Wireless Earbuds,Electronics,North,Online,3,3400.57,10201.71,UPI,CUST0448
TXN002719,9/21/2025,Bluetooth Speaker,Electronics,North,Online,2,2685.25,5370.5,Credit Card,CUST0711
TXN005215,9/21/2025,Wireless Earbuds,Electronics,West,Offline,1,1428.11,1428.11,Net Banking,CUST0249
TXN003931,9/21/2025,Water Bottle,Home & Kitchen,South,Offline,5,303.99,1519.95,Net Banking,CUST0711
TXN003040,9/21/2025,Wheat Flour 5kg,Grocery,East,Online,1,206.78,206.78,UPI,CUST0390
TXN003713,9/21/2025,Tea Powder 500g,Grocery,East,Online,1,226.39,226.39,Credit Card,CUST0445
TXN002104,9/21/2025,Basmati Rice 5kg,Grocery,South,Offline,1,399.86,399.86,Net Banking,CUST0533
TXN000616,9/21/2025,Mixer Grinder,Home & Kitchen,East,Online,3,4256.88,12770.64,Credit Card,CUST0008
TXN001836,9/21/2025,LED TV 32in,Electronics,East,Online,2,15205.08,30410.16,UPI,CUST0703
TXN000106,9/21/2025,LED TV 32in,Electronics,West,Online,4,11308.63,45234.52,UPI,CUST0560
TXN002899,9/21/2025,Sunscreen SPF50,Beauty & Personal Care,South,Offline,1,316.01,316.01,Credit Card,CUST0163
TXN005123,9/21/2025,Wheat Flour 5kg,Grocery,West,Offline,2,347.85,695.7,UPI,CUST0762
TXN000442,9/21/2025,Pressure Cooker,Home & Kitchen,North,Online,1,1873.85,1873.85,Credit Card,CUST0421
TXN002894,9/22/2025,LED Bulb Pack,Home & Kitchen,North,Online,1,201.56,201.56,UPI,CUST0654
TXN003492,9/22/2025,Kids Hoodie,Clothing,West,Online,1,876.73,876.73,Credit Card,CUST0482
TXN004586,9/22/2025,Smartwatch,Electronics,North,Online,1,4483.38,4483.38,Net Banking,CUST0887
TXN005386,9/22/2025,Power Bank 10000mAh,Electronics,West,Online,1,1387.53,1387.53,UPI,CUST0502
TXN001511,9/22/2025,Face Wash,Beauty & Personal Care,North,Online,2,163.18,326.36,Credit Card,CUST0585
TXN005398,9/22/2025,Sunscreen SPF50,Beauty & Personal Care,East,Offline,1,251.7,251.7,UPI,CUST0077
TXN005347,9/22/2025,Sunscreen SPF50,Beauty & Personal Care,East,Online,3,699.5,2098.5,Credit Card,CUST0158
TXN002662,9/22/2025,Basmati Rice 5kg,Grocery,South,Offline,4,568.21,2272.84,Credit Card,CUST0733
TXN000664,9/22/2025,LED TV 32in,Electronics,North,Offline,1,10988.09,10988.09,Credit Card,CUST0253
TXN001102,9/22/2025,Sunflower Oil 1L,Grocery,East,Online,5,200.15,1000.75,Net Banking,CUST0235
TXN000396,9/22/2025,Tea Powder 500g,Grocery,East,Online,2,315.28,630.56,Credit Card,CUST0192
TXN000805,9/22/2025,Bluetooth Speaker,Electronics,South,Offline,1,2106.94,2106.94,UPI,CUST0402
TXN002028,9/22/2025,Formal Shirt,Clothing,East,Online,1,1052.36,1052.36,Credit Card,CUST0882
TXN003627,9/22/2025,Bluetooth Speaker,Electronics,North,Offline,2,2958.38,5916.76,UPI,CUST0663
TXN003437,9/22/2025,Men's T-Shirt,Clothing,South,Offline,1,322.39,322.39,UPI,CUST0523
TXN001774,9/22/2025,Wireless Earbuds,Electronics,West,Offline,1,2982.9,2982.9,Cash,CUST0192
TXN004642,9/22/2025,LED Bulb Pack,Home & Kitchen,East,Online,2,242.88,485.76,Credit Card,CUST0551
TXN002067,9/22/2025,Hair Oil,Beauty & Personal Care,East,Offline,5,216.42,1082.1,Credit Card,CUST0639
TXN002538,9/22/2025,Men's T-Shirt,Clothing,East,Online,5,325.18,1625.9,UPI,CUST0520
TXN005345,9/22/2025,Body Lotion,Beauty & Personal Care,West,Offline,1,293.66,293.66,Net Banking,CUST0676
TXN004080,9/22/2025,Sunscreen SPF50,Beauty & Personal Care,West,Online,3,691.44,2074.32,Credit Card,CUST0039
TXN004602,9/22/2025,Pressure Cooker,Home & Kitchen,South,Online,1,1717.19,1717.19,Net Banking,CUST0051
TXN000332,9/22/2025,Wheat Flour 5kg,Grocery,West,Online,2,265.72,531.44,Cash,CUST0220
TXN003580,9/22/2025,Water Bottle,Home & Kitchen,North,Online,1,222.17,222.17,Credit Card,CUST0508
TXN003815,9/23/2025,Pressure Cooker,Home & Kitchen,East,Offline,1,939.2,939.2,Credit Card,CUST0465
TXN004387,9/23/2025,Pressure Cooker,Home & Kitchen,East,Online,1,1184.53,1184.53,Credit Card,CUST0881
TXN001728,9/23/2025,Power Bank 10000mAh,Electronics,South,Offline,1,1107.91,1107.91,UPI,CUST0583
TXN002917,9/23/2025,LED Bulb Pack,Home & Kitchen,East,Offline,1,238.71,238.71,UPI,CUST0326
TXN000375,9/23/2025,Body Lotion,Beauty & Personal Care,West,Offline,2,226.45,452.9,UPI,CUST0442
TXN002879,9/23/2025,Water Bottle,Home & Kitchen,East,Offline,2,267.08,534.16,Credit Card,CUST0559
TXN005664,9/23/2025,Face Wash,Beauty & Personal Care,North,Online,1,417.57,417.57,UPI,CUST0508
TXN000003,9/23/2025,Perfume 100ml,Beauty & Personal Care,East,Offline,1,2150.47,2150.47,UPI,CUST0177
TXN005173,9/23/2025,Winter Jacket,Clothing,North,Offline,1,2242.91,2242.91,Net Banking,CUST0160
TXN005116,9/23/2025,Men's T-Shirt,Clothing,South,Online,4,500.25,2001,Net Banking,CUST0672
TXN003712,9/23/2025,Non-Stick Pan,Home & Kitchen,North,Offline,1,452.65,452.65,UPI,CUST0056
TXN000410,9/23/2025,LED Bulb Pack,Home & Kitchen,South,Offline,1,229.5,229.5,Credit Card,CUST0725
TXN004323,9/23/2025,LED TV 32in,Electronics,South,Online,1,11466.08,11466.08,Net Banking,CUST0158
TXN005955,9/23/2025,Tea Powder 500g,Grocery,West,Online,1,218.77,218.77,Net Banking,CUST0018
TXN001854,9/23/2025,Bluetooth Speaker,Electronics,East,Offline,1,2126.9,2126.9,Cash,CUST0314
TXN002066,9/23/2025,Hair Oil,Beauty & Personal Care,South,Online,1,160.36,160.36,Credit Card,CUST0610
TXN000656,9/23/2025,Pressure Cooker,Home & Kitchen,South,Online,1,1595.19,1595.19,Credit Card,CUST0200
TXN000116,9/23/2025,LED Bulb Pack,Home & Kitchen,West,Offline,4,367.4,1469.6,Cash,CUST0816
TXN003685,9/24/2025,Perfume 100ml,Beauty & Personal Care,North,Offline,4,1594.71,6378.84,Credit Card,CUST0595
TXN005040,9/24/2025,Denim Jeans,Clothing,West,Online,1,1247.78,1247.78,Credit Card,CUST0257
TXN003470,9/24/2025,Perfume 100ml,Beauty & Personal Care,West,Offline,1,729.52,729.52,UPI,CUST0179
TXN000902,9/24/2025,Power Bank 10000mAh,Electronics,South,Offline,1,1402.84,1402.84,Credit Card,CUST0653
TXN005073,9/24/2025,Toor Dal 1kg,Grocery,East,Online,1,126.68,126.68,UPI,CUST0718
TXN000274,9/24/2025,LED TV 32in,Electronics,East,Online,1,11965.88,11965.88,Credit Card,CUST0244
TXN000128,9/24/2025,Winter Jacket,Clothing,South,Online,1,1880.51,1880.51,Cash,CUST0752
TXN001175,9/24/2025,Formal Shirt,Clothing,North,Online,2,1128.96,2257.92,UPI,CUST0786
TXN003517,9/24/2025,Perfume 100ml,Beauty & Personal Care,North,Offline,2,2045.89,4091.78,Net Banking,CUST0387
TXN000220,9/24/2025,Toor Dal 1kg,Grocery,East,Online,4,159.83,639.32,Net Banking,CUST0122
TXN002454,9/24/2025,Non-Stick Pan,Home & Kitchen,East,Offline,1,1010.55,1010.55,UPI,CUST0463
TXN001764,9/24/2025,Winter Jacket,Clothing,East,Offline,2,2645.97,5291.94,Cash,CUST0578
TXN005833,9/24/2025,Kids Hoodie,Clothing,West,Offline,2,799.62,1599.24,Credit Card,CUST0826
TXN003283,9/24/2025,Hair Oil,Beauty & Personal Care,East,Online,1,217.03,217.03,Cash,CUST0582
TXN001856,9/24/2025,Hair Oil,Beauty & Personal Care,East,Online,1,107.76,107.76,Credit Card,CUST0264
TXN001346,9/24/2025,Toor Dal 1kg,Grocery,West,Offline,1,145.23,145.23,UPI,CUST0472
TXN001622,9/24/2025,Sugar 1kg,Grocery,North,Online,3,41.36,124.08,Credit Card,CUST0128
TXN002983,9/24/2025,Formal Shirt,Clothing,South,Online,2,652.33,1304.66,Credit Card,CUST0849
TXN002236,9/24/2025,Bed Sheet Set,Home & Kitchen,South,Online,2,1596.83,3193.66,UPI,CUST0532
TXN001866,9/24/2025,Women's Kurti,Clothing,West,Offline,1,944.67,944.67,UPI,CUST0849
TXN003849,9/24/2025,Bluetooth Speaker,Electronics,North,Online,1,3379.79,3379.79,Net Banking,CUST0365
TXN003141,9/24/2025,Bed Sheet Set,Home & Kitchen,North,Offline,2,1438.49,2876.98,Credit Card,CUST0772
TXN001699,9/25/2025,Denim Jeans,Clothing,North,Online,1,1958.43,1958.43,UPI,CUST0261
TXN003479,9/25/2025,Kids Hoodie,Clothing,South,Online,2,550.47,1100.94,Credit Card,CUST0140
TXN003080,9/25/2025,Men's T-Shirt,Clothing,South,Online,2,330.84,661.68,Credit Card,CUST0394
TXN001722,9/25/2025,Face Wash,Beauty & Personal Care,South,Online,4,318.9,1275.6,UPI,CUST0797
TXN000782,9/25/2025,Power Bank 10000mAh,Electronics,East,Offline,4,750.38,3001.52,Cash,CUST0870
TXN001145,9/25/2025,Sunflower Oil 1L,Grocery,West,Online,1,186.54,186.54,UPI,CUST0767
TXN001159,9/25/2025,LED Bulb Pack,Home & Kitchen,North,Online,1,399.99,399.99,UPI,CUST0552
TXN001248,9/25/2025,Power Bank 10000mAh,Electronics,North,Online,5,1108.85,5544.25,Credit Card,CUST0325
TXN002394,9/25/2025,LED TV 32in,Electronics,North,Online,1,15629.17,15629.17,Credit Card,CUST0483
TXN002375,9/25/2025,Smartwatch,Electronics,West,Online,2,2026.73,4053.46,Net Banking,CUST0746
TXN004164,9/25/2025,Water Bottle,Home & Kitchen,West,Online,3,398.83,1196.49,UPI,CUST0297
TXN003536,9/25/2025,Power Bank 10000mAh,Electronics,South,Offline,2,719,1438,Cash,CUST0257
TXN000377,9/25/2025,Face Wash,Beauty & Personal Care,West,Offline,1,362.37,362.37,UPI,CUST0230
TXN005763,9/25/2025,Body Lotion,Beauty & Personal Care,West,Online,2,422.46,844.92,Cash,CUST0315
TXN004934,9/25/2025,Women's Kurti,Clothing,North,Offline,3,1463.01,4389.03,Credit Card,CUST0397
TXN003689,9/26/2025,LED Bulb Pack,Home & Kitchen,West,Online,1,189.8,189.8,Net Banking,CUST0575
TXN000807,9/26/2025,Denim Jeans,Clothing,West,Offline,2,1226.77,2453.54,Credit Card,CUST0542
TXN000217,9/26/2025,Power Bank 10000mAh,Electronics,East,Online,1,1552.46,1552.46,Net Banking,CUST0088
TXN005160,9/26/2025,Sugar 1kg,Grocery,North,Online,3,50.08,150.24,Cash,CUST0742
TXN002799,9/26/2025,Perfume 100ml,Beauty & Personal Care,West,Online,1,838.55,838.55,Credit Card,CUST0826
TXN000578,9/26/2025,Wireless Earbuds,Electronics,South,Online,2,2505,5010,Cash,CUST0679
TXN000887,9/26/2025,LED Bulb Pack,Home & Kitchen,North,Online,1,154.65,154.65,UPI,CUST0539
TXN002915,9/26/2025,Winter Jacket,Clothing,West,Online,1,2238.1,2238.1,UPI,CUST0241
TXN004913,9/26/2025,Tea Powder 500g,Grocery,South,Online,1,177.32,177.32,Cash,CUST0732
TXN000350,9/26/2025,Women's Kurti,Clothing,South,Online,2,668.38,1336.76,UPI,CUST0532
TXN001905,9/26/2025,Basmati Rice 5kg,Grocery,West,Offline,2,480.54,961.08,UPI,CUST0472
TXN005068,9/26/2025,Winter Jacket,Clothing,West,Offline,1,2900.92,2900.92,Credit Card,CUST0082
TXN004987,9/26/2025,Body Lotion,Beauty & Personal Care,East,Offline,2,294.7,589.4,UPI,CUST0500
TXN002570,9/27/2025,Bluetooth Speaker,Electronics,East,Online,3,2913.79,8741.37,Cash,CUST0160
TXN000042,9/27/2025,Bluetooth Speaker,Electronics,West,Online,1,2216.22,2216.22,Net Banking,CUST0492
TXN000570,9/27/2025,Perfume 100ml,Beauty & Personal Care,East,Online,5,1739.77,8698.85,Cash,CUST0698
TXN004787,9/27/2025,Sunflower Oil 1L,Grocery,East,Online,3,136.96,410.88,Cash,CUST0453
TXN002669,9/27/2025,Hair Oil,Beauty & Personal Care,West,Online,5,127.97,639.85,Credit Card,CUST0689
TXN005256,9/27/2025,Mixer Grinder,Home & Kitchen,East,Offline,3,4476.72,13430.16,UPI,CUST0035
TXN004000,9/27/2025,Water Bottle,Home & Kitchen,North,Online,1,335.76,335.76,Credit Card,CUST0808
TXN002870,9/27/2025,Pressure Cooker,Home & Kitchen,North,Online,1,1594.2,1594.2,Cash,CUST0114
TXN005314,9/27/2025,Laptop Bag,Electronics,West,Offline,2,1193.24,2386.48,UPI,CUST0321
TXN005582,9/27/2025,Toor Dal 1kg,Grocery,West,Offline,3,118.05,354.15,Credit Card,CUST0442
TXN003017,9/27/2025,Hair Oil,Beauty & Personal Care,North,Offline,1,249.69,249.69,UPI,CUST0643
TXN002514,9/27/2025,Perfume 100ml,Beauty & Personal Care,South,Online,1,823.81,823.81,UPI,CUST0328
TXN000248,9/27/2025,Winter Jacket,Clothing,West,Offline,3,2873.02,8619.06,Cash,CUST0560
TXN003087,9/27/2025,Pressure Cooker,Home & Kitchen,North,Offline,4,1485.68,5942.72,Cash,CUST0092
TXN000197,9/27/2025,Sunflower Oil 1L,Grocery,East,Online,2,133.88,267.76,UPI,CUST0211
TXN001457,9/27/2025,Perfume 100ml,Beauty & Personal Care,North,Online,1,897.31,897.31,UPI,CUST0804
TXN003380,9/28/2025,Wheat Flour 5kg,Grocery,North,Offline,1,212.76,212.76,UPI,CUST0365
TXN000081,9/28/2025,LED TV 32in,Electronics,South,Online,2,14800.95,29601.9,Net Banking,CUST0306
TXN003099,9/28/2025,Water Bottle,Home & Kitchen,West,Offline,3,354.8,1064.4,Credit Card,CUST0476
TXN003645,9/28/2025,Non-Stick Pan,Home & Kitchen,East,Online,4,420.07,1680.28,UPI,CUST0369
TXN000323,9/28/2025,Formal Shirt,Clothing,South,Online,1,1327.21,1327.21,UPI,CUST0397
TXN002381,9/28/2025,LED TV 32in,Electronics,North,Offline,2,15515.25,31030.5,Cash,CUST0412
TXN005307,9/28/2025,Men's T-Shirt,Clothing,East,Online,1,794.74,794.74,Cash,CUST0243
TXN003674,9/28/2025,Formal Shirt,Clothing,North,Online,1,1001.14,1001.14,Credit Card,CUST0676
TXN002240,9/28/2025,Sunscreen SPF50,Beauty & Personal Care,South,Offline,1,362.18,362.18,Credit Card,CUST0066
TXN002093,9/28/2025,Water Bottle,Home & Kitchen,North,Offline,1,347.56,347.56,Credit Card,CUST0490
TXN000825,9/28/2025,Bluetooth Speaker,Electronics,South,Online,1,1671.86,1671.86,Cash,CUST0595
TXN000023,9/28/2025,Women's Kurti,Clothing,East,Online,2,507.19,1014.38,UPI,CUST0797
TXN001549,9/28/2025,Pressure Cooker,Home & Kitchen,South,Offline,1,2417.12,2417.12,Credit Card,CUST0054
TXN004320,9/28/2025,Wheat Flour 5kg,Grocery,East,Online,2,250.79,501.58,Cash,CUST0054
TXN000994,9/28/2025,Water Bottle,Home & Kitchen,East,Online,1,370.54,370.54,Credit Card,CUST0194
TXN003532,9/28/2025,Sugar 1kg,Grocery,North,Offline,2,54.83,109.66,Credit Card,CUST0488
TXN004981,9/28/2025,Sunflower Oil 1L,Grocery,North,Offline,1,159.59,159.59,Credit Card,CUST0194
TXN001721,9/28/2025,Non-Stick Pan,Home & Kitchen,West,Offline,3,1127.73,3383.19,Net Banking,CUST0706
TXN005883,9/28/2025,Smartwatch,Electronics,West,Offline,1,3258.31,3258.31,Credit Card,CUST0454
TXN003249,9/28/2025,Pressure Cooker,Home & Kitchen,West,Online,3,1824.41,5473.23,Credit Card,CUST0644
TXN002347,9/28/2025,Women's Kurti,Clothing,North,Online,1,553.39,553.39,UPI,CUST0452
TXN004149,9/28/2025,Sunscreen SPF50,Beauty & Personal Care,East,Online,1,661.88,661.88,Credit Card,CUST0306
TXN005197,9/29/2025,Kids Hoodie,Clothing,North,Offline,1,648.2,648.2,UPI,CUST0052
TXN005240,9/29/2025,Tea Powder 500g,Grocery,South,Offline,2,228.94,457.88,Cash,CUST0716
TXN001675,9/29/2025,Basmati Rice 5kg,Grocery,West,Offline,2,554.74,1109.48,Credit Card,CUST0218
TXN002519,9/29/2025,Pressure Cooker,Home & Kitchen,South,Online,5,1941.8,9709,UPI,CUST0221
TXN000516,9/29/2025,Formal Shirt,Clothing,South,Offline,1,1233.79,1233.79,Cash,CUST0830
TXN005048,9/29/2025,Laptop Bag,Electronics,South,Online,1,1051.99,1051.99,UPI,CUST0008
TXN003640,9/29/2025,LED TV 32in,Electronics,South,Online,1,12951.92,12951.92,UPI,CUST0082
TXN004478,9/29/2025,Sunscreen SPF50,Beauty & Personal Care,East,Online,1,575.76,575.76,Net Banking,CUST0312
TXN000454,9/29/2025,Formal Shirt,Clothing,South,Online,4,1312.74,5250.96,UPI,CUST0636
TXN002691,9/29/2025,Bed Sheet Set,Home & Kitchen,East,Online,1,1644.17,1644.17,UPI,CUST0848
TXN004125,9/29/2025,Sunscreen SPF50,Beauty & Personal Care,South,Online,1,485.69,485.69,Credit Card,CUST0824
TXN000851,9/29/2025,Sunflower Oil 1L,Grocery,South,Offline,3,154.2,462.6,UPI,CUST0479
TXN005662,9/29/2025,Winter Jacket,Clothing,East,Online,1,3017.65,3017.65,Credit Card,CUST0293
TXN001083,9/29/2025,Bed Sheet Set,Home & Kitchen,West,Online,1,900.73,900.73,Credit Card,CUST0416
TXN004232,9/29/2025,Power Bank 10000mAh,Electronics,North,Online,2,1143.82,2287.64,UPI,CUST0468
TXN000666,9/29/2025,Basmati Rice 5kg,Grocery,East,Offline,1,483.25,483.25,UPI,CUST0391
TXN005367,9/29/2025,Denim Jeans,Clothing,South,Offline,2,1797.33,3594.66,Credit Card,CUST0877
TXN005849,9/29/2025,Kids Hoodie,Clothing,North,Offline,4,976.95,3907.8,Credit Card,CUST0892
TXN004058,9/29/2025,Shampoo 400ml,Beauty & Personal Care,South,Online,2,245.98,491.96,Cash,CUST0537
TXN001077,9/30/2025,Face Wash,Beauty & Personal Care,North,Online,2,360.09,720.18,Net Banking,CUST0243
TXN003494,9/30/2025,LED Bulb Pack,Home & Kitchen,North,Offline,4,359.83,1439.32,UPI,CUST0047
TXN004646,9/30/2025,Pressure Cooker,Home & Kitchen,West,Offline,1,2245.55,2245.55,UPI,CUST0070
TXN002170,9/30/2025,Sugar 1kg,Grocery,North,Offline,1,57.34,57.34,Cash,CUST0576
TXN002360,9/30/2025,Toor Dal 1kg,Grocery,South,Offline,2,131.86,263.72,Net Banking,CUST0799
TXN003066,9/30/2025,Tea Powder 500g,Grocery,North,Online,2,271.7,543.4,Credit Card,CUST0706
TXN003294,9/30/2025,Water Bottle,Home & Kitchen,North,Offline,2,474.77,949.54,Credit Card,CUST0646
TXN005119,9/30/2025,Wireless Earbuds,Electronics,North,Online,2,3597.39,7194.78,Credit Card,CUST0486
TXN005622,9/30/2025,Sugar 1kg,Grocery,East,Offline,2,49.59,99.18,Credit Card,CUST0200
TXN001279,9/30/2025,LED Bulb Pack,Home & Kitchen,East,Online,1,170.43,170.43,Credit Card,CUST0596
TXN000193,9/30/2025,Shampoo 400ml,Beauty & Personal Care,South,Online,1,478.97,478.97,Cash,CUST0527
TXN002920,9/30/2025,Wireless Earbuds,Electronics,South,Online,1,2045.26,2045.26,Net Banking,CUST0438
TXN001930,9/30/2025,Wireless Earbuds,Electronics,West,Online,1,1214.04,1214.04,UPI,CUST0034
TXN003606,9/30/2025,Denim Jeans,Clothing,East,Online,1,858.44,858.44,Credit Card,CUST0262
TXN001754,9/30/2025,LED Bulb Pack,Home & Kitchen,West,Offline,2,211.5,423,Credit Card,CUST0052
TXN003279,9/30/2025,Bluetooth Speaker,Electronics,North,Online,1,2532.03,2532.03,UPI,CUST0297
TXN001994,9/30/2025,Men's T-Shirt,Clothing,East,Offline,2,815.55,1631.1,UPI,CUST0555
TXN000352,9/30/2025,Non-Stick Pan,Home & Kitchen,South,Offline,4,599.74,2398.96,Credit Card,CUST0442
